CRITICAL - 2025-04-01 11:40:52 --> Error: Call to undefined function ImageCreate()
[Method: GET, Route: admin/incele]
in APPPATH\Libraries\phpqrcode\qrimage.php on line 74.
 1 APPPATH\Libraries\phpqrcode\qrimage.php(32): QRimage::image([...], 10, 4, 16777215, 0)
 2 APPPATH\Libraries\phpqrcode\qrencode.php(513): QRimage::png([...], null, 10, 4, false, 16777215, 0)
 3 APPPATH\Libraries\phpqrcode\qrencode.php(286): QRencode->encodePNG('https://www.sarkod.com.tr/?siparis_id=34', null, false)
 4 APPPATH\Controllers\SiparisInceleController.php(42): QRcode::png('https://www.sarkod.com.tr/?siparis_id=34', null, 0, 10)
 5 SYSTEMPATH\CodeIgniter.php(933): App\Controllers\SiparisInceleController->index()
 6 SYSTEMPATH\CodeIgniter.php(509): CodeIgniter\CodeIgniter->runController(Object(App\Controllers\SiparisInceleController))
 7 SYSTEMPATH\CodeIgniter.php(355): CodeIgniter\CodeIgniter->handleRequest(null, Object(Config\Cache), false)
 8 SYSTEMPATH\Boot.php(325): CodeIgniter\CodeIgniter->run()
 9 SYSTEMPATH\Boot.php(67): CodeIgniter\Boot::runCodeIgniter(Object(CodeIgniter\CodeIgniter))
10 FCPATH\index.php(56): CodeIgniter\Boot::bootWeb(Object(Config\Paths))
CRITICAL - 2025-04-01 11:41:04 --> Error: Call to undefined function ImageCreate()
[Method: GET, Route: admin/incele]
in APPPATH\Libraries\phpqrcode\qrimage.php on line 74.
 1 APPPATH\Libraries\phpqrcode\qrimage.php(32): QRimage::image([...], 10, 4, 16777215, 0)
 2 APPPATH\Libraries\phpqrcode\qrencode.php(513): QRimage::png([...], null, 10, 4, false, 16777215, 0)
 3 APPPATH\Libraries\phpqrcode\qrencode.php(286): QRencode->encodePNG('https://www.sarkod.com.tr/?siparis_id=34', null, false)
 4 APPPATH\Controllers\SiparisInceleController.php(42): QRcode::png('https://www.sarkod.com.tr/?siparis_id=34', null, 0, 10)
 5 SYSTEMPATH\CodeIgniter.php(933): App\Controllers\SiparisInceleController->index()
 6 SYSTEMPATH\CodeIgniter.php(509): CodeIgniter\CodeIgniter->runController(Object(App\Controllers\SiparisInceleController))
 7 SYSTEMPATH\CodeIgniter.php(355): CodeIgniter\CodeIgniter->handleRequest(null, Object(Config\Cache), false)
 8 SYSTEMPATH\Boot.php(325): CodeIgniter\CodeIgniter->run()
 9 SYSTEMPATH\Boot.php(67): CodeIgniter\Boot::runCodeIgniter(Object(CodeIgniter\CodeIgniter))
10 FCPATH\index.php(56): CodeIgniter\Boot::bootWeb(Object(Config\Paths))
CRITICAL - 2025-04-01 11:41:34 --> Error: Call to undefined function ImageCreate()
[Method: GET, Route: admin/incele]
in APPPATH\Libraries\phpqrcode\qrimage.php on line 74.
 1 APPPATH\Libraries\phpqrcode\qrimage.php(32): QRimage::image([...], 10, 4, 16777215, 0)
 2 APPPATH\Libraries\phpqrcode\qrencode.php(513): QRimage::png([...], null, 10, 4, false, 16777215, 0)
 3 APPPATH\Libraries\phpqrcode\qrencode.php(286): QRencode->encodePNG('https://www.sarkod.com.tr/?siparis_id=34', null, false)
 4 APPPATH\Controllers\SiparisInceleController.php(42): QRcode::png('https://www.sarkod.com.tr/?siparis_id=34', null, 0, 10)
 5 SYSTEMPATH\CodeIgniter.php(933): App\Controllers\SiparisInceleController->index()
 6 SYSTEMPATH\CodeIgniter.php(509): CodeIgniter\CodeIgniter->runController(Object(App\Controllers\SiparisInceleController))
 7 SYSTEMPATH\CodeIgniter.php(355): CodeIgniter\CodeIgniter->handleRequest(null, Object(Config\Cache), false)
 8 SYSTEMPATH\Boot.php(325): CodeIgniter\CodeIgniter->run()
 9 SYSTEMPATH\Boot.php(67): CodeIgniter\Boot::runCodeIgniter(Object(CodeIgniter\CodeIgniter))
10 FCPATH\index.php(56): CodeIgniter\Boot::bootWeb(Object(Config\Paths))
CRITICAL - 2025-04-01 11:41:35 --> Error: Call to undefined function ImageCreate()
[Method: GET, Route: admin/incele]
in APPPATH\Libraries\phpqrcode\qrimage.php on line 74.
 1 APPPATH\Libraries\phpqrcode\qrimage.php(32): QRimage::image([...], 10, 4, 16777215, 0)
 2 APPPATH\Libraries\phpqrcode\qrencode.php(513): QRimage::png([...], null, 10, 4, false, 16777215, 0)
 3 APPPATH\Libraries\phpqrcode\qrencode.php(286): QRencode->encodePNG('https://www.sarkod.com.tr/?siparis_id=34', null, false)
 4 APPPATH\Controllers\SiparisInceleController.php(42): QRcode::png('https://www.sarkod.com.tr/?siparis_id=34', null, 0, 10)
 5 SYSTEMPATH\CodeIgniter.php(933): App\Controllers\SiparisInceleController->index()
 6 SYSTEMPATH\CodeIgniter.php(509): CodeIgniter\CodeIgniter->runController(Object(App\Controllers\SiparisInceleController))
 7 SYSTEMPATH\CodeIgniter.php(355): CodeIgniter\CodeIgniter->handleRequest(null, Object(Config\Cache), false)
 8 SYSTEMPATH\Boot.php(325): CodeIgniter\CodeIgniter->run()
 9 SYSTEMPATH\Boot.php(67): CodeIgniter\Boot::runCodeIgniter(Object(CodeIgniter\CodeIgniter))
10 FCPATH\index.php(56): CodeIgniter\Boot::bootWeb(Object(Config\Paths))
CRITICAL - 2025-04-01 11:41:36 --> Error: Call to undefined function ImageCreate()
[Method: GET, Route: admin/incele]
in APPPATH\Libraries\phpqrcode\qrimage.php on line 74.
 1 APPPATH\Libraries\phpqrcode\qrimage.php(32): QRimage::image([...], 10, 4, 16777215, 0)
 2 APPPATH\Libraries\phpqrcode\qrencode.php(513): QRimage::png([...], null, 10, 4, false, 16777215, 0)
 3 APPPATH\Libraries\phpqrcode\qrencode.php(286): QRencode->encodePNG('https://www.sarkod.com.tr/?siparis_id=34', null, false)
 4 APPPATH\Controllers\SiparisInceleController.php(42): QRcode::png('https://www.sarkod.com.tr/?siparis_id=34', null, 0, 10)
 5 SYSTEMPATH\CodeIgniter.php(933): App\Controllers\SiparisInceleController->index()
 6 SYSTEMPATH\CodeIgniter.php(509): CodeIgniter\CodeIgniter->runController(Object(App\Controllers\SiparisInceleController))
 7 SYSTEMPATH\CodeIgniter.php(355): CodeIgniter\CodeIgniter->handleRequest(null, Object(Config\Cache), false)
 8 SYSTEMPATH\Boot.php(325): CodeIgniter\CodeIgniter->run()
 9 SYSTEMPATH\Boot.php(67): CodeIgniter\Boot::runCodeIgniter(Object(CodeIgniter\CodeIgniter))
10 FCPATH\index.php(56): CodeIgniter\Boot::bootWeb(Object(Config\Paths))
CRITICAL - 2025-04-01 11:41:36 --> Error: Call to undefined function ImageCreate()
[Method: GET, Route: admin/incele]
in APPPATH\Libraries\phpqrcode\qrimage.php on line 74.
 1 APPPATH\Libraries\phpqrcode\qrimage.php(32): QRimage::image([...], 10, 4, 16777215, 0)
 2 APPPATH\Libraries\phpqrcode\qrencode.php(513): QRimage::png([...], null, 10, 4, false, 16777215, 0)
 3 APPPATH\Libraries\phpqrcode\qrencode.php(286): QRencode->encodePNG('https://www.sarkod.com.tr/?siparis_id=34', null, false)
 4 APPPATH\Controllers\SiparisInceleController.php(42): QRcode::png('https://www.sarkod.com.tr/?siparis_id=34', null, 0, 10)
 5 SYSTEMPATH\CodeIgniter.php(933): App\Controllers\SiparisInceleController->index()
 6 SYSTEMPATH\CodeIgniter.php(509): CodeIgniter\CodeIgniter->runController(Object(App\Controllers\SiparisInceleController))
 7 SYSTEMPATH\CodeIgniter.php(355): CodeIgniter\CodeIgniter->handleRequest(null, Object(Config\Cache), false)
 8 SYSTEMPATH\Boot.php(325): CodeIgniter\CodeIgniter->run()
 9 SYSTEMPATH\Boot.php(67): CodeIgniter\Boot::runCodeIgniter(Object(CodeIgniter\CodeIgniter))
10 FCPATH\index.php(56): CodeIgniter\Boot::bootWeb(Object(Config\Paths))
CRITICAL - 2025-04-01 11:41:37 --> Error: Call to undefined function ImageCreate()
[Method: GET, Route: admin/incele]
in APPPATH\Libraries\phpqrcode\qrimage.php on line 74.
 1 APPPATH\Libraries\phpqrcode\qrimage.php(32): QRimage::image([...], 10, 4, 16777215, 0)
 2 APPPATH\Libraries\phpqrcode\qrencode.php(513): QRimage::png([...], null, 10, 4, false, 16777215, 0)
 3 APPPATH\Libraries\phpqrcode\qrencode.php(286): QRencode->encodePNG('https://www.sarkod.com.tr/?siparis_id=34', null, false)
 4 APPPATH\Controllers\SiparisInceleController.php(42): QRcode::png('https://www.sarkod.com.tr/?siparis_id=34', null, 0, 10)
 5 SYSTEMPATH\CodeIgniter.php(933): App\Controllers\SiparisInceleController->index()
 6 SYSTEMPATH\CodeIgniter.php(509): CodeIgniter\CodeIgniter->runController(Object(App\Controllers\SiparisInceleController))
 7 SYSTEMPATH\CodeIgniter.php(355): CodeIgniter\CodeIgniter->handleRequest(null, Object(Config\Cache), false)
 8 SYSTEMPATH\Boot.php(325): CodeIgniter\CodeIgniter->run()
 9 SYSTEMPATH\Boot.php(67): CodeIgniter\Boot::runCodeIgniter(Object(CodeIgniter\CodeIgniter))
10 FCPATH\index.php(56): CodeIgniter\Boot::bootWeb(Object(Config\Paths))
CRITICAL - 2025-04-01 11:41:38 --> Error: Call to undefined function ImageCreate()
[Method: GET, Route: admin/incele]
in APPPATH\Libraries\phpqrcode\qrimage.php on line 74.
 1 APPPATH\Libraries\phpqrcode\qrimage.php(32): QRimage::image([...], 10, 4, 16777215, 0)
 2 APPPATH\Libraries\phpqrcode\qrencode.php(513): QRimage::png([...], null, 10, 4, false, 16777215, 0)
 3 APPPATH\Libraries\phpqrcode\qrencode.php(286): QRencode->encodePNG('https://www.sarkod.com.tr/?siparis_id=34', null, false)
 4 APPPATH\Controllers\SiparisInceleController.php(42): QRcode::png('https://www.sarkod.com.tr/?siparis_id=34', null, 0, 10)
 5 SYSTEMPATH\CodeIgniter.php(933): App\Controllers\SiparisInceleController->index()
 6 SYSTEMPATH\CodeIgniter.php(509): CodeIgniter\CodeIgniter->runController(Object(App\Controllers\SiparisInceleController))
 7 SYSTEMPATH\CodeIgniter.php(355): CodeIgniter\CodeIgniter->handleRequest(null, Object(Config\Cache), false)
 8 SYSTEMPATH\Boot.php(325): CodeIgniter\CodeIgniter->run()
 9 SYSTEMPATH\Boot.php(67): CodeIgniter\Boot::runCodeIgniter(Object(CodeIgniter\CodeIgniter))
10 FCPATH\index.php(56): CodeIgniter\Boot::bootWeb(Object(Config\Paths))
CRITICAL - 2025-04-01 11:41:44 --> Error: Call to undefined function ImageCreate()
[Method: GET, Route: admin/incele]
in APPPATH\Libraries\phpqrcode\qrimage.php on line 74.
 1 APPPATH\Libraries\phpqrcode\qrimage.php(32): QRimage::image([...], 10, 4, 16777215, 0)
 2 APPPATH\Libraries\phpqrcode\qrencode.php(513): QRimage::png([...], null, 10, 4, false, 16777215, 0)
 3 APPPATH\Libraries\phpqrcode\qrencode.php(286): QRencode->encodePNG('https://www.sarkod.com.tr/?siparis_id=34', null, false)
 4 APPPATH\Controllers\SiparisInceleController.php(42): QRcode::png('https://www.sarkod.com.tr/?siparis_id=34', null, 0, 10)
 5 SYSTEMPATH\CodeIgniter.php(933): App\Controllers\SiparisInceleController->index()
 6 SYSTEMPATH\CodeIgniter.php(509): CodeIgniter\CodeIgniter->runController(Object(App\Controllers\SiparisInceleController))
 7 SYSTEMPATH\CodeIgniter.php(355): CodeIgniter\CodeIgniter->handleRequest(null, Object(Config\Cache), false)
 8 SYSTEMPATH\Boot.php(325): CodeIgniter\CodeIgniter->run()
 9 SYSTEMPATH\Boot.php(67): CodeIgniter\Boot::runCodeIgniter(Object(CodeIgniter\CodeIgniter))
10 FCPATH\index.php(56): CodeIgniter\Boot::bootWeb(Object(Config\Paths))
CRITICAL - 2025-04-01 11:41:44 --> Error: Call to undefined function ImageCreate()
[Method: GET, Route: admin/incele]
in APPPATH\Libraries\phpqrcode\qrimage.php on line 74.
 1 APPPATH\Libraries\phpqrcode\qrimage.php(32): QRimage::image([...], 10, 4, 16777215, 0)
 2 APPPATH\Libraries\phpqrcode\qrencode.php(513): QRimage::png([...], null, 10, 4, false, 16777215, 0)
 3 APPPATH\Libraries\phpqrcode\qrencode.php(286): QRencode->encodePNG('https://www.sarkod.com.tr/?siparis_id=34', null, false)
 4 APPPATH\Controllers\SiparisInceleController.php(42): QRcode::png('https://www.sarkod.com.tr/?siparis_id=34', null, 0, 10)
 5 SYSTEMPATH\CodeIgniter.php(933): App\Controllers\SiparisInceleController->index()
 6 SYSTEMPATH\CodeIgniter.php(509): CodeIgniter\CodeIgniter->runController(Object(App\Controllers\SiparisInceleController))
 7 SYSTEMPATH\CodeIgniter.php(355): CodeIgniter\CodeIgniter->handleRequest(null, Object(Config\Cache), false)
 8 SYSTEMPATH\Boot.php(325): CodeIgniter\CodeIgniter->run()
 9 SYSTEMPATH\Boot.php(67): CodeIgniter\Boot::runCodeIgniter(Object(CodeIgniter\CodeIgniter))
10 FCPATH\index.php(56): CodeIgniter\Boot::bootWeb(Object(Config\Paths))
CRITICAL - 2025-04-01 11:41:45 --> Error: Call to undefined function ImageCreate()
[Method: GET, Route: admin/incele]
in APPPATH\Libraries\phpqrcode\qrimage.php on line 74.
 1 APPPATH\Libraries\phpqrcode\qrimage.php(32): QRimage::image([...], 10, 4, 16777215, 0)
 2 APPPATH\Libraries\phpqrcode\qrencode.php(513): QRimage::png([...], null, 10, 4, false, 16777215, 0)
 3 APPPATH\Libraries\phpqrcode\qrencode.php(286): QRencode->encodePNG('https://www.sarkod.com.tr/?siparis_id=34', null, false)
 4 APPPATH\Controllers\SiparisInceleController.php(42): QRcode::png('https://www.sarkod.com.tr/?siparis_id=34', null, 0, 10)
 5 SYSTEMPATH\CodeIgniter.php(933): App\Controllers\SiparisInceleController->index()
 6 SYSTEMPATH\CodeIgniter.php(509): CodeIgniter\CodeIgniter->runController(Object(App\Controllers\SiparisInceleController))
 7 SYSTEMPATH\CodeIgniter.php(355): CodeIgniter\CodeIgniter->handleRequest(null, Object(Config\Cache), false)
 8 SYSTEMPATH\Boot.php(325): CodeIgniter\CodeIgniter->run()
 9 SYSTEMPATH\Boot.php(67): CodeIgniter\Boot::runCodeIgniter(Object(CodeIgniter\CodeIgniter))
10 FCPATH\index.php(56): CodeIgniter\Boot::bootWeb(Object(Config\Paths))
WARNING - 2025-04-01 11:44:39 --> [DEPRECATED] Optional parameter $filename declared before required parameter $fore_color is implicitly treated as a required parameter in APPPATH\Libraries\phpqrcode\qrimage.php on line 30.
 1 APPPATH\Libraries\phpqrcode\qrlib.php(36): include('C:\\xampp\\htdocs\\sarkod\\system\\Debug\\Exceptions.php')
 2 APPPATH\Controllers\SiparisInceleController.php(8): require_once('C:\\xampp\\htdocs\\sarkod\\app\\Libraries\\phpqrcode\\qrlib.php')
 3 SYSTEMPATH\Autoloader\Autoloader.php(317): include_once('C:\\xampp\\htdocs\\sarkod\\app\\Controllers\\SiparisInceleController.php')
 4 SYSTEMPATH\Autoloader\Autoloader.php(296): CodeIgniter\Autoloader\Autoloader->includeFile('C:\\xampp\\htdocs\\sarkod\\app\\Controllers\\SiparisInceleController.php')
 5 SYSTEMPATH\Autoloader\Autoloader.php(272): CodeIgniter\Autoloader\Autoloader->loadInNamespace('App\\Controllers\\SiparisInceleController')
 6 [internal function]: CodeIgniter\Autoloader\Autoloader->loadClass('App\\Controllers\\SiparisInceleController')
 7 SYSTEMPATH\CodeIgniter.php(887): class_exists('\\App\\Controllers\\SiparisInceleController', true)
 8 SYSTEMPATH\CodeIgniter.php(496): CodeIgniter\CodeIgniter->startController()
 9 SYSTEMPATH\CodeIgniter.php(355): CodeIgniter\CodeIgniter->handleRequest(null, Object(Config\Cache), false)
10 SYSTEMPATH\Boot.php(325): CodeIgniter\CodeIgniter->run()
11 SYSTEMPATH\Boot.php(67): CodeIgniter\Boot::runCodeIgniter(Object(CodeIgniter\CodeIgniter))
12 FCPATH\index.php(56): CodeIgniter\Boot::bootWeb(Object(Config\Paths))
WARNING - 2025-04-01 11:44:39 --> [DEPRECATED] Optional parameter $pixelPerPoint declared before required parameter $fore_color is implicitly treated as a required parameter in APPPATH\Libraries\phpqrcode\qrimage.php on line 0.
 1 APPPATH\Libraries\phpqrcode\qrlib.php(36): include('C:\\xampp\\htdocs\\sarkod\\system\\Debug\\Exceptions.php')
 2 APPPATH\Controllers\SiparisInceleController.php(8): require_once('C:\\xampp\\htdocs\\sarkod\\app\\Libraries\\phpqrcode\\qrlib.php')
 3 SYSTEMPATH\Autoloader\Autoloader.php(317): include_once('C:\\xampp\\htdocs\\sarkod\\app\\Controllers\\SiparisInceleController.php')
 4 SYSTEMPATH\Autoloader\Autoloader.php(296): CodeIgniter\Autoloader\Autoloader->includeFile('C:\\xampp\\htdocs\\sarkod\\app\\Controllers\\SiparisInceleController.php')
 5 SYSTEMPATH\Autoloader\Autoloader.php(272): CodeIgniter\Autoloader\Autoloader->loadInNamespace('App\\Controllers\\SiparisInceleController')
 6 [internal function]: CodeIgniter\Autoloader\Autoloader->loadClass('App\\Controllers\\SiparisInceleController')
 7 SYSTEMPATH\CodeIgniter.php(887): class_exists('\\App\\Controllers\\SiparisInceleController', true)
 8 SYSTEMPATH\CodeIgniter.php(496): CodeIgniter\CodeIgniter->startController()
 9 SYSTEMPATH\CodeIgniter.php(355): CodeIgniter\CodeIgniter->handleRequest(null, Object(Config\Cache), false)
10 SYSTEMPATH\Boot.php(325): CodeIgniter\CodeIgniter->run()
11 SYSTEMPATH\Boot.php(67): CodeIgniter\Boot::runCodeIgniter(Object(CodeIgniter\CodeIgniter))
12 FCPATH\index.php(56): CodeIgniter\Boot::bootWeb(Object(Config\Paths))
WARNING - 2025-04-01 11:44:39 --> [DEPRECATED] Optional parameter $outerFrame declared before required parameter $fore_color is implicitly treated as a required parameter in APPPATH\Libraries\phpqrcode\qrimage.php on line 0.
 1 APPPATH\Libraries\phpqrcode\qrlib.php(36): include('C:\\xampp\\htdocs\\sarkod\\system\\Debug\\Exceptions.php')
 2 APPPATH\Controllers\SiparisInceleController.php(8): require_once('C:\\xampp\\htdocs\\sarkod\\app\\Libraries\\phpqrcode\\qrlib.php')
 3 SYSTEMPATH\Autoloader\Autoloader.php(317): include_once('C:\\xampp\\htdocs\\sarkod\\app\\Controllers\\SiparisInceleController.php')
 4 SYSTEMPATH\Autoloader\Autoloader.php(296): CodeIgniter\Autoloader\Autoloader->includeFile('C:\\xampp\\htdocs\\sarkod\\app\\Controllers\\SiparisInceleController.php')
 5 SYSTEMPATH\Autoloader\Autoloader.php(272): CodeIgniter\Autoloader\Autoloader->loadInNamespace('App\\Controllers\\SiparisInceleController')
 6 [internal function]: CodeIgniter\Autoloader\Autoloader->loadClass('App\\Controllers\\SiparisInceleController')
 7 SYSTEMPATH\CodeIgniter.php(887): class_exists('\\App\\Controllers\\SiparisInceleController', true)
 8 SYSTEMPATH\CodeIgniter.php(496): CodeIgniter\CodeIgniter->startController()
 9 SYSTEMPATH\CodeIgniter.php(355): CodeIgniter\CodeIgniter->handleRequest(null, Object(Config\Cache), false)
10 SYSTEMPATH\Boot.php(325): CodeIgniter\CodeIgniter->run()
11 SYSTEMPATH\Boot.php(67): CodeIgniter\Boot::runCodeIgniter(Object(CodeIgniter\CodeIgniter))
12 FCPATH\index.php(56): CodeIgniter\Boot::bootWeb(Object(Config\Paths))
WARNING - 2025-04-01 11:44:39 --> [DEPRECATED] Optional parameter $saveandprint declared before required parameter $fore_color is implicitly treated as a required parameter in APPPATH\Libraries\phpqrcode\qrimage.php on line 0.
 1 APPPATH\Libraries\phpqrcode\qrlib.php(36): include('C:\\xampp\\htdocs\\sarkod\\system\\Debug\\Exceptions.php')
 2 APPPATH\Controllers\SiparisInceleController.php(8): require_once('C:\\xampp\\htdocs\\sarkod\\app\\Libraries\\phpqrcode\\qrlib.php')
 3 SYSTEMPATH\Autoloader\Autoloader.php(317): include_once('C:\\xampp\\htdocs\\sarkod\\app\\Controllers\\SiparisInceleController.php')
 4 SYSTEMPATH\Autoloader\Autoloader.php(296): CodeIgniter\Autoloader\Autoloader->includeFile('C:\\xampp\\htdocs\\sarkod\\app\\Controllers\\SiparisInceleController.php')
 5 SYSTEMPATH\Autoloader\Autoloader.php(272): CodeIgniter\Autoloader\Autoloader->loadInNamespace('App\\Controllers\\SiparisInceleController')
 6 [internal function]: CodeIgniter\Autoloader\Autoloader->loadClass('App\\Controllers\\SiparisInceleController')
 7 SYSTEMPATH\CodeIgniter.php(887): class_exists('\\App\\Controllers\\SiparisInceleController', true)
 8 SYSTEMPATH\CodeIgniter.php(496): CodeIgniter\CodeIgniter->startController()
 9 SYSTEMPATH\CodeIgniter.php(355): CodeIgniter\CodeIgniter->handleRequest(null, Object(Config\Cache), false)
10 SYSTEMPATH\Boot.php(325): CodeIgniter\CodeIgniter->run()
11 SYSTEMPATH\Boot.php(67): CodeIgniter\Boot::runCodeIgniter(Object(CodeIgniter\CodeIgniter))
12 FCPATH\index.php(56): CodeIgniter\Boot::bootWeb(Object(Config\Paths))
WARNING - 2025-04-01 11:44:39 --> [DEPRECATED] Optional parameter $filename declared before required parameter $fore_color is implicitly treated as a required parameter in APPPATH\Libraries\phpqrcode\qrvect.php on line 140.
 1 APPPATH\Libraries\phpqrcode\qrlib.php(37): include('C:\\xampp\\htdocs\\sarkod\\system\\Debug\\Exceptions.php')
 2 APPPATH\Controllers\SiparisInceleController.php(8): require_once('C:\\xampp\\htdocs\\sarkod\\app\\Libraries\\phpqrcode\\qrlib.php')
 3 SYSTEMPATH\Autoloader\Autoloader.php(317): include_once('C:\\xampp\\htdocs\\sarkod\\app\\Controllers\\SiparisInceleController.php')
 4 SYSTEMPATH\Autoloader\Autoloader.php(296): CodeIgniter\Autoloader\Autoloader->includeFile('C:\\xampp\\htdocs\\sarkod\\app\\Controllers\\SiparisInceleController.php')
 5 SYSTEMPATH\Autoloader\Autoloader.php(272): CodeIgniter\Autoloader\Autoloader->loadInNamespace('App\\Controllers\\SiparisInceleController')
 6 [internal function]: CodeIgniter\Autoloader\Autoloader->loadClass('App\\Controllers\\SiparisInceleController')
 7 SYSTEMPATH\CodeIgniter.php(887): class_exists('\\App\\Controllers\\SiparisInceleController', true)
 8 SYSTEMPATH\CodeIgniter.php(496): CodeIgniter\CodeIgniter->startController()
 9 SYSTEMPATH\CodeIgniter.php(355): CodeIgniter\CodeIgniter->handleRequest(null, Object(Config\Cache), false)
10 SYSTEMPATH\Boot.php(325): CodeIgniter\CodeIgniter->run()
11 SYSTEMPATH\Boot.php(67): CodeIgniter\Boot::runCodeIgniter(Object(CodeIgniter\CodeIgniter))
12 FCPATH\index.php(56): CodeIgniter\Boot::bootWeb(Object(Config\Paths))
WARNING - 2025-04-01 11:44:39 --> [DEPRECATED] Optional parameter $pixelPerPoint declared before required parameter $fore_color is implicitly treated as a required parameter in APPPATH\Libraries\phpqrcode\qrvect.php on line 140.
 1 APPPATH\Libraries\phpqrcode\qrlib.php(37): include('C:\\xampp\\htdocs\\sarkod\\system\\Debug\\Exceptions.php')
 2 APPPATH\Controllers\SiparisInceleController.php(8): require_once('C:\\xampp\\htdocs\\sarkod\\app\\Libraries\\phpqrcode\\qrlib.php')
 3 SYSTEMPATH\Autoloader\Autoloader.php(317): include_once('C:\\xampp\\htdocs\\sarkod\\app\\Controllers\\SiparisInceleController.php')
 4 SYSTEMPATH\Autoloader\Autoloader.php(296): CodeIgniter\Autoloader\Autoloader->includeFile('C:\\xampp\\htdocs\\sarkod\\app\\Controllers\\SiparisInceleController.php')
 5 SYSTEMPATH\Autoloader\Autoloader.php(272): CodeIgniter\Autoloader\Autoloader->loadInNamespace('App\\Controllers\\SiparisInceleController')
 6 [internal function]: CodeIgniter\Autoloader\Autoloader->loadClass('App\\Controllers\\SiparisInceleController')
 7 SYSTEMPATH\CodeIgniter.php(887): class_exists('\\App\\Controllers\\SiparisInceleController', true)
 8 SYSTEMPATH\CodeIgniter.php(496): CodeIgniter\CodeIgniter->startController()
 9 SYSTEMPATH\CodeIgniter.php(355): CodeIgniter\CodeIgniter->handleRequest(null, Object(Config\Cache), false)
10 SYSTEMPATH\Boot.php(325): CodeIgniter\CodeIgniter->run()
11 SYSTEMPATH\Boot.php(67): CodeIgniter\Boot::runCodeIgniter(Object(CodeIgniter\CodeIgniter))
12 FCPATH\index.php(56): CodeIgniter\Boot::bootWeb(Object(Config\Paths))
WARNING - 2025-04-01 11:44:39 --> [DEPRECATED] Optional parameter $outerFrame declared before required parameter $fore_color is implicitly treated as a required parameter in APPPATH\Libraries\phpqrcode\qrvect.php on line 140.
 1 APPPATH\Libraries\phpqrcode\qrlib.php(37): include('C:\\xampp\\htdocs\\sarkod\\system\\Debug\\Exceptions.php')
 2 APPPATH\Controllers\SiparisInceleController.php(8): require_once('C:\\xampp\\htdocs\\sarkod\\app\\Libraries\\phpqrcode\\qrlib.php')
 3 SYSTEMPATH\Autoloader\Autoloader.php(317): include_once('C:\\xampp\\htdocs\\sarkod\\app\\Controllers\\SiparisInceleController.php')
 4 SYSTEMPATH\Autoloader\Autoloader.php(296): CodeIgniter\Autoloader\Autoloader->includeFile('C:\\xampp\\htdocs\\sarkod\\app\\Controllers\\SiparisInceleController.php')
 5 SYSTEMPATH\Autoloader\Autoloader.php(272): CodeIgniter\Autoloader\Autoloader->loadInNamespace('App\\Controllers\\SiparisInceleController')
 6 [internal function]: CodeIgniter\Autoloader\Autoloader->loadClass('App\\Controllers\\SiparisInceleController')
 7 SYSTEMPATH\CodeIgniter.php(887): class_exists('\\App\\Controllers\\SiparisInceleController', true)
 8 SYSTEMPATH\CodeIgniter.php(496): CodeIgniter\CodeIgniter->startController()
 9 SYSTEMPATH\CodeIgniter.php(355): CodeIgniter\CodeIgniter->handleRequest(null, Object(Config\Cache), false)
10 SYSTEMPATH\Boot.php(325): CodeIgniter\CodeIgniter->run()
11 SYSTEMPATH\Boot.php(67): CodeIgniter\Boot::runCodeIgniter(Object(CodeIgniter\CodeIgniter))
12 FCPATH\index.php(56): CodeIgniter\Boot::bootWeb(Object(Config\Paths))
WARNING - 2025-04-01 11:44:39 --> [DEPRECATED] Optional parameter $saveandprint declared before required parameter $fore_color is implicitly treated as a required parameter in APPPATH\Libraries\phpqrcode\qrvect.php on line 140.
 1 APPPATH\Libraries\phpqrcode\qrlib.php(37): include('C:\\xampp\\htdocs\\sarkod\\system\\Debug\\Exceptions.php')
 2 APPPATH\Controllers\SiparisInceleController.php(8): require_once('C:\\xampp\\htdocs\\sarkod\\app\\Libraries\\phpqrcode\\qrlib.php')
 3 SYSTEMPATH\Autoloader\Autoloader.php(317): include_once('C:\\xampp\\htdocs\\sarkod\\app\\Controllers\\SiparisInceleController.php')
 4 SYSTEMPATH\Autoloader\Autoloader.php(296): CodeIgniter\Autoloader\Autoloader->includeFile('C:\\xampp\\htdocs\\sarkod\\app\\Controllers\\SiparisInceleController.php')
 5 SYSTEMPATH\Autoloader\Autoloader.php(272): CodeIgniter\Autoloader\Autoloader->loadInNamespace('App\\Controllers\\SiparisInceleController')
 6 [internal function]: CodeIgniter\Autoloader\Autoloader->loadClass('App\\Controllers\\SiparisInceleController')
 7 SYSTEMPATH\CodeIgniter.php(887): class_exists('\\App\\Controllers\\SiparisInceleController', true)
 8 SYSTEMPATH\CodeIgniter.php(496): CodeIgniter\CodeIgniter->startController()
 9 SYSTEMPATH\CodeIgniter.php(355): CodeIgniter\CodeIgniter->handleRequest(null, Object(Config\Cache), false)
10 SYSTEMPATH\Boot.php(325): CodeIgniter\CodeIgniter->run()
11 SYSTEMPATH\Boot.php(67): CodeIgniter\Boot::runCodeIgniter(Object(CodeIgniter\CodeIgniter))
12 FCPATH\index.php(56): CodeIgniter\Boot::bootWeb(Object(Config\Paths))
INFO - 2025-04-01 11:44:39 --> Session: Class initialized using 'CodeIgniter\Session\Handlers\FileHandler' driver.
WARNING - 2025-04-01 11:44:39 --> [DEPRECATED] Creation of dynamic property QRencode::$cmyk is deprecated in APPPATH\Libraries\phpqrcode\qrencode.php on line 434.
 1 APPPATH\Libraries\phpqrcode\qrencode.php(285): QRencode::factory(0, 10, 4, 16777215, 0)
 2 APPPATH\Controllers\SiparisInceleController.php(42): QRcode::png('https://www.sarkod.com.tr/?siparis_id=34', null, 0, 10)
 3 SYSTEMPATH\CodeIgniter.php(933): App\Controllers\SiparisInceleController->index()
 4 SYSTEMPATH\CodeIgniter.php(509): CodeIgniter\CodeIgniter->runController(Object(App\Controllers\SiparisInceleController))
 5 SYSTEMPATH\CodeIgniter.php(355): CodeIgniter\CodeIgniter->handleRequest(null, Object(Config\Cache), false)
 6 SYSTEMPATH\Boot.php(325): CodeIgniter\CodeIgniter->run()
 7 SYSTEMPATH\Boot.php(67): CodeIgniter\Boot::runCodeIgniter(Object(CodeIgniter\CodeIgniter))
 8 FCPATH\index.php(56): CodeIgniter\Boot::bootWeb(Object(Config\Paths))
CRITICAL - 2025-04-01 11:44:39 --> Error: Call to undefined function ImageCreate()
[Method: GET, Route: admin/incele]
in APPPATH\Libraries\phpqrcode\qrimage.php on line 74.
 1 APPPATH\Libraries\phpqrcode\qrimage.php(32): QRimage::image([...], 10, 4, 16777215, 0)
 2 APPPATH\Libraries\phpqrcode\qrencode.php(513): QRimage::png([...], null, 10, 4, false, 16777215, 0)
 3 APPPATH\Libraries\phpqrcode\qrencode.php(286): QRencode->encodePNG('https://www.sarkod.com.tr/?siparis_id=34', null, false)
 4 APPPATH\Controllers\SiparisInceleController.php(42): QRcode::png('https://www.sarkod.com.tr/?siparis_id=34', null, 0, 10)
 5 SYSTEMPATH\CodeIgniter.php(933): App\Controllers\SiparisInceleController->index()
 6 SYSTEMPATH\CodeIgniter.php(509): CodeIgniter\CodeIgniter->runController(Object(App\Controllers\SiparisInceleController))
 7 SYSTEMPATH\CodeIgniter.php(355): CodeIgniter\CodeIgniter->handleRequest(null, Object(Config\Cache), false)
 8 SYSTEMPATH\Boot.php(325): CodeIgniter\CodeIgniter->run()
 9 SYSTEMPATH\Boot.php(67): CodeIgniter\Boot::runCodeIgniter(Object(CodeIgniter\CodeIgniter))
10 FCPATH\index.php(56): CodeIgniter\Boot::bootWeb(Object(Config\Paths))
INFO - 2025-04-01 11:45:47 --> Session: Class initialized using 'CodeIgniter\Session\Handlers\FileHandler' driver.
WARNING - 2025-04-01 11:45:51 --> [DEPRECATED] Optional parameter $filename declared before required parameter $fore_color is implicitly treated as a required parameter in APPPATH\Libraries\phpqrcode\qrimage.php on line 30.
 1 APPPATH\Libraries\phpqrcode\qrlib.php(36): include('C:\\xampp\\htdocs\\sarkod\\system\\Debug\\Exceptions.php')
 2 APPPATH\Controllers\SiparisInceleController.php(8): require_once('C:\\xampp\\htdocs\\sarkod\\app\\Libraries\\phpqrcode\\qrlib.php')
 3 SYSTEMPATH\Autoloader\Autoloader.php(317): include_once('C:\\xampp\\htdocs\\sarkod\\app\\Controllers\\SiparisInceleController.php')
 4 SYSTEMPATH\Autoloader\Autoloader.php(296): CodeIgniter\Autoloader\Autoloader->includeFile('C:\\xampp\\htdocs\\sarkod\\app\\Controllers\\SiparisInceleController.php')
 5 SYSTEMPATH\Autoloader\Autoloader.php(272): CodeIgniter\Autoloader\Autoloader->loadInNamespace('App\\Controllers\\SiparisInceleController')
 6 [internal function]: CodeIgniter\Autoloader\Autoloader->loadClass('App\\Controllers\\SiparisInceleController')
 7 SYSTEMPATH\CodeIgniter.php(887): class_exists('\\App\\Controllers\\SiparisInceleController', true)
 8 SYSTEMPATH\CodeIgniter.php(496): CodeIgniter\CodeIgniter->startController()
 9 SYSTEMPATH\CodeIgniter.php(355): CodeIgniter\CodeIgniter->handleRequest(null, Object(Config\Cache), false)
10 SYSTEMPATH\Boot.php(325): CodeIgniter\CodeIgniter->run()
11 SYSTEMPATH\Boot.php(67): CodeIgniter\Boot::runCodeIgniter(Object(CodeIgniter\CodeIgniter))
12 FCPATH\index.php(56): CodeIgniter\Boot::bootWeb(Object(Config\Paths))
WARNING - 2025-04-01 11:45:51 --> [DEPRECATED] Optional parameter $pixelPerPoint declared before required parameter $fore_color is implicitly treated as a required parameter in APPPATH\Libraries\phpqrcode\qrimage.php on line 0.
 1 APPPATH\Libraries\phpqrcode\qrlib.php(36): include('C:\\xampp\\htdocs\\sarkod\\system\\Debug\\Exceptions.php')
 2 APPPATH\Controllers\SiparisInceleController.php(8): require_once('C:\\xampp\\htdocs\\sarkod\\app\\Libraries\\phpqrcode\\qrlib.php')
 3 SYSTEMPATH\Autoloader\Autoloader.php(317): include_once('C:\\xampp\\htdocs\\sarkod\\app\\Controllers\\SiparisInceleController.php')
 4 SYSTEMPATH\Autoloader\Autoloader.php(296): CodeIgniter\Autoloader\Autoloader->includeFile('C:\\xampp\\htdocs\\sarkod\\app\\Controllers\\SiparisInceleController.php')
 5 SYSTEMPATH\Autoloader\Autoloader.php(272): CodeIgniter\Autoloader\Autoloader->loadInNamespace('App\\Controllers\\SiparisInceleController')
 6 [internal function]: CodeIgniter\Autoloader\Autoloader->loadClass('App\\Controllers\\SiparisInceleController')
 7 SYSTEMPATH\CodeIgniter.php(887): class_exists('\\App\\Controllers\\SiparisInceleController', true)
 8 SYSTEMPATH\CodeIgniter.php(496): CodeIgniter\CodeIgniter->startController()
 9 SYSTEMPATH\CodeIgniter.php(355): CodeIgniter\CodeIgniter->handleRequest(null, Object(Config\Cache), false)
10 SYSTEMPATH\Boot.php(325): CodeIgniter\CodeIgniter->run()
11 SYSTEMPATH\Boot.php(67): CodeIgniter\Boot::runCodeIgniter(Object(CodeIgniter\CodeIgniter))
12 FCPATH\index.php(56): CodeIgniter\Boot::bootWeb(Object(Config\Paths))
WARNING - 2025-04-01 11:45:51 --> [DEPRECATED] Optional parameter $outerFrame declared before required parameter $fore_color is implicitly treated as a required parameter in APPPATH\Libraries\phpqrcode\qrimage.php on line 0.
 1 APPPATH\Libraries\phpqrcode\qrlib.php(36): include('C:\\xampp\\htdocs\\sarkod\\system\\Debug\\Exceptions.php')
 2 APPPATH\Controllers\SiparisInceleController.php(8): require_once('C:\\xampp\\htdocs\\sarkod\\app\\Libraries\\phpqrcode\\qrlib.php')
 3 SYSTEMPATH\Autoloader\Autoloader.php(317): include_once('C:\\xampp\\htdocs\\sarkod\\app\\Controllers\\SiparisInceleController.php')
 4 SYSTEMPATH\Autoloader\Autoloader.php(296): CodeIgniter\Autoloader\Autoloader->includeFile('C:\\xampp\\htdocs\\sarkod\\app\\Controllers\\SiparisInceleController.php')
 5 SYSTEMPATH\Autoloader\Autoloader.php(272): CodeIgniter\Autoloader\Autoloader->loadInNamespace('App\\Controllers\\SiparisInceleController')
 6 [internal function]: CodeIgniter\Autoloader\Autoloader->loadClass('App\\Controllers\\SiparisInceleController')
 7 SYSTEMPATH\CodeIgniter.php(887): class_exists('\\App\\Controllers\\SiparisInceleController', true)
 8 SYSTEMPATH\CodeIgniter.php(496): CodeIgniter\CodeIgniter->startController()
 9 SYSTEMPATH\CodeIgniter.php(355): CodeIgniter\CodeIgniter->handleRequest(null, Object(Config\Cache), false)
10 SYSTEMPATH\Boot.php(325): CodeIgniter\CodeIgniter->run()
11 SYSTEMPATH\Boot.php(67): CodeIgniter\Boot::runCodeIgniter(Object(CodeIgniter\CodeIgniter))
12 FCPATH\index.php(56): CodeIgniter\Boot::bootWeb(Object(Config\Paths))
WARNING - 2025-04-01 11:45:51 --> [DEPRECATED] Optional parameter $saveandprint declared before required parameter $fore_color is implicitly treated as a required parameter in APPPATH\Libraries\phpqrcode\qrimage.php on line 0.
 1 APPPATH\Libraries\phpqrcode\qrlib.php(36): include('C:\\xampp\\htdocs\\sarkod\\system\\Debug\\Exceptions.php')
 2 APPPATH\Controllers\SiparisInceleController.php(8): require_once('C:\\xampp\\htdocs\\sarkod\\app\\Libraries\\phpqrcode\\qrlib.php')
 3 SYSTEMPATH\Autoloader\Autoloader.php(317): include_once('C:\\xampp\\htdocs\\sarkod\\app\\Controllers\\SiparisInceleController.php')
 4 SYSTEMPATH\Autoloader\Autoloader.php(296): CodeIgniter\Autoloader\Autoloader->includeFile('C:\\xampp\\htdocs\\sarkod\\app\\Controllers\\SiparisInceleController.php')
 5 SYSTEMPATH\Autoloader\Autoloader.php(272): CodeIgniter\Autoloader\Autoloader->loadInNamespace('App\\Controllers\\SiparisInceleController')
 6 [internal function]: CodeIgniter\Autoloader\Autoloader->loadClass('App\\Controllers\\SiparisInceleController')
 7 SYSTEMPATH\CodeIgniter.php(887): class_exists('\\App\\Controllers\\SiparisInceleController', true)
 8 SYSTEMPATH\CodeIgniter.php(496): CodeIgniter\CodeIgniter->startController()
 9 SYSTEMPATH\CodeIgniter.php(355): CodeIgniter\CodeIgniter->handleRequest(null, Object(Config\Cache), false)
10 SYSTEMPATH\Boot.php(325): CodeIgniter\CodeIgniter->run()
11 SYSTEMPATH\Boot.php(67): CodeIgniter\Boot::runCodeIgniter(Object(CodeIgniter\CodeIgniter))
12 FCPATH\index.php(56): CodeIgniter\Boot::bootWeb(Object(Config\Paths))
WARNING - 2025-04-01 11:45:51 --> [DEPRECATED] Optional parameter $filename declared before required parameter $fore_color is implicitly treated as a required parameter in APPPATH\Libraries\phpqrcode\qrvect.php on line 140.
 1 APPPATH\Libraries\phpqrcode\qrlib.php(37): include('C:\\xampp\\htdocs\\sarkod\\system\\Debug\\Exceptions.php')
 2 APPPATH\Controllers\SiparisInceleController.php(8): require_once('C:\\xampp\\htdocs\\sarkod\\app\\Libraries\\phpqrcode\\qrlib.php')
 3 SYSTEMPATH\Autoloader\Autoloader.php(317): include_once('C:\\xampp\\htdocs\\sarkod\\app\\Controllers\\SiparisInceleController.php')
 4 SYSTEMPATH\Autoloader\Autoloader.php(296): CodeIgniter\Autoloader\Autoloader->includeFile('C:\\xampp\\htdocs\\sarkod\\app\\Controllers\\SiparisInceleController.php')
 5 SYSTEMPATH\Autoloader\Autoloader.php(272): CodeIgniter\Autoloader\Autoloader->loadInNamespace('App\\Controllers\\SiparisInceleController')
 6 [internal function]: CodeIgniter\Autoloader\Autoloader->loadClass('App\\Controllers\\SiparisInceleController')
 7 SYSTEMPATH\CodeIgniter.php(887): class_exists('\\App\\Controllers\\SiparisInceleController', true)
 8 SYSTEMPATH\CodeIgniter.php(496): CodeIgniter\CodeIgniter->startController()
 9 SYSTEMPATH\CodeIgniter.php(355): CodeIgniter\CodeIgniter->handleRequest(null, Object(Config\Cache), false)
10 SYSTEMPATH\Boot.php(325): CodeIgniter\CodeIgniter->run()
11 SYSTEMPATH\Boot.php(67): CodeIgniter\Boot::runCodeIgniter(Object(CodeIgniter\CodeIgniter))
12 FCPATH\index.php(56): CodeIgniter\Boot::bootWeb(Object(Config\Paths))
WARNING - 2025-04-01 11:45:51 --> [DEPRECATED] Optional parameter $pixelPerPoint declared before required parameter $fore_color is implicitly treated as a required parameter in APPPATH\Libraries\phpqrcode\qrvect.php on line 140.
 1 APPPATH\Libraries\phpqrcode\qrlib.php(37): include('C:\\xampp\\htdocs\\sarkod\\system\\Debug\\Exceptions.php')
 2 APPPATH\Controllers\SiparisInceleController.php(8): require_once('C:\\xampp\\htdocs\\sarkod\\app\\Libraries\\phpqrcode\\qrlib.php')
 3 SYSTEMPATH\Autoloader\Autoloader.php(317): include_once('C:\\xampp\\htdocs\\sarkod\\app\\Controllers\\SiparisInceleController.php')
 4 SYSTEMPATH\Autoloader\Autoloader.php(296): CodeIgniter\Autoloader\Autoloader->includeFile('C:\\xampp\\htdocs\\sarkod\\app\\Controllers\\SiparisInceleController.php')
 5 SYSTEMPATH\Autoloader\Autoloader.php(272): CodeIgniter\Autoloader\Autoloader->loadInNamespace('App\\Controllers\\SiparisInceleController')
 6 [internal function]: CodeIgniter\Autoloader\Autoloader->loadClass('App\\Controllers\\SiparisInceleController')
 7 SYSTEMPATH\CodeIgniter.php(887): class_exists('\\App\\Controllers\\SiparisInceleController', true)
 8 SYSTEMPATH\CodeIgniter.php(496): CodeIgniter\CodeIgniter->startController()
 9 SYSTEMPATH\CodeIgniter.php(355): CodeIgniter\CodeIgniter->handleRequest(null, Object(Config\Cache), false)
10 SYSTEMPATH\Boot.php(325): CodeIgniter\CodeIgniter->run()
11 SYSTEMPATH\Boot.php(67): CodeIgniter\Boot::runCodeIgniter(Object(CodeIgniter\CodeIgniter))
12 FCPATH\index.php(56): CodeIgniter\Boot::bootWeb(Object(Config\Paths))
WARNING - 2025-04-01 11:45:51 --> [DEPRECATED] Optional parameter $outerFrame declared before required parameter $fore_color is implicitly treated as a required parameter in APPPATH\Libraries\phpqrcode\qrvect.php on line 140.
 1 APPPATH\Libraries\phpqrcode\qrlib.php(37): include('C:\\xampp\\htdocs\\sarkod\\system\\Debug\\Exceptions.php')
 2 APPPATH\Controllers\SiparisInceleController.php(8): require_once('C:\\xampp\\htdocs\\sarkod\\app\\Libraries\\phpqrcode\\qrlib.php')
 3 SYSTEMPATH\Autoloader\Autoloader.php(317): include_once('C:\\xampp\\htdocs\\sarkod\\app\\Controllers\\SiparisInceleController.php')
 4 SYSTEMPATH\Autoloader\Autoloader.php(296): CodeIgniter\Autoloader\Autoloader->includeFile('C:\\xampp\\htdocs\\sarkod\\app\\Controllers\\SiparisInceleController.php')
 5 SYSTEMPATH\Autoloader\Autoloader.php(272): CodeIgniter\Autoloader\Autoloader->loadInNamespace('App\\Controllers\\SiparisInceleController')
 6 [internal function]: CodeIgniter\Autoloader\Autoloader->loadClass('App\\Controllers\\SiparisInceleController')
 7 SYSTEMPATH\CodeIgniter.php(887): class_exists('\\App\\Controllers\\SiparisInceleController', true)
 8 SYSTEMPATH\CodeIgniter.php(496): CodeIgniter\CodeIgniter->startController()
 9 SYSTEMPATH\CodeIgniter.php(355): CodeIgniter\CodeIgniter->handleRequest(null, Object(Config\Cache), false)
10 SYSTEMPATH\Boot.php(325): CodeIgniter\CodeIgniter->run()
11 SYSTEMPATH\Boot.php(67): CodeIgniter\Boot::runCodeIgniter(Object(CodeIgniter\CodeIgniter))
12 FCPATH\index.php(56): CodeIgniter\Boot::bootWeb(Object(Config\Paths))
WARNING - 2025-04-01 11:45:51 --> [DEPRECATED] Optional parameter $saveandprint declared before required parameter $fore_color is implicitly treated as a required parameter in APPPATH\Libraries\phpqrcode\qrvect.php on line 140.
 1 APPPATH\Libraries\phpqrcode\qrlib.php(37): include('C:\\xampp\\htdocs\\sarkod\\system\\Debug\\Exceptions.php')
 2 APPPATH\Controllers\SiparisInceleController.php(8): require_once('C:\\xampp\\htdocs\\sarkod\\app\\Libraries\\phpqrcode\\qrlib.php')
 3 SYSTEMPATH\Autoloader\Autoloader.php(317): include_once('C:\\xampp\\htdocs\\sarkod\\app\\Controllers\\SiparisInceleController.php')
 4 SYSTEMPATH\Autoloader\Autoloader.php(296): CodeIgniter\Autoloader\Autoloader->includeFile('C:\\xampp\\htdocs\\sarkod\\app\\Controllers\\SiparisInceleController.php')
 5 SYSTEMPATH\Autoloader\Autoloader.php(272): CodeIgniter\Autoloader\Autoloader->loadInNamespace('App\\Controllers\\SiparisInceleController')
 6 [internal function]: CodeIgniter\Autoloader\Autoloader->loadClass('App\\Controllers\\SiparisInceleController')
 7 SYSTEMPATH\CodeIgniter.php(887): class_exists('\\App\\Controllers\\SiparisInceleController', true)
 8 SYSTEMPATH\CodeIgniter.php(496): CodeIgniter\CodeIgniter->startController()
 9 SYSTEMPATH\CodeIgniter.php(355): CodeIgniter\CodeIgniter->handleRequest(null, Object(Config\Cache), false)
10 SYSTEMPATH\Boot.php(325): CodeIgniter\CodeIgniter->run()
11 SYSTEMPATH\Boot.php(67): CodeIgniter\Boot::runCodeIgniter(Object(CodeIgniter\CodeIgniter))
12 FCPATH\index.php(56): CodeIgniter\Boot::bootWeb(Object(Config\Paths))
INFO - 2025-04-01 11:45:51 --> Session: Class initialized using 'CodeIgniter\Session\Handlers\FileHandler' driver.
WARNING - 2025-04-01 11:45:51 --> [DEPRECATED] Creation of dynamic property QRencode::$cmyk is deprecated in APPPATH\Libraries\phpqrcode\qrencode.php on line 434.
 1 APPPATH\Libraries\phpqrcode\qrencode.php(285): QRencode::factory(0, 10, 4, 16777215, 0)
 2 APPPATH\Controllers\SiparisInceleController.php(42): QRcode::png('https://www.sarkod.com.tr/?siparis_id=55', null, 0, 10)
 3 SYSTEMPATH\CodeIgniter.php(933): App\Controllers\SiparisInceleController->index()
 4 SYSTEMPATH\CodeIgniter.php(509): CodeIgniter\CodeIgniter->runController(Object(App\Controllers\SiparisInceleController))
 5 SYSTEMPATH\CodeIgniter.php(355): CodeIgniter\CodeIgniter->handleRequest(null, Object(Config\Cache), false)
 6 SYSTEMPATH\Boot.php(325): CodeIgniter\CodeIgniter->run()
 7 SYSTEMPATH\Boot.php(67): CodeIgniter\Boot::runCodeIgniter(Object(CodeIgniter\CodeIgniter))
 8 FCPATH\index.php(56): CodeIgniter\Boot::bootWeb(Object(Config\Paths))
CRITICAL - 2025-04-01 11:45:51 --> Error: Call to undefined function ImageCreate()
[Method: GET, Route: admin/incele]
in APPPATH\Libraries\phpqrcode\qrimage.php on line 74.
 1 APPPATH\Libraries\phpqrcode\qrimage.php(32): QRimage::image([...], 10, 4, 16777215, 0)
 2 APPPATH\Libraries\phpqrcode\qrencode.php(513): QRimage::png([...], null, 10, 4, false, 16777215, 0)
 3 APPPATH\Libraries\phpqrcode\qrencode.php(286): QRencode->encodePNG('https://www.sarkod.com.tr/?siparis_id=55', null, false)
 4 APPPATH\Controllers\SiparisInceleController.php(42): QRcode::png('https://www.sarkod.com.tr/?siparis_id=55', null, 0, 10)
 5 SYSTEMPATH\CodeIgniter.php(933): App\Controllers\SiparisInceleController->index()
 6 SYSTEMPATH\CodeIgniter.php(509): CodeIgniter\CodeIgniter->runController(Object(App\Controllers\SiparisInceleController))
 7 SYSTEMPATH\CodeIgniter.php(355): CodeIgniter\CodeIgniter->handleRequest(null, Object(Config\Cache), false)
 8 SYSTEMPATH\Boot.php(325): CodeIgniter\CodeIgniter->run()
 9 SYSTEMPATH\Boot.php(67): CodeIgniter\Boot::runCodeIgniter(Object(CodeIgniter\CodeIgniter))
10 FCPATH\index.php(56): CodeIgniter\Boot::bootWeb(Object(Config\Paths))
WARNING - 2025-04-01 11:45:56 --> [DEPRECATED] Optional parameter $filename declared before required parameter $fore_color is implicitly treated as a required parameter in APPPATH\Libraries\phpqrcode\qrimage.php on line 30.
 1 APPPATH\Libraries\phpqrcode\qrlib.php(36): include('C:\\xampp\\htdocs\\sarkod\\system\\Debug\\Exceptions.php')
 2 APPPATH\Controllers\SiparisInceleController.php(8): require_once('C:\\xampp\\htdocs\\sarkod\\app\\Libraries\\phpqrcode\\qrlib.php')
 3 SYSTEMPATH\Autoloader\Autoloader.php(317): include_once('C:\\xampp\\htdocs\\sarkod\\app\\Controllers\\SiparisInceleController.php')
 4 SYSTEMPATH\Autoloader\Autoloader.php(296): CodeIgniter\Autoloader\Autoloader->includeFile('C:\\xampp\\htdocs\\sarkod\\app\\Controllers\\SiparisInceleController.php')
 5 SYSTEMPATH\Autoloader\Autoloader.php(272): CodeIgniter\Autoloader\Autoloader->loadInNamespace('App\\Controllers\\SiparisInceleController')
 6 [internal function]: CodeIgniter\Autoloader\Autoloader->loadClass('App\\Controllers\\SiparisInceleController')
 7 SYSTEMPATH\CodeIgniter.php(887): class_exists('\\App\\Controllers\\SiparisInceleController', true)
 8 SYSTEMPATH\CodeIgniter.php(496): CodeIgniter\CodeIgniter->startController()
 9 SYSTEMPATH\CodeIgniter.php(355): CodeIgniter\CodeIgniter->handleRequest(null, Object(Config\Cache), false)
10 SYSTEMPATH\Boot.php(325): CodeIgniter\CodeIgniter->run()
11 SYSTEMPATH\Boot.php(67): CodeIgniter\Boot::runCodeIgniter(Object(CodeIgniter\CodeIgniter))
12 FCPATH\index.php(56): CodeIgniter\Boot::bootWeb(Object(Config\Paths))
WARNING - 2025-04-01 11:45:56 --> [DEPRECATED] Optional parameter $pixelPerPoint declared before required parameter $fore_color is implicitly treated as a required parameter in APPPATH\Libraries\phpqrcode\qrimage.php on line 0.
 1 APPPATH\Libraries\phpqrcode\qrlib.php(36): include('C:\\xampp\\htdocs\\sarkod\\system\\Debug\\Exceptions.php')
 2 APPPATH\Controllers\SiparisInceleController.php(8): require_once('C:\\xampp\\htdocs\\sarkod\\app\\Libraries\\phpqrcode\\qrlib.php')
 3 SYSTEMPATH\Autoloader\Autoloader.php(317): include_once('C:\\xampp\\htdocs\\sarkod\\app\\Controllers\\SiparisInceleController.php')
 4 SYSTEMPATH\Autoloader\Autoloader.php(296): CodeIgniter\Autoloader\Autoloader->includeFile('C:\\xampp\\htdocs\\sarkod\\app\\Controllers\\SiparisInceleController.php')
 5 SYSTEMPATH\Autoloader\Autoloader.php(272): CodeIgniter\Autoloader\Autoloader->loadInNamespace('App\\Controllers\\SiparisInceleController')
 6 [internal function]: CodeIgniter\Autoloader\Autoloader->loadClass('App\\Controllers\\SiparisInceleController')
 7 SYSTEMPATH\CodeIgniter.php(887): class_exists('\\App\\Controllers\\SiparisInceleController', true)
 8 SYSTEMPATH\CodeIgniter.php(496): CodeIgniter\CodeIgniter->startController()
 9 SYSTEMPATH\CodeIgniter.php(355): CodeIgniter\CodeIgniter->handleRequest(null, Object(Config\Cache), false)
10 SYSTEMPATH\Boot.php(325): CodeIgniter\CodeIgniter->run()
11 SYSTEMPATH\Boot.php(67): CodeIgniter\Boot::runCodeIgniter(Object(CodeIgniter\CodeIgniter))
12 FCPATH\index.php(56): CodeIgniter\Boot::bootWeb(Object(Config\Paths))
WARNING - 2025-04-01 11:45:56 --> [DEPRECATED] Optional parameter $outerFrame declared before required parameter $fore_color is implicitly treated as a required parameter in APPPATH\Libraries\phpqrcode\qrimage.php on line 0.
 1 APPPATH\Libraries\phpqrcode\qrlib.php(36): include('C:\\xampp\\htdocs\\sarkod\\system\\Debug\\Exceptions.php')
 2 APPPATH\Controllers\SiparisInceleController.php(8): require_once('C:\\xampp\\htdocs\\sarkod\\app\\Libraries\\phpqrcode\\qrlib.php')
 3 SYSTEMPATH\Autoloader\Autoloader.php(317): include_once('C:\\xampp\\htdocs\\sarkod\\app\\Controllers\\SiparisInceleController.php')
 4 SYSTEMPATH\Autoloader\Autoloader.php(296): CodeIgniter\Autoloader\Autoloader->includeFile('C:\\xampp\\htdocs\\sarkod\\app\\Controllers\\SiparisInceleController.php')
 5 SYSTEMPATH\Autoloader\Autoloader.php(272): CodeIgniter\Autoloader\Autoloader->loadInNamespace('App\\Controllers\\SiparisInceleController')
 6 [internal function]: CodeIgniter\Autoloader\Autoloader->loadClass('App\\Controllers\\SiparisInceleController')
 7 SYSTEMPATH\CodeIgniter.php(887): class_exists('\\App\\Controllers\\SiparisInceleController', true)
 8 SYSTEMPATH\CodeIgniter.php(496): CodeIgniter\CodeIgniter->startController()
 9 SYSTEMPATH\CodeIgniter.php(355): CodeIgniter\CodeIgniter->handleRequest(null, Object(Config\Cache), false)
10 SYSTEMPATH\Boot.php(325): CodeIgniter\CodeIgniter->run()
11 SYSTEMPATH\Boot.php(67): CodeIgniter\Boot::runCodeIgniter(Object(CodeIgniter\CodeIgniter))
12 FCPATH\index.php(56): CodeIgniter\Boot::bootWeb(Object(Config\Paths))
WARNING - 2025-04-01 11:45:56 --> [DEPRECATED] Optional parameter $saveandprint declared before required parameter $fore_color is implicitly treated as a required parameter in APPPATH\Libraries\phpqrcode\qrimage.php on line 0.
 1 APPPATH\Libraries\phpqrcode\qrlib.php(36): include('C:\\xampp\\htdocs\\sarkod\\system\\Debug\\Exceptions.php')
 2 APPPATH\Controllers\SiparisInceleController.php(8): require_once('C:\\xampp\\htdocs\\sarkod\\app\\Libraries\\phpqrcode\\qrlib.php')
 3 SYSTEMPATH\Autoloader\Autoloader.php(317): include_once('C:\\xampp\\htdocs\\sarkod\\app\\Controllers\\SiparisInceleController.php')
 4 SYSTEMPATH\Autoloader\Autoloader.php(296): CodeIgniter\Autoloader\Autoloader->includeFile('C:\\xampp\\htdocs\\sarkod\\app\\Controllers\\SiparisInceleController.php')
 5 SYSTEMPATH\Autoloader\Autoloader.php(272): CodeIgniter\Autoloader\Autoloader->loadInNamespace('App\\Controllers\\SiparisInceleController')
 6 [internal function]: CodeIgniter\Autoloader\Autoloader->loadClass('App\\Controllers\\SiparisInceleController')
 7 SYSTEMPATH\CodeIgniter.php(887): class_exists('\\App\\Controllers\\SiparisInceleController', true)
 8 SYSTEMPATH\CodeIgniter.php(496): CodeIgniter\CodeIgniter->startController()
 9 SYSTEMPATH\CodeIgniter.php(355): CodeIgniter\CodeIgniter->handleRequest(null, Object(Config\Cache), false)
10 SYSTEMPATH\Boot.php(325): CodeIgniter\CodeIgniter->run()
11 SYSTEMPATH\Boot.php(67): CodeIgniter\Boot::runCodeIgniter(Object(CodeIgniter\CodeIgniter))
12 FCPATH\index.php(56): CodeIgniter\Boot::bootWeb(Object(Config\Paths))
WARNING - 2025-04-01 11:45:56 --> [DEPRECATED] Optional parameter $filename declared before required parameter $fore_color is implicitly treated as a required parameter in APPPATH\Libraries\phpqrcode\qrvect.php on line 140.
 1 APPPATH\Libraries\phpqrcode\qrlib.php(37): include('C:\\xampp\\htdocs\\sarkod\\system\\Debug\\Exceptions.php')
 2 APPPATH\Controllers\SiparisInceleController.php(8): require_once('C:\\xampp\\htdocs\\sarkod\\app\\Libraries\\phpqrcode\\qrlib.php')
 3 SYSTEMPATH\Autoloader\Autoloader.php(317): include_once('C:\\xampp\\htdocs\\sarkod\\app\\Controllers\\SiparisInceleController.php')
 4 SYSTEMPATH\Autoloader\Autoloader.php(296): CodeIgniter\Autoloader\Autoloader->includeFile('C:\\xampp\\htdocs\\sarkod\\app\\Controllers\\SiparisInceleController.php')
 5 SYSTEMPATH\Autoloader\Autoloader.php(272): CodeIgniter\Autoloader\Autoloader->loadInNamespace('App\\Controllers\\SiparisInceleController')
 6 [internal function]: CodeIgniter\Autoloader\Autoloader->loadClass('App\\Controllers\\SiparisInceleController')
 7 SYSTEMPATH\CodeIgniter.php(887): class_exists('\\App\\Controllers\\SiparisInceleController', true)
 8 SYSTEMPATH\CodeIgniter.php(496): CodeIgniter\CodeIgniter->startController()
 9 SYSTEMPATH\CodeIgniter.php(355): CodeIgniter\CodeIgniter->handleRequest(null, Object(Config\Cache), false)
10 SYSTEMPATH\Boot.php(325): CodeIgniter\CodeIgniter->run()
11 SYSTEMPATH\Boot.php(67): CodeIgniter\Boot::runCodeIgniter(Object(CodeIgniter\CodeIgniter))
12 FCPATH\index.php(56): CodeIgniter\Boot::bootWeb(Object(Config\Paths))
WARNING - 2025-04-01 11:45:56 --> [DEPRECATED] Optional parameter $pixelPerPoint declared before required parameter $fore_color is implicitly treated as a required parameter in APPPATH\Libraries\phpqrcode\qrvect.php on line 140.
 1 APPPATH\Libraries\phpqrcode\qrlib.php(37): include('C:\\xampp\\htdocs\\sarkod\\system\\Debug\\Exceptions.php')
 2 APPPATH\Controllers\SiparisInceleController.php(8): require_once('C:\\xampp\\htdocs\\sarkod\\app\\Libraries\\phpqrcode\\qrlib.php')
 3 SYSTEMPATH\Autoloader\Autoloader.php(317): include_once('C:\\xampp\\htdocs\\sarkod\\app\\Controllers\\SiparisInceleController.php')
 4 SYSTEMPATH\Autoloader\Autoloader.php(296): CodeIgniter\Autoloader\Autoloader->includeFile('C:\\xampp\\htdocs\\sarkod\\app\\Controllers\\SiparisInceleController.php')
 5 SYSTEMPATH\Autoloader\Autoloader.php(272): CodeIgniter\Autoloader\Autoloader->loadInNamespace('App\\Controllers\\SiparisInceleController')
 6 [internal function]: CodeIgniter\Autoloader\Autoloader->loadClass('App\\Controllers\\SiparisInceleController')
 7 SYSTEMPATH\CodeIgniter.php(887): class_exists('\\App\\Controllers\\SiparisInceleController', true)
 8 SYSTEMPATH\CodeIgniter.php(496): CodeIgniter\CodeIgniter->startController()
 9 SYSTEMPATH\CodeIgniter.php(355): CodeIgniter\CodeIgniter->handleRequest(null, Object(Config\Cache), false)
10 SYSTEMPATH\Boot.php(325): CodeIgniter\CodeIgniter->run()
11 SYSTEMPATH\Boot.php(67): CodeIgniter\Boot::runCodeIgniter(Object(CodeIgniter\CodeIgniter))
12 FCPATH\index.php(56): CodeIgniter\Boot::bootWeb(Object(Config\Paths))
WARNING - 2025-04-01 11:45:56 --> [DEPRECATED] Optional parameter $outerFrame declared before required parameter $fore_color is implicitly treated as a required parameter in APPPATH\Libraries\phpqrcode\qrvect.php on line 140.
 1 APPPATH\Libraries\phpqrcode\qrlib.php(37): include('C:\\xampp\\htdocs\\sarkod\\system\\Debug\\Exceptions.php')
 2 APPPATH\Controllers\SiparisInceleController.php(8): require_once('C:\\xampp\\htdocs\\sarkod\\app\\Libraries\\phpqrcode\\qrlib.php')
 3 SYSTEMPATH\Autoloader\Autoloader.php(317): include_once('C:\\xampp\\htdocs\\sarkod\\app\\Controllers\\SiparisInceleController.php')
 4 SYSTEMPATH\Autoloader\Autoloader.php(296): CodeIgniter\Autoloader\Autoloader->includeFile('C:\\xampp\\htdocs\\sarkod\\app\\Controllers\\SiparisInceleController.php')
 5 SYSTEMPATH\Autoloader\Autoloader.php(272): CodeIgniter\Autoloader\Autoloader->loadInNamespace('App\\Controllers\\SiparisInceleController')
 6 [internal function]: CodeIgniter\Autoloader\Autoloader->loadClass('App\\Controllers\\SiparisInceleController')
 7 SYSTEMPATH\CodeIgniter.php(887): class_exists('\\App\\Controllers\\SiparisInceleController', true)
 8 SYSTEMPATH\CodeIgniter.php(496): CodeIgniter\CodeIgniter->startController()
 9 SYSTEMPATH\CodeIgniter.php(355): CodeIgniter\CodeIgniter->handleRequest(null, Object(Config\Cache), false)
10 SYSTEMPATH\Boot.php(325): CodeIgniter\CodeIgniter->run()
11 SYSTEMPATH\Boot.php(67): CodeIgniter\Boot::runCodeIgniter(Object(CodeIgniter\CodeIgniter))
12 FCPATH\index.php(56): CodeIgniter\Boot::bootWeb(Object(Config\Paths))
WARNING - 2025-04-01 11:45:56 --> [DEPRECATED] Optional parameter $saveandprint declared before required parameter $fore_color is implicitly treated as a required parameter in APPPATH\Libraries\phpqrcode\qrvect.php on line 140.
 1 APPPATH\Libraries\phpqrcode\qrlib.php(37): include('C:\\xampp\\htdocs\\sarkod\\system\\Debug\\Exceptions.php')
 2 APPPATH\Controllers\SiparisInceleController.php(8): require_once('C:\\xampp\\htdocs\\sarkod\\app\\Libraries\\phpqrcode\\qrlib.php')
 3 SYSTEMPATH\Autoloader\Autoloader.php(317): include_once('C:\\xampp\\htdocs\\sarkod\\app\\Controllers\\SiparisInceleController.php')
 4 SYSTEMPATH\Autoloader\Autoloader.php(296): CodeIgniter\Autoloader\Autoloader->includeFile('C:\\xampp\\htdocs\\sarkod\\app\\Controllers\\SiparisInceleController.php')
 5 SYSTEMPATH\Autoloader\Autoloader.php(272): CodeIgniter\Autoloader\Autoloader->loadInNamespace('App\\Controllers\\SiparisInceleController')
 6 [internal function]: CodeIgniter\Autoloader\Autoloader->loadClass('App\\Controllers\\SiparisInceleController')
 7 SYSTEMPATH\CodeIgniter.php(887): class_exists('\\App\\Controllers\\SiparisInceleController', true)
 8 SYSTEMPATH\CodeIgniter.php(496): CodeIgniter\CodeIgniter->startController()
 9 SYSTEMPATH\CodeIgniter.php(355): CodeIgniter\CodeIgniter->handleRequest(null, Object(Config\Cache), false)
10 SYSTEMPATH\Boot.php(325): CodeIgniter\CodeIgniter->run()
11 SYSTEMPATH\Boot.php(67): CodeIgniter\Boot::runCodeIgniter(Object(CodeIgniter\CodeIgniter))
12 FCPATH\index.php(56): CodeIgniter\Boot::bootWeb(Object(Config\Paths))
INFO - 2025-04-01 11:45:56 --> Session: Class initialized using 'CodeIgniter\Session\Handlers\FileHandler' driver.
WARNING - 2025-04-01 11:45:56 --> [DEPRECATED] Creation of dynamic property QRencode::$cmyk is deprecated in APPPATH\Libraries\phpqrcode\qrencode.php on line 434.
 1 APPPATH\Libraries\phpqrcode\qrencode.php(285): QRencode::factory(0, 10, 4, 16777215, 0)
 2 APPPATH\Controllers\SiparisInceleController.php(42): QRcode::png('https://www.sarkod.com.tr/?siparis_id=45', null, 0, 10)
 3 SYSTEMPATH\CodeIgniter.php(933): App\Controllers\SiparisInceleController->index()
 4 SYSTEMPATH\CodeIgniter.php(509): CodeIgniter\CodeIgniter->runController(Object(App\Controllers\SiparisInceleController))
 5 SYSTEMPATH\CodeIgniter.php(355): CodeIgniter\CodeIgniter->handleRequest(null, Object(Config\Cache), false)
 6 SYSTEMPATH\Boot.php(325): CodeIgniter\CodeIgniter->run()
 7 SYSTEMPATH\Boot.php(67): CodeIgniter\Boot::runCodeIgniter(Object(CodeIgniter\CodeIgniter))
 8 FCPATH\index.php(56): CodeIgniter\Boot::bootWeb(Object(Config\Paths))
CRITICAL - 2025-04-01 11:45:56 --> Error: Call to undefined function ImageCreate()
[Method: GET, Route: admin/incele]
in APPPATH\Libraries\phpqrcode\qrimage.php on line 74.
 1 APPPATH\Libraries\phpqrcode\qrimage.php(32): QRimage::image([...], 10, 4, 16777215, 0)
 2 APPPATH\Libraries\phpqrcode\qrencode.php(513): QRimage::png([...], null, 10, 4, false, 16777215, 0)
 3 APPPATH\Libraries\phpqrcode\qrencode.php(286): QRencode->encodePNG('https://www.sarkod.com.tr/?siparis_id=45', null, false)
 4 APPPATH\Controllers\SiparisInceleController.php(42): QRcode::png('https://www.sarkod.com.tr/?siparis_id=45', null, 0, 10)
 5 SYSTEMPATH\CodeIgniter.php(933): App\Controllers\SiparisInceleController->index()
 6 SYSTEMPATH\CodeIgniter.php(509): CodeIgniter\CodeIgniter->runController(Object(App\Controllers\SiparisInceleController))
 7 SYSTEMPATH\CodeIgniter.php(355): CodeIgniter\CodeIgniter->handleRequest(null, Object(Config\Cache), false)
 8 SYSTEMPATH\Boot.php(325): CodeIgniter\CodeIgniter->run()
 9 SYSTEMPATH\Boot.php(67): CodeIgniter\Boot::runCodeIgniter(Object(CodeIgniter\CodeIgniter))
10 FCPATH\index.php(56): CodeIgniter\Boot::bootWeb(Object(Config\Paths))
INFO - 2025-04-01 11:45:57 --> Session: Class initialized using 'CodeIgniter\Session\Handlers\FileHandler' driver.
INFO - 2025-04-01 11:45:58 --> Session: Class initialized using 'CodeIgniter\Session\Handlers\FileHandler' driver.
INFO - 2025-04-01 11:46:02 --> Session: Class initialized using 'CodeIgniter\Session\Handlers\FileHandler' driver.
INFO - 2025-04-01 11:46:12 --> Session: Class initialized using 'CodeIgniter\Session\Handlers\FileHandler' driver.
WARNING - 2025-04-01 11:46:12 --> [DEPRECATED] Optional parameter $filename declared before required parameter $fore_color is implicitly treated as a required parameter in APPPATH\Libraries\phpqrcode\qrimage.php on line 30.
 1 APPPATH\Libraries\phpqrcode\qrlib.php(36): include('C:\\xampp\\htdocs\\sarkod\\system\\Debug\\Exceptions.php')
 2 APPPATH\Controllers\SiparisInceleController.php(8): require_once('C:\\xampp\\htdocs\\sarkod\\app\\Libraries\\phpqrcode\\qrlib.php')
 3 SYSTEMPATH\Autoloader\Autoloader.php(317): include_once('C:\\xampp\\htdocs\\sarkod\\app\\Controllers\\SiparisInceleController.php')
 4 SYSTEMPATH\Autoloader\Autoloader.php(296): CodeIgniter\Autoloader\Autoloader->includeFile('C:\\xampp\\htdocs\\sarkod\\app\\Controllers\\SiparisInceleController.php')
 5 SYSTEMPATH\Autoloader\Autoloader.php(272): CodeIgniter\Autoloader\Autoloader->loadInNamespace('App\\Controllers\\SiparisInceleController')
 6 [internal function]: CodeIgniter\Autoloader\Autoloader->loadClass('App\\Controllers\\SiparisInceleController')
 7 SYSTEMPATH\CodeIgniter.php(887): class_exists('\\App\\Controllers\\SiparisInceleController', true)
 8 SYSTEMPATH\CodeIgniter.php(496): CodeIgniter\CodeIgniter->startController()
 9 SYSTEMPATH\CodeIgniter.php(355): CodeIgniter\CodeIgniter->handleRequest(null, Object(Config\Cache), false)
10 SYSTEMPATH\Boot.php(325): CodeIgniter\CodeIgniter->run()
11 SYSTEMPATH\Boot.php(67): CodeIgniter\Boot::runCodeIgniter(Object(CodeIgniter\CodeIgniter))
12 FCPATH\index.php(56): CodeIgniter\Boot::bootWeb(Object(Config\Paths))
WARNING - 2025-04-01 11:46:12 --> [DEPRECATED] Optional parameter $pixelPerPoint declared before required parameter $fore_color is implicitly treated as a required parameter in APPPATH\Libraries\phpqrcode\qrimage.php on line 0.
 1 APPPATH\Libraries\phpqrcode\qrlib.php(36): include('C:\\xampp\\htdocs\\sarkod\\system\\Debug\\Exceptions.php')
 2 APPPATH\Controllers\SiparisInceleController.php(8): require_once('C:\\xampp\\htdocs\\sarkod\\app\\Libraries\\phpqrcode\\qrlib.php')
 3 SYSTEMPATH\Autoloader\Autoloader.php(317): include_once('C:\\xampp\\htdocs\\sarkod\\app\\Controllers\\SiparisInceleController.php')
 4 SYSTEMPATH\Autoloader\Autoloader.php(296): CodeIgniter\Autoloader\Autoloader->includeFile('C:\\xampp\\htdocs\\sarkod\\app\\Controllers\\SiparisInceleController.php')
 5 SYSTEMPATH\Autoloader\Autoloader.php(272): CodeIgniter\Autoloader\Autoloader->loadInNamespace('App\\Controllers\\SiparisInceleController')
 6 [internal function]: CodeIgniter\Autoloader\Autoloader->loadClass('App\\Controllers\\SiparisInceleController')
 7 SYSTEMPATH\CodeIgniter.php(887): class_exists('\\App\\Controllers\\SiparisInceleController', true)
 8 SYSTEMPATH\CodeIgniter.php(496): CodeIgniter\CodeIgniter->startController()
 9 SYSTEMPATH\CodeIgniter.php(355): CodeIgniter\CodeIgniter->handleRequest(null, Object(Config\Cache), false)
10 SYSTEMPATH\Boot.php(325): CodeIgniter\CodeIgniter->run()
11 SYSTEMPATH\Boot.php(67): CodeIgniter\Boot::runCodeIgniter(Object(CodeIgniter\CodeIgniter))
12 FCPATH\index.php(56): CodeIgniter\Boot::bootWeb(Object(Config\Paths))
WARNING - 2025-04-01 11:46:12 --> [DEPRECATED] Optional parameter $outerFrame declared before required parameter $fore_color is implicitly treated as a required parameter in APPPATH\Libraries\phpqrcode\qrimage.php on line 0.
 1 APPPATH\Libraries\phpqrcode\qrlib.php(36): include('C:\\xampp\\htdocs\\sarkod\\system\\Debug\\Exceptions.php')
 2 APPPATH\Controllers\SiparisInceleController.php(8): require_once('C:\\xampp\\htdocs\\sarkod\\app\\Libraries\\phpqrcode\\qrlib.php')
 3 SYSTEMPATH\Autoloader\Autoloader.php(317): include_once('C:\\xampp\\htdocs\\sarkod\\app\\Controllers\\SiparisInceleController.php')
 4 SYSTEMPATH\Autoloader\Autoloader.php(296): CodeIgniter\Autoloader\Autoloader->includeFile('C:\\xampp\\htdocs\\sarkod\\app\\Controllers\\SiparisInceleController.php')
 5 SYSTEMPATH\Autoloader\Autoloader.php(272): CodeIgniter\Autoloader\Autoloader->loadInNamespace('App\\Controllers\\SiparisInceleController')
 6 [internal function]: CodeIgniter\Autoloader\Autoloader->loadClass('App\\Controllers\\SiparisInceleController')
 7 SYSTEMPATH\CodeIgniter.php(887): class_exists('\\App\\Controllers\\SiparisInceleController', true)
 8 SYSTEMPATH\CodeIgniter.php(496): CodeIgniter\CodeIgniter->startController()
 9 SYSTEMPATH\CodeIgniter.php(355): CodeIgniter\CodeIgniter->handleRequest(null, Object(Config\Cache), false)
10 SYSTEMPATH\Boot.php(325): CodeIgniter\CodeIgniter->run()
11 SYSTEMPATH\Boot.php(67): CodeIgniter\Boot::runCodeIgniter(Object(CodeIgniter\CodeIgniter))
12 FCPATH\index.php(56): CodeIgniter\Boot::bootWeb(Object(Config\Paths))
WARNING - 2025-04-01 11:46:12 --> [DEPRECATED] Optional parameter $saveandprint declared before required parameter $fore_color is implicitly treated as a required parameter in APPPATH\Libraries\phpqrcode\qrimage.php on line 0.
 1 APPPATH\Libraries\phpqrcode\qrlib.php(36): include('C:\\xampp\\htdocs\\sarkod\\system\\Debug\\Exceptions.php')
 2 APPPATH\Controllers\SiparisInceleController.php(8): require_once('C:\\xampp\\htdocs\\sarkod\\app\\Libraries\\phpqrcode\\qrlib.php')
 3 SYSTEMPATH\Autoloader\Autoloader.php(317): include_once('C:\\xampp\\htdocs\\sarkod\\app\\Controllers\\SiparisInceleController.php')
 4 SYSTEMPATH\Autoloader\Autoloader.php(296): CodeIgniter\Autoloader\Autoloader->includeFile('C:\\xampp\\htdocs\\sarkod\\app\\Controllers\\SiparisInceleController.php')
 5 SYSTEMPATH\Autoloader\Autoloader.php(272): CodeIgniter\Autoloader\Autoloader->loadInNamespace('App\\Controllers\\SiparisInceleController')
 6 [internal function]: CodeIgniter\Autoloader\Autoloader->loadClass('App\\Controllers\\SiparisInceleController')
 7 SYSTEMPATH\CodeIgniter.php(887): class_exists('\\App\\Controllers\\SiparisInceleController', true)
 8 SYSTEMPATH\CodeIgniter.php(496): CodeIgniter\CodeIgniter->startController()
 9 SYSTEMPATH\CodeIgniter.php(355): CodeIgniter\CodeIgniter->handleRequest(null, Object(Config\Cache), false)
10 SYSTEMPATH\Boot.php(325): CodeIgniter\CodeIgniter->run()
11 SYSTEMPATH\Boot.php(67): CodeIgniter\Boot::runCodeIgniter(Object(CodeIgniter\CodeIgniter))
12 FCPATH\index.php(56): CodeIgniter\Boot::bootWeb(Object(Config\Paths))
WARNING - 2025-04-01 11:46:12 --> [DEPRECATED] Optional parameter $filename declared before required parameter $fore_color is implicitly treated as a required parameter in APPPATH\Libraries\phpqrcode\qrvect.php on line 140.
 1 APPPATH\Libraries\phpqrcode\qrlib.php(37): include('C:\\xampp\\htdocs\\sarkod\\system\\Debug\\Exceptions.php')
 2 APPPATH\Controllers\SiparisInceleController.php(8): require_once('C:\\xampp\\htdocs\\sarkod\\app\\Libraries\\phpqrcode\\qrlib.php')
 3 SYSTEMPATH\Autoloader\Autoloader.php(317): include_once('C:\\xampp\\htdocs\\sarkod\\app\\Controllers\\SiparisInceleController.php')
 4 SYSTEMPATH\Autoloader\Autoloader.php(296): CodeIgniter\Autoloader\Autoloader->includeFile('C:\\xampp\\htdocs\\sarkod\\app\\Controllers\\SiparisInceleController.php')
 5 SYSTEMPATH\Autoloader\Autoloader.php(272): CodeIgniter\Autoloader\Autoloader->loadInNamespace('App\\Controllers\\SiparisInceleController')
 6 [internal function]: CodeIgniter\Autoloader\Autoloader->loadClass('App\\Controllers\\SiparisInceleController')
 7 SYSTEMPATH\CodeIgniter.php(887): class_exists('\\App\\Controllers\\SiparisInceleController', true)
 8 SYSTEMPATH\CodeIgniter.php(496): CodeIgniter\CodeIgniter->startController()
 9 SYSTEMPATH\CodeIgniter.php(355): CodeIgniter\CodeIgniter->handleRequest(null, Object(Config\Cache), false)
10 SYSTEMPATH\Boot.php(325): CodeIgniter\CodeIgniter->run()
11 SYSTEMPATH\Boot.php(67): CodeIgniter\Boot::runCodeIgniter(Object(CodeIgniter\CodeIgniter))
12 FCPATH\index.php(56): CodeIgniter\Boot::bootWeb(Object(Config\Paths))
WARNING - 2025-04-01 11:46:12 --> [DEPRECATED] Optional parameter $pixelPerPoint declared before required parameter $fore_color is implicitly treated as a required parameter in APPPATH\Libraries\phpqrcode\qrvect.php on line 140.
 1 APPPATH\Libraries\phpqrcode\qrlib.php(37): include('C:\\xampp\\htdocs\\sarkod\\system\\Debug\\Exceptions.php')
 2 APPPATH\Controllers\SiparisInceleController.php(8): require_once('C:\\xampp\\htdocs\\sarkod\\app\\Libraries\\phpqrcode\\qrlib.php')
 3 SYSTEMPATH\Autoloader\Autoloader.php(317): include_once('C:\\xampp\\htdocs\\sarkod\\app\\Controllers\\SiparisInceleController.php')
 4 SYSTEMPATH\Autoloader\Autoloader.php(296): CodeIgniter\Autoloader\Autoloader->includeFile('C:\\xampp\\htdocs\\sarkod\\app\\Controllers\\SiparisInceleController.php')
 5 SYSTEMPATH\Autoloader\Autoloader.php(272): CodeIgniter\Autoloader\Autoloader->loadInNamespace('App\\Controllers\\SiparisInceleController')
 6 [internal function]: CodeIgniter\Autoloader\Autoloader->loadClass('App\\Controllers\\SiparisInceleController')
 7 SYSTEMPATH\CodeIgniter.php(887): class_exists('\\App\\Controllers\\SiparisInceleController', true)
 8 SYSTEMPATH\CodeIgniter.php(496): CodeIgniter\CodeIgniter->startController()
 9 SYSTEMPATH\CodeIgniter.php(355): CodeIgniter\CodeIgniter->handleRequest(null, Object(Config\Cache), false)
10 SYSTEMPATH\Boot.php(325): CodeIgniter\CodeIgniter->run()
11 SYSTEMPATH\Boot.php(67): CodeIgniter\Boot::runCodeIgniter(Object(CodeIgniter\CodeIgniter))
12 FCPATH\index.php(56): CodeIgniter\Boot::bootWeb(Object(Config\Paths))
WARNING - 2025-04-01 11:46:12 --> [DEPRECATED] Optional parameter $outerFrame declared before required parameter $fore_color is implicitly treated as a required parameter in APPPATH\Libraries\phpqrcode\qrvect.php on line 140.
 1 APPPATH\Libraries\phpqrcode\qrlib.php(37): include('C:\\xampp\\htdocs\\sarkod\\system\\Debug\\Exceptions.php')
 2 APPPATH\Controllers\SiparisInceleController.php(8): require_once('C:\\xampp\\htdocs\\sarkod\\app\\Libraries\\phpqrcode\\qrlib.php')
 3 SYSTEMPATH\Autoloader\Autoloader.php(317): include_once('C:\\xampp\\htdocs\\sarkod\\app\\Controllers\\SiparisInceleController.php')
 4 SYSTEMPATH\Autoloader\Autoloader.php(296): CodeIgniter\Autoloader\Autoloader->includeFile('C:\\xampp\\htdocs\\sarkod\\app\\Controllers\\SiparisInceleController.php')
 5 SYSTEMPATH\Autoloader\Autoloader.php(272): CodeIgniter\Autoloader\Autoloader->loadInNamespace('App\\Controllers\\SiparisInceleController')
 6 [internal function]: CodeIgniter\Autoloader\Autoloader->loadClass('App\\Controllers\\SiparisInceleController')
 7 SYSTEMPATH\CodeIgniter.php(887): class_exists('\\App\\Controllers\\SiparisInceleController', true)
 8 SYSTEMPATH\CodeIgniter.php(496): CodeIgniter\CodeIgniter->startController()
 9 SYSTEMPATH\CodeIgniter.php(355): CodeIgniter\CodeIgniter->handleRequest(null, Object(Config\Cache), false)
10 SYSTEMPATH\Boot.php(325): CodeIgniter\CodeIgniter->run()
11 SYSTEMPATH\Boot.php(67): CodeIgniter\Boot::runCodeIgniter(Object(CodeIgniter\CodeIgniter))
12 FCPATH\index.php(56): CodeIgniter\Boot::bootWeb(Object(Config\Paths))
WARNING - 2025-04-01 11:46:12 --> [DEPRECATED] Optional parameter $saveandprint declared before required parameter $fore_color is implicitly treated as a required parameter in APPPATH\Libraries\phpqrcode\qrvect.php on line 140.
 1 APPPATH\Libraries\phpqrcode\qrlib.php(37): include('C:\\xampp\\htdocs\\sarkod\\system\\Debug\\Exceptions.php')
 2 APPPATH\Controllers\SiparisInceleController.php(8): require_once('C:\\xampp\\htdocs\\sarkod\\app\\Libraries\\phpqrcode\\qrlib.php')
 3 SYSTEMPATH\Autoloader\Autoloader.php(317): include_once('C:\\xampp\\htdocs\\sarkod\\app\\Controllers\\SiparisInceleController.php')
 4 SYSTEMPATH\Autoloader\Autoloader.php(296): CodeIgniter\Autoloader\Autoloader->includeFile('C:\\xampp\\htdocs\\sarkod\\app\\Controllers\\SiparisInceleController.php')
 5 SYSTEMPATH\Autoloader\Autoloader.php(272): CodeIgniter\Autoloader\Autoloader->loadInNamespace('App\\Controllers\\SiparisInceleController')
 6 [internal function]: CodeIgniter\Autoloader\Autoloader->loadClass('App\\Controllers\\SiparisInceleController')
 7 SYSTEMPATH\CodeIgniter.php(887): class_exists('\\App\\Controllers\\SiparisInceleController', true)
 8 SYSTEMPATH\CodeIgniter.php(496): CodeIgniter\CodeIgniter->startController()
 9 SYSTEMPATH\CodeIgniter.php(355): CodeIgniter\CodeIgniter->handleRequest(null, Object(Config\Cache), false)
10 SYSTEMPATH\Boot.php(325): CodeIgniter\CodeIgniter->run()
11 SYSTEMPATH\Boot.php(67): CodeIgniter\Boot::runCodeIgniter(Object(CodeIgniter\CodeIgniter))
12 FCPATH\index.php(56): CodeIgniter\Boot::bootWeb(Object(Config\Paths))
INFO - 2025-04-01 11:46:12 --> Session: Class initialized using 'CodeIgniter\Session\Handlers\FileHandler' driver.
WARNING - 2025-04-01 11:46:12 --> [DEPRECATED] Creation of dynamic property QRencode::$cmyk is deprecated in APPPATH\Libraries\phpqrcode\qrencode.php on line 434.
 1 APPPATH\Libraries\phpqrcode\qrencode.php(285): QRencode::factory(0, 10, 4, 16777215, 0)
 2 APPPATH\Controllers\SiparisInceleController.php(42): QRcode::png('https://www.sarkod.com.tr/?siparis_id=126', null, 0, 10)
 3 SYSTEMPATH\CodeIgniter.php(933): App\Controllers\SiparisInceleController->index()
 4 SYSTEMPATH\CodeIgniter.php(509): CodeIgniter\CodeIgniter->runController(Object(App\Controllers\SiparisInceleController))
 5 SYSTEMPATH\CodeIgniter.php(355): CodeIgniter\CodeIgniter->handleRequest(null, Object(Config\Cache), false)
 6 SYSTEMPATH\Boot.php(325): CodeIgniter\CodeIgniter->run()
 7 SYSTEMPATH\Boot.php(67): CodeIgniter\Boot::runCodeIgniter(Object(CodeIgniter\CodeIgniter))
 8 FCPATH\index.php(56): CodeIgniter\Boot::bootWeb(Object(Config\Paths))
CRITICAL - 2025-04-01 11:46:12 --> Error: Call to undefined function ImageCreate()
[Method: GET, Route: admin/incele]
in APPPATH\Libraries\phpqrcode\qrimage.php on line 74.
 1 APPPATH\Libraries\phpqrcode\qrimage.php(32): QRimage::image([...], 10, 4, 16777215, 0)
 2 APPPATH\Libraries\phpqrcode\qrencode.php(513): QRimage::png([...], null, 10, 4, false, 16777215, 0)
 3 APPPATH\Libraries\phpqrcode\qrencode.php(286): QRencode->encodePNG('https://www.sarkod.com.tr/?siparis_id=126', null, false)
 4 APPPATH\Controllers\SiparisInceleController.php(42): QRcode::png('https://www.sarkod.com.tr/?siparis_id=126', null, 0, 10)
 5 SYSTEMPATH\CodeIgniter.php(933): App\Controllers\SiparisInceleController->index()
 6 SYSTEMPATH\CodeIgniter.php(509): CodeIgniter\CodeIgniter->runController(Object(App\Controllers\SiparisInceleController))
 7 SYSTEMPATH\CodeIgniter.php(355): CodeIgniter\CodeIgniter->handleRequest(null, Object(Config\Cache), false)
 8 SYSTEMPATH\Boot.php(325): CodeIgniter\CodeIgniter->run()
 9 SYSTEMPATH\Boot.php(67): CodeIgniter\Boot::runCodeIgniter(Object(CodeIgniter\CodeIgniter))
10 FCPATH\index.php(56): CodeIgniter\Boot::bootWeb(Object(Config\Paths))
INFO - 2025-04-01 11:50:24 --> Session: Class initialized using 'CodeIgniter\Session\Handlers\FileHandler' driver.
INFO - 2025-04-01 11:50:26 --> Session: Class initialized using 'CodeIgniter\Session\Handlers\FileHandler' driver.
WARNING - 2025-04-01 11:50:28 --> [DEPRECATED] Optional parameter $filename declared before required parameter $fore_color is implicitly treated as a required parameter in APPPATH\Libraries\phpqrcode\qrimage.php on line 30.
 1 APPPATH\Libraries\phpqrcode\qrlib.php(36): include('C:\\xampp\\htdocs\\sarkod\\system\\Debug\\Exceptions.php')
 2 APPPATH\Controllers\SiparisInceleController.php(8): require_once('C:\\xampp\\htdocs\\sarkod\\app\\Libraries\\phpqrcode\\qrlib.php')
 3 SYSTEMPATH\Autoloader\Autoloader.php(317): include_once('C:\\xampp\\htdocs\\sarkod\\app\\Controllers\\SiparisInceleController.php')
 4 SYSTEMPATH\Autoloader\Autoloader.php(296): CodeIgniter\Autoloader\Autoloader->includeFile('C:\\xampp\\htdocs\\sarkod\\app\\Controllers\\SiparisInceleController.php')
 5 SYSTEMPATH\Autoloader\Autoloader.php(272): CodeIgniter\Autoloader\Autoloader->loadInNamespace('App\\Controllers\\SiparisInceleController')
 6 [internal function]: CodeIgniter\Autoloader\Autoloader->loadClass('App\\Controllers\\SiparisInceleController')
 7 SYSTEMPATH\CodeIgniter.php(887): class_exists('\\App\\Controllers\\SiparisInceleController', true)
 8 SYSTEMPATH\CodeIgniter.php(496): CodeIgniter\CodeIgniter->startController()
 9 SYSTEMPATH\CodeIgniter.php(355): CodeIgniter\CodeIgniter->handleRequest(null, Object(Config\Cache), false)
10 SYSTEMPATH\Boot.php(325): CodeIgniter\CodeIgniter->run()
11 SYSTEMPATH\Boot.php(67): CodeIgniter\Boot::runCodeIgniter(Object(CodeIgniter\CodeIgniter))
12 FCPATH\index.php(56): CodeIgniter\Boot::bootWeb(Object(Config\Paths))
WARNING - 2025-04-01 11:50:28 --> [DEPRECATED] Optional parameter $pixelPerPoint declared before required parameter $fore_color is implicitly treated as a required parameter in APPPATH\Libraries\phpqrcode\qrimage.php on line 0.
 1 APPPATH\Libraries\phpqrcode\qrlib.php(36): include('C:\\xampp\\htdocs\\sarkod\\system\\Debug\\Exceptions.php')
 2 APPPATH\Controllers\SiparisInceleController.php(8): require_once('C:\\xampp\\htdocs\\sarkod\\app\\Libraries\\phpqrcode\\qrlib.php')
 3 SYSTEMPATH\Autoloader\Autoloader.php(317): include_once('C:\\xampp\\htdocs\\sarkod\\app\\Controllers\\SiparisInceleController.php')
 4 SYSTEMPATH\Autoloader\Autoloader.php(296): CodeIgniter\Autoloader\Autoloader->includeFile('C:\\xampp\\htdocs\\sarkod\\app\\Controllers\\SiparisInceleController.php')
 5 SYSTEMPATH\Autoloader\Autoloader.php(272): CodeIgniter\Autoloader\Autoloader->loadInNamespace('App\\Controllers\\SiparisInceleController')
 6 [internal function]: CodeIgniter\Autoloader\Autoloader->loadClass('App\\Controllers\\SiparisInceleController')
 7 SYSTEMPATH\CodeIgniter.php(887): class_exists('\\App\\Controllers\\SiparisInceleController', true)
 8 SYSTEMPATH\CodeIgniter.php(496): CodeIgniter\CodeIgniter->startController()
 9 SYSTEMPATH\CodeIgniter.php(355): CodeIgniter\CodeIgniter->handleRequest(null, Object(Config\Cache), false)
10 SYSTEMPATH\Boot.php(325): CodeIgniter\CodeIgniter->run()
11 SYSTEMPATH\Boot.php(67): CodeIgniter\Boot::runCodeIgniter(Object(CodeIgniter\CodeIgniter))
12 FCPATH\index.php(56): CodeIgniter\Boot::bootWeb(Object(Config\Paths))
WARNING - 2025-04-01 11:50:28 --> [DEPRECATED] Optional parameter $outerFrame declared before required parameter $fore_color is implicitly treated as a required parameter in APPPATH\Libraries\phpqrcode\qrimage.php on line 0.
 1 APPPATH\Libraries\phpqrcode\qrlib.php(36): include('C:\\xampp\\htdocs\\sarkod\\system\\Debug\\Exceptions.php')
 2 APPPATH\Controllers\SiparisInceleController.php(8): require_once('C:\\xampp\\htdocs\\sarkod\\app\\Libraries\\phpqrcode\\qrlib.php')
 3 SYSTEMPATH\Autoloader\Autoloader.php(317): include_once('C:\\xampp\\htdocs\\sarkod\\app\\Controllers\\SiparisInceleController.php')
 4 SYSTEMPATH\Autoloader\Autoloader.php(296): CodeIgniter\Autoloader\Autoloader->includeFile('C:\\xampp\\htdocs\\sarkod\\app\\Controllers\\SiparisInceleController.php')
 5 SYSTEMPATH\Autoloader\Autoloader.php(272): CodeIgniter\Autoloader\Autoloader->loadInNamespace('App\\Controllers\\SiparisInceleController')
 6 [internal function]: CodeIgniter\Autoloader\Autoloader->loadClass('App\\Controllers\\SiparisInceleController')
 7 SYSTEMPATH\CodeIgniter.php(887): class_exists('\\App\\Controllers\\SiparisInceleController', true)
 8 SYSTEMPATH\CodeIgniter.php(496): CodeIgniter\CodeIgniter->startController()
 9 SYSTEMPATH\CodeIgniter.php(355): CodeIgniter\CodeIgniter->handleRequest(null, Object(Config\Cache), false)
10 SYSTEMPATH\Boot.php(325): CodeIgniter\CodeIgniter->run()
11 SYSTEMPATH\Boot.php(67): CodeIgniter\Boot::runCodeIgniter(Object(CodeIgniter\CodeIgniter))
12 FCPATH\index.php(56): CodeIgniter\Boot::bootWeb(Object(Config\Paths))
WARNING - 2025-04-01 11:50:28 --> [DEPRECATED] Optional parameter $saveandprint declared before required parameter $fore_color is implicitly treated as a required parameter in APPPATH\Libraries\phpqrcode\qrimage.php on line 0.
 1 APPPATH\Libraries\phpqrcode\qrlib.php(36): include('C:\\xampp\\htdocs\\sarkod\\system\\Debug\\Exceptions.php')
 2 APPPATH\Controllers\SiparisInceleController.php(8): require_once('C:\\xampp\\htdocs\\sarkod\\app\\Libraries\\phpqrcode\\qrlib.php')
 3 SYSTEMPATH\Autoloader\Autoloader.php(317): include_once('C:\\xampp\\htdocs\\sarkod\\app\\Controllers\\SiparisInceleController.php')
 4 SYSTEMPATH\Autoloader\Autoloader.php(296): CodeIgniter\Autoloader\Autoloader->includeFile('C:\\xampp\\htdocs\\sarkod\\app\\Controllers\\SiparisInceleController.php')
 5 SYSTEMPATH\Autoloader\Autoloader.php(272): CodeIgniter\Autoloader\Autoloader->loadInNamespace('App\\Controllers\\SiparisInceleController')
 6 [internal function]: CodeIgniter\Autoloader\Autoloader->loadClass('App\\Controllers\\SiparisInceleController')
 7 SYSTEMPATH\CodeIgniter.php(887): class_exists('\\App\\Controllers\\SiparisInceleController', true)
 8 SYSTEMPATH\CodeIgniter.php(496): CodeIgniter\CodeIgniter->startController()
 9 SYSTEMPATH\CodeIgniter.php(355): CodeIgniter\CodeIgniter->handleRequest(null, Object(Config\Cache), false)
10 SYSTEMPATH\Boot.php(325): CodeIgniter\CodeIgniter->run()
11 SYSTEMPATH\Boot.php(67): CodeIgniter\Boot::runCodeIgniter(Object(CodeIgniter\CodeIgniter))
12 FCPATH\index.php(56): CodeIgniter\Boot::bootWeb(Object(Config\Paths))
WARNING - 2025-04-01 11:50:28 --> [DEPRECATED] Optional parameter $filename declared before required parameter $fore_color is implicitly treated as a required parameter in APPPATH\Libraries\phpqrcode\qrvect.php on line 140.
 1 APPPATH\Libraries\phpqrcode\qrlib.php(37): include('C:\\xampp\\htdocs\\sarkod\\system\\Debug\\Exceptions.php')
 2 APPPATH\Controllers\SiparisInceleController.php(8): require_once('C:\\xampp\\htdocs\\sarkod\\app\\Libraries\\phpqrcode\\qrlib.php')
 3 SYSTEMPATH\Autoloader\Autoloader.php(317): include_once('C:\\xampp\\htdocs\\sarkod\\app\\Controllers\\SiparisInceleController.php')
 4 SYSTEMPATH\Autoloader\Autoloader.php(296): CodeIgniter\Autoloader\Autoloader->includeFile('C:\\xampp\\htdocs\\sarkod\\app\\Controllers\\SiparisInceleController.php')
 5 SYSTEMPATH\Autoloader\Autoloader.php(272): CodeIgniter\Autoloader\Autoloader->loadInNamespace('App\\Controllers\\SiparisInceleController')
 6 [internal function]: CodeIgniter\Autoloader\Autoloader->loadClass('App\\Controllers\\SiparisInceleController')
 7 SYSTEMPATH\CodeIgniter.php(887): class_exists('\\App\\Controllers\\SiparisInceleController', true)
 8 SYSTEMPATH\CodeIgniter.php(496): CodeIgniter\CodeIgniter->startController()
 9 SYSTEMPATH\CodeIgniter.php(355): CodeIgniter\CodeIgniter->handleRequest(null, Object(Config\Cache), false)
10 SYSTEMPATH\Boot.php(325): CodeIgniter\CodeIgniter->run()
11 SYSTEMPATH\Boot.php(67): CodeIgniter\Boot::runCodeIgniter(Object(CodeIgniter\CodeIgniter))
12 FCPATH\index.php(56): CodeIgniter\Boot::bootWeb(Object(Config\Paths))
WARNING - 2025-04-01 11:50:28 --> [DEPRECATED] Optional parameter $pixelPerPoint declared before required parameter $fore_color is implicitly treated as a required parameter in APPPATH\Libraries\phpqrcode\qrvect.php on line 140.
 1 APPPATH\Libraries\phpqrcode\qrlib.php(37): include('C:\\xampp\\htdocs\\sarkod\\system\\Debug\\Exceptions.php')
 2 APPPATH\Controllers\SiparisInceleController.php(8): require_once('C:\\xampp\\htdocs\\sarkod\\app\\Libraries\\phpqrcode\\qrlib.php')
 3 SYSTEMPATH\Autoloader\Autoloader.php(317): include_once('C:\\xampp\\htdocs\\sarkod\\app\\Controllers\\SiparisInceleController.php')
 4 SYSTEMPATH\Autoloader\Autoloader.php(296): CodeIgniter\Autoloader\Autoloader->includeFile('C:\\xampp\\htdocs\\sarkod\\app\\Controllers\\SiparisInceleController.php')
 5 SYSTEMPATH\Autoloader\Autoloader.php(272): CodeIgniter\Autoloader\Autoloader->loadInNamespace('App\\Controllers\\SiparisInceleController')
 6 [internal function]: CodeIgniter\Autoloader\Autoloader->loadClass('App\\Controllers\\SiparisInceleController')
 7 SYSTEMPATH\CodeIgniter.php(887): class_exists('\\App\\Controllers\\SiparisInceleController', true)
 8 SYSTEMPATH\CodeIgniter.php(496): CodeIgniter\CodeIgniter->startController()
 9 SYSTEMPATH\CodeIgniter.php(355): CodeIgniter\CodeIgniter->handleRequest(null, Object(Config\Cache), false)
10 SYSTEMPATH\Boot.php(325): CodeIgniter\CodeIgniter->run()
11 SYSTEMPATH\Boot.php(67): CodeIgniter\Boot::runCodeIgniter(Object(CodeIgniter\CodeIgniter))
12 FCPATH\index.php(56): CodeIgniter\Boot::bootWeb(Object(Config\Paths))
WARNING - 2025-04-01 11:50:28 --> [DEPRECATED] Optional parameter $outerFrame declared before required parameter $fore_color is implicitly treated as a required parameter in APPPATH\Libraries\phpqrcode\qrvect.php on line 140.
 1 APPPATH\Libraries\phpqrcode\qrlib.php(37): include('C:\\xampp\\htdocs\\sarkod\\system\\Debug\\Exceptions.php')
 2 APPPATH\Controllers\SiparisInceleController.php(8): require_once('C:\\xampp\\htdocs\\sarkod\\app\\Libraries\\phpqrcode\\qrlib.php')
 3 SYSTEMPATH\Autoloader\Autoloader.php(317): include_once('C:\\xampp\\htdocs\\sarkod\\app\\Controllers\\SiparisInceleController.php')
 4 SYSTEMPATH\Autoloader\Autoloader.php(296): CodeIgniter\Autoloader\Autoloader->includeFile('C:\\xampp\\htdocs\\sarkod\\app\\Controllers\\SiparisInceleController.php')
 5 SYSTEMPATH\Autoloader\Autoloader.php(272): CodeIgniter\Autoloader\Autoloader->loadInNamespace('App\\Controllers\\SiparisInceleController')
 6 [internal function]: CodeIgniter\Autoloader\Autoloader->loadClass('App\\Controllers\\SiparisInceleController')
 7 SYSTEMPATH\CodeIgniter.php(887): class_exists('\\App\\Controllers\\SiparisInceleController', true)
 8 SYSTEMPATH\CodeIgniter.php(496): CodeIgniter\CodeIgniter->startController()
 9 SYSTEMPATH\CodeIgniter.php(355): CodeIgniter\CodeIgniter->handleRequest(null, Object(Config\Cache), false)
10 SYSTEMPATH\Boot.php(325): CodeIgniter\CodeIgniter->run()
11 SYSTEMPATH\Boot.php(67): CodeIgniter\Boot::runCodeIgniter(Object(CodeIgniter\CodeIgniter))
12 FCPATH\index.php(56): CodeIgniter\Boot::bootWeb(Object(Config\Paths))
WARNING - 2025-04-01 11:50:28 --> [DEPRECATED] Optional parameter $saveandprint declared before required parameter $fore_color is implicitly treated as a required parameter in APPPATH\Libraries\phpqrcode\qrvect.php on line 140.
 1 APPPATH\Libraries\phpqrcode\qrlib.php(37): include('C:\\xampp\\htdocs\\sarkod\\system\\Debug\\Exceptions.php')
 2 APPPATH\Controllers\SiparisInceleController.php(8): require_once('C:\\xampp\\htdocs\\sarkod\\app\\Libraries\\phpqrcode\\qrlib.php')
 3 SYSTEMPATH\Autoloader\Autoloader.php(317): include_once('C:\\xampp\\htdocs\\sarkod\\app\\Controllers\\SiparisInceleController.php')
 4 SYSTEMPATH\Autoloader\Autoloader.php(296): CodeIgniter\Autoloader\Autoloader->includeFile('C:\\xampp\\htdocs\\sarkod\\app\\Controllers\\SiparisInceleController.php')
 5 SYSTEMPATH\Autoloader\Autoloader.php(272): CodeIgniter\Autoloader\Autoloader->loadInNamespace('App\\Controllers\\SiparisInceleController')
 6 [internal function]: CodeIgniter\Autoloader\Autoloader->loadClass('App\\Controllers\\SiparisInceleController')
 7 SYSTEMPATH\CodeIgniter.php(887): class_exists('\\App\\Controllers\\SiparisInceleController', true)
 8 SYSTEMPATH\CodeIgniter.php(496): CodeIgniter\CodeIgniter->startController()
 9 SYSTEMPATH\CodeIgniter.php(355): CodeIgniter\CodeIgniter->handleRequest(null, Object(Config\Cache), false)
10 SYSTEMPATH\Boot.php(325): CodeIgniter\CodeIgniter->run()
11 SYSTEMPATH\Boot.php(67): CodeIgniter\Boot::runCodeIgniter(Object(CodeIgniter\CodeIgniter))
12 FCPATH\index.php(56): CodeIgniter\Boot::bootWeb(Object(Config\Paths))
INFO - 2025-04-01 11:50:28 --> Session: Class initialized using 'CodeIgniter\Session\Handlers\FileHandler' driver.
INFO - 2025-04-01 11:50:34 --> Session: Class initialized using 'CodeIgniter\Session\Handlers\FileHandler' driver.
INFO - 2025-04-01 11:50:36 --> Session: Class initialized using 'CodeIgniter\Session\Handlers\FileHandler' driver.
INFO - 2025-04-01 11:50:38 --> Session: Class initialized using 'CodeIgniter\Session\Handlers\FileHandler' driver.
INFO - 2025-04-01 11:50:51 --> Session: Class initialized using 'CodeIgniter\Session\Handlers\FileHandler' driver.
WARNING - 2025-04-01 11:50:54 --> [DEPRECATED] Optional parameter $filename declared before required parameter $fore_color is implicitly treated as a required parameter in APPPATH\Libraries\phpqrcode\qrimage.php on line 30.
 1 APPPATH\Libraries\phpqrcode\qrlib.php(36): include('C:\\xampp\\htdocs\\sarkod\\system\\Debug\\Exceptions.php')
 2 APPPATH\Controllers\SiparisInceleController.php(8): require_once('C:\\xampp\\htdocs\\sarkod\\app\\Libraries\\phpqrcode\\qrlib.php')
 3 SYSTEMPATH\Autoloader\Autoloader.php(317): include_once('C:\\xampp\\htdocs\\sarkod\\app\\Controllers\\SiparisInceleController.php')
 4 SYSTEMPATH\Autoloader\Autoloader.php(296): CodeIgniter\Autoloader\Autoloader->includeFile('C:\\xampp\\htdocs\\sarkod\\app\\Controllers\\SiparisInceleController.php')
 5 SYSTEMPATH\Autoloader\Autoloader.php(272): CodeIgniter\Autoloader\Autoloader->loadInNamespace('App\\Controllers\\SiparisInceleController')
 6 [internal function]: CodeIgniter\Autoloader\Autoloader->loadClass('App\\Controllers\\SiparisInceleController')
 7 SYSTEMPATH\CodeIgniter.php(887): class_exists('\\App\\Controllers\\SiparisInceleController', true)
 8 SYSTEMPATH\CodeIgniter.php(496): CodeIgniter\CodeIgniter->startController()
 9 SYSTEMPATH\CodeIgniter.php(355): CodeIgniter\CodeIgniter->handleRequest(null, Object(Config\Cache), false)
10 SYSTEMPATH\Boot.php(325): CodeIgniter\CodeIgniter->run()
11 SYSTEMPATH\Boot.php(67): CodeIgniter\Boot::runCodeIgniter(Object(CodeIgniter\CodeIgniter))
12 FCPATH\index.php(56): CodeIgniter\Boot::bootWeb(Object(Config\Paths))
WARNING - 2025-04-01 11:50:55 --> [DEPRECATED] Optional parameter $pixelPerPoint declared before required parameter $fore_color is implicitly treated as a required parameter in APPPATH\Libraries\phpqrcode\qrimage.php on line 0.
 1 APPPATH\Libraries\phpqrcode\qrlib.php(36): include('C:\\xampp\\htdocs\\sarkod\\system\\Debug\\Exceptions.php')
 2 APPPATH\Controllers\SiparisInceleController.php(8): require_once('C:\\xampp\\htdocs\\sarkod\\app\\Libraries\\phpqrcode\\qrlib.php')
 3 SYSTEMPATH\Autoloader\Autoloader.php(317): include_once('C:\\xampp\\htdocs\\sarkod\\app\\Controllers\\SiparisInceleController.php')
 4 SYSTEMPATH\Autoloader\Autoloader.php(296): CodeIgniter\Autoloader\Autoloader->includeFile('C:\\xampp\\htdocs\\sarkod\\app\\Controllers\\SiparisInceleController.php')
 5 SYSTEMPATH\Autoloader\Autoloader.php(272): CodeIgniter\Autoloader\Autoloader->loadInNamespace('App\\Controllers\\SiparisInceleController')
 6 [internal function]: CodeIgniter\Autoloader\Autoloader->loadClass('App\\Controllers\\SiparisInceleController')
 7 SYSTEMPATH\CodeIgniter.php(887): class_exists('\\App\\Controllers\\SiparisInceleController', true)
 8 SYSTEMPATH\CodeIgniter.php(496): CodeIgniter\CodeIgniter->startController()
 9 SYSTEMPATH\CodeIgniter.php(355): CodeIgniter\CodeIgniter->handleRequest(null, Object(Config\Cache), false)
10 SYSTEMPATH\Boot.php(325): CodeIgniter\CodeIgniter->run()
11 SYSTEMPATH\Boot.php(67): CodeIgniter\Boot::runCodeIgniter(Object(CodeIgniter\CodeIgniter))
12 FCPATH\index.php(56): CodeIgniter\Boot::bootWeb(Object(Config\Paths))
WARNING - 2025-04-01 11:50:55 --> [DEPRECATED] Optional parameter $outerFrame declared before required parameter $fore_color is implicitly treated as a required parameter in APPPATH\Libraries\phpqrcode\qrimage.php on line 0.
 1 APPPATH\Libraries\phpqrcode\qrlib.php(36): include('C:\\xampp\\htdocs\\sarkod\\system\\Debug\\Exceptions.php')
 2 APPPATH\Controllers\SiparisInceleController.php(8): require_once('C:\\xampp\\htdocs\\sarkod\\app\\Libraries\\phpqrcode\\qrlib.php')
 3 SYSTEMPATH\Autoloader\Autoloader.php(317): include_once('C:\\xampp\\htdocs\\sarkod\\app\\Controllers\\SiparisInceleController.php')
 4 SYSTEMPATH\Autoloader\Autoloader.php(296): CodeIgniter\Autoloader\Autoloader->includeFile('C:\\xampp\\htdocs\\sarkod\\app\\Controllers\\SiparisInceleController.php')
 5 SYSTEMPATH\Autoloader\Autoloader.php(272): CodeIgniter\Autoloader\Autoloader->loadInNamespace('App\\Controllers\\SiparisInceleController')
 6 [internal function]: CodeIgniter\Autoloader\Autoloader->loadClass('App\\Controllers\\SiparisInceleController')
 7 SYSTEMPATH\CodeIgniter.php(887): class_exists('\\App\\Controllers\\SiparisInceleController', true)
 8 SYSTEMPATH\CodeIgniter.php(496): CodeIgniter\CodeIgniter->startController()
 9 SYSTEMPATH\CodeIgniter.php(355): CodeIgniter\CodeIgniter->handleRequest(null, Object(Config\Cache), false)
10 SYSTEMPATH\Boot.php(325): CodeIgniter\CodeIgniter->run()
11 SYSTEMPATH\Boot.php(67): CodeIgniter\Boot::runCodeIgniter(Object(CodeIgniter\CodeIgniter))
12 FCPATH\index.php(56): CodeIgniter\Boot::bootWeb(Object(Config\Paths))
WARNING - 2025-04-01 11:50:55 --> [DEPRECATED] Optional parameter $saveandprint declared before required parameter $fore_color is implicitly treated as a required parameter in APPPATH\Libraries\phpqrcode\qrimage.php on line 0.
 1 APPPATH\Libraries\phpqrcode\qrlib.php(36): include('C:\\xampp\\htdocs\\sarkod\\system\\Debug\\Exceptions.php')
 2 APPPATH\Controllers\SiparisInceleController.php(8): require_once('C:\\xampp\\htdocs\\sarkod\\app\\Libraries\\phpqrcode\\qrlib.php')
 3 SYSTEMPATH\Autoloader\Autoloader.php(317): include_once('C:\\xampp\\htdocs\\sarkod\\app\\Controllers\\SiparisInceleController.php')
 4 SYSTEMPATH\Autoloader\Autoloader.php(296): CodeIgniter\Autoloader\Autoloader->includeFile('C:\\xampp\\htdocs\\sarkod\\app\\Controllers\\SiparisInceleController.php')
 5 SYSTEMPATH\Autoloader\Autoloader.php(272): CodeIgniter\Autoloader\Autoloader->loadInNamespace('App\\Controllers\\SiparisInceleController')
 6 [internal function]: CodeIgniter\Autoloader\Autoloader->loadClass('App\\Controllers\\SiparisInceleController')
 7 SYSTEMPATH\CodeIgniter.php(887): class_exists('\\App\\Controllers\\SiparisInceleController', true)
 8 SYSTEMPATH\CodeIgniter.php(496): CodeIgniter\CodeIgniter->startController()
 9 SYSTEMPATH\CodeIgniter.php(355): CodeIgniter\CodeIgniter->handleRequest(null, Object(Config\Cache), false)
10 SYSTEMPATH\Boot.php(325): CodeIgniter\CodeIgniter->run()
11 SYSTEMPATH\Boot.php(67): CodeIgniter\Boot::runCodeIgniter(Object(CodeIgniter\CodeIgniter))
12 FCPATH\index.php(56): CodeIgniter\Boot::bootWeb(Object(Config\Paths))
WARNING - 2025-04-01 11:50:55 --> [DEPRECATED] Optional parameter $filename declared before required parameter $fore_color is implicitly treated as a required parameter in APPPATH\Libraries\phpqrcode\qrvect.php on line 140.
 1 APPPATH\Libraries\phpqrcode\qrlib.php(37): include('C:\\xampp\\htdocs\\sarkod\\system\\Debug\\Exceptions.php')
 2 APPPATH\Controllers\SiparisInceleController.php(8): require_once('C:\\xampp\\htdocs\\sarkod\\app\\Libraries\\phpqrcode\\qrlib.php')
 3 SYSTEMPATH\Autoloader\Autoloader.php(317): include_once('C:\\xampp\\htdocs\\sarkod\\app\\Controllers\\SiparisInceleController.php')
 4 SYSTEMPATH\Autoloader\Autoloader.php(296): CodeIgniter\Autoloader\Autoloader->includeFile('C:\\xampp\\htdocs\\sarkod\\app\\Controllers\\SiparisInceleController.php')
 5 SYSTEMPATH\Autoloader\Autoloader.php(272): CodeIgniter\Autoloader\Autoloader->loadInNamespace('App\\Controllers\\SiparisInceleController')
 6 [internal function]: CodeIgniter\Autoloader\Autoloader->loadClass('App\\Controllers\\SiparisInceleController')
 7 SYSTEMPATH\CodeIgniter.php(887): class_exists('\\App\\Controllers\\SiparisInceleController', true)
 8 SYSTEMPATH\CodeIgniter.php(496): CodeIgniter\CodeIgniter->startController()
 9 SYSTEMPATH\CodeIgniter.php(355): CodeIgniter\CodeIgniter->handleRequest(null, Object(Config\Cache), false)
10 SYSTEMPATH\Boot.php(325): CodeIgniter\CodeIgniter->run()
11 SYSTEMPATH\Boot.php(67): CodeIgniter\Boot::runCodeIgniter(Object(CodeIgniter\CodeIgniter))
12 FCPATH\index.php(56): CodeIgniter\Boot::bootWeb(Object(Config\Paths))
WARNING - 2025-04-01 11:50:55 --> [DEPRECATED] Optional parameter $pixelPerPoint declared before required parameter $fore_color is implicitly treated as a required parameter in APPPATH\Libraries\phpqrcode\qrvect.php on line 140.
 1 APPPATH\Libraries\phpqrcode\qrlib.php(37): include('C:\\xampp\\htdocs\\sarkod\\system\\Debug\\Exceptions.php')
 2 APPPATH\Controllers\SiparisInceleController.php(8): require_once('C:\\xampp\\htdocs\\sarkod\\app\\Libraries\\phpqrcode\\qrlib.php')
 3 SYSTEMPATH\Autoloader\Autoloader.php(317): include_once('C:\\xampp\\htdocs\\sarkod\\app\\Controllers\\SiparisInceleController.php')
 4 SYSTEMPATH\Autoloader\Autoloader.php(296): CodeIgniter\Autoloader\Autoloader->includeFile('C:\\xampp\\htdocs\\sarkod\\app\\Controllers\\SiparisInceleController.php')
 5 SYSTEMPATH\Autoloader\Autoloader.php(272): CodeIgniter\Autoloader\Autoloader->loadInNamespace('App\\Controllers\\SiparisInceleController')
 6 [internal function]: CodeIgniter\Autoloader\Autoloader->loadClass('App\\Controllers\\SiparisInceleController')
 7 SYSTEMPATH\CodeIgniter.php(887): class_exists('\\App\\Controllers\\SiparisInceleController', true)
 8 SYSTEMPATH\CodeIgniter.php(496): CodeIgniter\CodeIgniter->startController()
 9 SYSTEMPATH\CodeIgniter.php(355): CodeIgniter\CodeIgniter->handleRequest(null, Object(Config\Cache), false)
10 SYSTEMPATH\Boot.php(325): CodeIgniter\CodeIgniter->run()
11 SYSTEMPATH\Boot.php(67): CodeIgniter\Boot::runCodeIgniter(Object(CodeIgniter\CodeIgniter))
12 FCPATH\index.php(56): CodeIgniter\Boot::bootWeb(Object(Config\Paths))
WARNING - 2025-04-01 11:50:55 --> [DEPRECATED] Optional parameter $outerFrame declared before required parameter $fore_color is implicitly treated as a required parameter in APPPATH\Libraries\phpqrcode\qrvect.php on line 140.
 1 APPPATH\Libraries\phpqrcode\qrlib.php(37): include('C:\\xampp\\htdocs\\sarkod\\system\\Debug\\Exceptions.php')
 2 APPPATH\Controllers\SiparisInceleController.php(8): require_once('C:\\xampp\\htdocs\\sarkod\\app\\Libraries\\phpqrcode\\qrlib.php')
 3 SYSTEMPATH\Autoloader\Autoloader.php(317): include_once('C:\\xampp\\htdocs\\sarkod\\app\\Controllers\\SiparisInceleController.php')
 4 SYSTEMPATH\Autoloader\Autoloader.php(296): CodeIgniter\Autoloader\Autoloader->includeFile('C:\\xampp\\htdocs\\sarkod\\app\\Controllers\\SiparisInceleController.php')
 5 SYSTEMPATH\Autoloader\Autoloader.php(272): CodeIgniter\Autoloader\Autoloader->loadInNamespace('App\\Controllers\\SiparisInceleController')
 6 [internal function]: CodeIgniter\Autoloader\Autoloader->loadClass('App\\Controllers\\SiparisInceleController')
 7 SYSTEMPATH\CodeIgniter.php(887): class_exists('\\App\\Controllers\\SiparisInceleController', true)
 8 SYSTEMPATH\CodeIgniter.php(496): CodeIgniter\CodeIgniter->startController()
 9 SYSTEMPATH\CodeIgniter.php(355): CodeIgniter\CodeIgniter->handleRequest(null, Object(Config\Cache), false)
10 SYSTEMPATH\Boot.php(325): CodeIgniter\CodeIgniter->run()
11 SYSTEMPATH\Boot.php(67): CodeIgniter\Boot::runCodeIgniter(Object(CodeIgniter\CodeIgniter))
12 FCPATH\index.php(56): CodeIgniter\Boot::bootWeb(Object(Config\Paths))
WARNING - 2025-04-01 11:50:55 --> [DEPRECATED] Optional parameter $saveandprint declared before required parameter $fore_color is implicitly treated as a required parameter in APPPATH\Libraries\phpqrcode\qrvect.php on line 140.
 1 APPPATH\Libraries\phpqrcode\qrlib.php(37): include('C:\\xampp\\htdocs\\sarkod\\system\\Debug\\Exceptions.php')
 2 APPPATH\Controllers\SiparisInceleController.php(8): require_once('C:\\xampp\\htdocs\\sarkod\\app\\Libraries\\phpqrcode\\qrlib.php')
 3 SYSTEMPATH\Autoloader\Autoloader.php(317): include_once('C:\\xampp\\htdocs\\sarkod\\app\\Controllers\\SiparisInceleController.php')
 4 SYSTEMPATH\Autoloader\Autoloader.php(296): CodeIgniter\Autoloader\Autoloader->includeFile('C:\\xampp\\htdocs\\sarkod\\app\\Controllers\\SiparisInceleController.php')
 5 SYSTEMPATH\Autoloader\Autoloader.php(272): CodeIgniter\Autoloader\Autoloader->loadInNamespace('App\\Controllers\\SiparisInceleController')
 6 [internal function]: CodeIgniter\Autoloader\Autoloader->loadClass('App\\Controllers\\SiparisInceleController')
 7 SYSTEMPATH\CodeIgniter.php(887): class_exists('\\App\\Controllers\\SiparisInceleController', true)
 8 SYSTEMPATH\CodeIgniter.php(496): CodeIgniter\CodeIgniter->startController()
 9 SYSTEMPATH\CodeIgniter.php(355): CodeIgniter\CodeIgniter->handleRequest(null, Object(Config\Cache), false)
10 SYSTEMPATH\Boot.php(325): CodeIgniter\CodeIgniter->run()
11 SYSTEMPATH\Boot.php(67): CodeIgniter\Boot::runCodeIgniter(Object(CodeIgniter\CodeIgniter))
12 FCPATH\index.php(56): CodeIgniter\Boot::bootWeb(Object(Config\Paths))
INFO - 2025-04-01 11:50:55 --> Session: Class initialized using 'CodeIgniter\Session\Handlers\FileHandler' driver.
INFO - 2025-04-01 11:51:22 --> Session: Class initialized using 'CodeIgniter\Session\Handlers\FileHandler' driver.
INFO - 2025-04-01 11:51:24 --> Session: Class initialized using 'CodeIgniter\Session\Handlers\FileHandler' driver.
INFO - 2025-04-01 11:51:27 --> Session: Class initialized using 'CodeIgniter\Session\Handlers\FileHandler' driver.
INFO - 2025-04-01 11:51:30 --> Session: Class initialized using 'CodeIgniter\Session\Handlers\FileHandler' driver.
WARNING - 2025-04-01 11:51:30 --> [DEPRECATED] Optional parameter $filename declared before required parameter $fore_color is implicitly treated as a required parameter in APPPATH\Libraries\phpqrcode\qrimage.php on line 30.
 1 APPPATH\Libraries\phpqrcode\qrlib.php(36): include('C:\\xampp\\htdocs\\sarkod\\system\\Debug\\Exceptions.php')
 2 APPPATH\Controllers\SiparisInceleController.php(8): require_once('C:\\xampp\\htdocs\\sarkod\\app\\Libraries\\phpqrcode\\qrlib.php')
 3 SYSTEMPATH\Autoloader\Autoloader.php(317): include_once('C:\\xampp\\htdocs\\sarkod\\app\\Controllers\\SiparisInceleController.php')
 4 SYSTEMPATH\Autoloader\Autoloader.php(296): CodeIgniter\Autoloader\Autoloader->includeFile('C:\\xampp\\htdocs\\sarkod\\app\\Controllers\\SiparisInceleController.php')
 5 SYSTEMPATH\Autoloader\Autoloader.php(272): CodeIgniter\Autoloader\Autoloader->loadInNamespace('App\\Controllers\\SiparisInceleController')
 6 [internal function]: CodeIgniter\Autoloader\Autoloader->loadClass('App\\Controllers\\SiparisInceleController')
 7 SYSTEMPATH\CodeIgniter.php(887): class_exists('\\App\\Controllers\\SiparisInceleController', true)
 8 SYSTEMPATH\CodeIgniter.php(496): CodeIgniter\CodeIgniter->startController()
 9 SYSTEMPATH\CodeIgniter.php(355): CodeIgniter\CodeIgniter->handleRequest(null, Object(Config\Cache), false)
10 SYSTEMPATH\Boot.php(325): CodeIgniter\CodeIgniter->run()
11 SYSTEMPATH\Boot.php(67): CodeIgniter\Boot::runCodeIgniter(Object(CodeIgniter\CodeIgniter))
12 FCPATH\index.php(56): CodeIgniter\Boot::bootWeb(Object(Config\Paths))
WARNING - 2025-04-01 11:51:30 --> [DEPRECATED] Optional parameter $pixelPerPoint declared before required parameter $fore_color is implicitly treated as a required parameter in APPPATH\Libraries\phpqrcode\qrimage.php on line 0.
 1 APPPATH\Libraries\phpqrcode\qrlib.php(36): include('C:\\xampp\\htdocs\\sarkod\\system\\Debug\\Exceptions.php')
 2 APPPATH\Controllers\SiparisInceleController.php(8): require_once('C:\\xampp\\htdocs\\sarkod\\app\\Libraries\\phpqrcode\\qrlib.php')
 3 SYSTEMPATH\Autoloader\Autoloader.php(317): include_once('C:\\xampp\\htdocs\\sarkod\\app\\Controllers\\SiparisInceleController.php')
 4 SYSTEMPATH\Autoloader\Autoloader.php(296): CodeIgniter\Autoloader\Autoloader->includeFile('C:\\xampp\\htdocs\\sarkod\\app\\Controllers\\SiparisInceleController.php')
 5 SYSTEMPATH\Autoloader\Autoloader.php(272): CodeIgniter\Autoloader\Autoloader->loadInNamespace('App\\Controllers\\SiparisInceleController')
 6 [internal function]: CodeIgniter\Autoloader\Autoloader->loadClass('App\\Controllers\\SiparisInceleController')
 7 SYSTEMPATH\CodeIgniter.php(887): class_exists('\\App\\Controllers\\SiparisInceleController', true)
 8 SYSTEMPATH\CodeIgniter.php(496): CodeIgniter\CodeIgniter->startController()
 9 SYSTEMPATH\CodeIgniter.php(355): CodeIgniter\CodeIgniter->handleRequest(null, Object(Config\Cache), false)
10 SYSTEMPATH\Boot.php(325): CodeIgniter\CodeIgniter->run()
11 SYSTEMPATH\Boot.php(67): CodeIgniter\Boot::runCodeIgniter(Object(CodeIgniter\CodeIgniter))
12 FCPATH\index.php(56): CodeIgniter\Boot::bootWeb(Object(Config\Paths))
WARNING - 2025-04-01 11:51:30 --> [DEPRECATED] Optional parameter $outerFrame declared before required parameter $fore_color is implicitly treated as a required parameter in APPPATH\Libraries\phpqrcode\qrimage.php on line 0.
 1 APPPATH\Libraries\phpqrcode\qrlib.php(36): include('C:\\xampp\\htdocs\\sarkod\\system\\Debug\\Exceptions.php')
 2 APPPATH\Controllers\SiparisInceleController.php(8): require_once('C:\\xampp\\htdocs\\sarkod\\app\\Libraries\\phpqrcode\\qrlib.php')
 3 SYSTEMPATH\Autoloader\Autoloader.php(317): include_once('C:\\xampp\\htdocs\\sarkod\\app\\Controllers\\SiparisInceleController.php')
 4 SYSTEMPATH\Autoloader\Autoloader.php(296): CodeIgniter\Autoloader\Autoloader->includeFile('C:\\xampp\\htdocs\\sarkod\\app\\Controllers\\SiparisInceleController.php')
 5 SYSTEMPATH\Autoloader\Autoloader.php(272): CodeIgniter\Autoloader\Autoloader->loadInNamespace('App\\Controllers\\SiparisInceleController')
 6 [internal function]: CodeIgniter\Autoloader\Autoloader->loadClass('App\\Controllers\\SiparisInceleController')
 7 SYSTEMPATH\CodeIgniter.php(887): class_exists('\\App\\Controllers\\SiparisInceleController', true)
 8 SYSTEMPATH\CodeIgniter.php(496): CodeIgniter\CodeIgniter->startController()
 9 SYSTEMPATH\CodeIgniter.php(355): CodeIgniter\CodeIgniter->handleRequest(null, Object(Config\Cache), false)
10 SYSTEMPATH\Boot.php(325): CodeIgniter\CodeIgniter->run()
11 SYSTEMPATH\Boot.php(67): CodeIgniter\Boot::runCodeIgniter(Object(CodeIgniter\CodeIgniter))
12 FCPATH\index.php(56): CodeIgniter\Boot::bootWeb(Object(Config\Paths))
WARNING - 2025-04-01 11:51:30 --> [DEPRECATED] Optional parameter $saveandprint declared before required parameter $fore_color is implicitly treated as a required parameter in APPPATH\Libraries\phpqrcode\qrimage.php on line 0.
 1 APPPATH\Libraries\phpqrcode\qrlib.php(36): include('C:\\xampp\\htdocs\\sarkod\\system\\Debug\\Exceptions.php')
 2 APPPATH\Controllers\SiparisInceleController.php(8): require_once('C:\\xampp\\htdocs\\sarkod\\app\\Libraries\\phpqrcode\\qrlib.php')
 3 SYSTEMPATH\Autoloader\Autoloader.php(317): include_once('C:\\xampp\\htdocs\\sarkod\\app\\Controllers\\SiparisInceleController.php')
 4 SYSTEMPATH\Autoloader\Autoloader.php(296): CodeIgniter\Autoloader\Autoloader->includeFile('C:\\xampp\\htdocs\\sarkod\\app\\Controllers\\SiparisInceleController.php')
 5 SYSTEMPATH\Autoloader\Autoloader.php(272): CodeIgniter\Autoloader\Autoloader->loadInNamespace('App\\Controllers\\SiparisInceleController')
 6 [internal function]: CodeIgniter\Autoloader\Autoloader->loadClass('App\\Controllers\\SiparisInceleController')
 7 SYSTEMPATH\CodeIgniter.php(887): class_exists('\\App\\Controllers\\SiparisInceleController', true)
 8 SYSTEMPATH\CodeIgniter.php(496): CodeIgniter\CodeIgniter->startController()
 9 SYSTEMPATH\CodeIgniter.php(355): CodeIgniter\CodeIgniter->handleRequest(null, Object(Config\Cache), false)
10 SYSTEMPATH\Boot.php(325): CodeIgniter\CodeIgniter->run()
11 SYSTEMPATH\Boot.php(67): CodeIgniter\Boot::runCodeIgniter(Object(CodeIgniter\CodeIgniter))
12 FCPATH\index.php(56): CodeIgniter\Boot::bootWeb(Object(Config\Paths))
WARNING - 2025-04-01 11:51:30 --> [DEPRECATED] Optional parameter $filename declared before required parameter $fore_color is implicitly treated as a required parameter in APPPATH\Libraries\phpqrcode\qrvect.php on line 140.
 1 APPPATH\Libraries\phpqrcode\qrlib.php(37): include('C:\\xampp\\htdocs\\sarkod\\system\\Debug\\Exceptions.php')
 2 APPPATH\Controllers\SiparisInceleController.php(8): require_once('C:\\xampp\\htdocs\\sarkod\\app\\Libraries\\phpqrcode\\qrlib.php')
 3 SYSTEMPATH\Autoloader\Autoloader.php(317): include_once('C:\\xampp\\htdocs\\sarkod\\app\\Controllers\\SiparisInceleController.php')
 4 SYSTEMPATH\Autoloader\Autoloader.php(296): CodeIgniter\Autoloader\Autoloader->includeFile('C:\\xampp\\htdocs\\sarkod\\app\\Controllers\\SiparisInceleController.php')
 5 SYSTEMPATH\Autoloader\Autoloader.php(272): CodeIgniter\Autoloader\Autoloader->loadInNamespace('App\\Controllers\\SiparisInceleController')
 6 [internal function]: CodeIgniter\Autoloader\Autoloader->loadClass('App\\Controllers\\SiparisInceleController')
 7 SYSTEMPATH\CodeIgniter.php(887): class_exists('\\App\\Controllers\\SiparisInceleController', true)
 8 SYSTEMPATH\CodeIgniter.php(496): CodeIgniter\CodeIgniter->startController()
 9 SYSTEMPATH\CodeIgniter.php(355): CodeIgniter\CodeIgniter->handleRequest(null, Object(Config\Cache), false)
10 SYSTEMPATH\Boot.php(325): CodeIgniter\CodeIgniter->run()
11 SYSTEMPATH\Boot.php(67): CodeIgniter\Boot::runCodeIgniter(Object(CodeIgniter\CodeIgniter))
12 FCPATH\index.php(56): CodeIgniter\Boot::bootWeb(Object(Config\Paths))
WARNING - 2025-04-01 11:51:30 --> [DEPRECATED] Optional parameter $pixelPerPoint declared before required parameter $fore_color is implicitly treated as a required parameter in APPPATH\Libraries\phpqrcode\qrvect.php on line 140.
 1 APPPATH\Libraries\phpqrcode\qrlib.php(37): include('C:\\xampp\\htdocs\\sarkod\\system\\Debug\\Exceptions.php')
 2 APPPATH\Controllers\SiparisInceleController.php(8): require_once('C:\\xampp\\htdocs\\sarkod\\app\\Libraries\\phpqrcode\\qrlib.php')
 3 SYSTEMPATH\Autoloader\Autoloader.php(317): include_once('C:\\xampp\\htdocs\\sarkod\\app\\Controllers\\SiparisInceleController.php')
 4 SYSTEMPATH\Autoloader\Autoloader.php(296): CodeIgniter\Autoloader\Autoloader->includeFile('C:\\xampp\\htdocs\\sarkod\\app\\Controllers\\SiparisInceleController.php')
 5 SYSTEMPATH\Autoloader\Autoloader.php(272): CodeIgniter\Autoloader\Autoloader->loadInNamespace('App\\Controllers\\SiparisInceleController')
 6 [internal function]: CodeIgniter\Autoloader\Autoloader->loadClass('App\\Controllers\\SiparisInceleController')
 7 SYSTEMPATH\CodeIgniter.php(887): class_exists('\\App\\Controllers\\SiparisInceleController', true)
 8 SYSTEMPATH\CodeIgniter.php(496): CodeIgniter\CodeIgniter->startController()
 9 SYSTEMPATH\CodeIgniter.php(355): CodeIgniter\CodeIgniter->handleRequest(null, Object(Config\Cache), false)
10 SYSTEMPATH\Boot.php(325): CodeIgniter\CodeIgniter->run()
11 SYSTEMPATH\Boot.php(67): CodeIgniter\Boot::runCodeIgniter(Object(CodeIgniter\CodeIgniter))
12 FCPATH\index.php(56): CodeIgniter\Boot::bootWeb(Object(Config\Paths))
WARNING - 2025-04-01 11:51:30 --> [DEPRECATED] Optional parameter $outerFrame declared before required parameter $fore_color is implicitly treated as a required parameter in APPPATH\Libraries\phpqrcode\qrvect.php on line 140.
 1 APPPATH\Libraries\phpqrcode\qrlib.php(37): include('C:\\xampp\\htdocs\\sarkod\\system\\Debug\\Exceptions.php')
 2 APPPATH\Controllers\SiparisInceleController.php(8): require_once('C:\\xampp\\htdocs\\sarkod\\app\\Libraries\\phpqrcode\\qrlib.php')
 3 SYSTEMPATH\Autoloader\Autoloader.php(317): include_once('C:\\xampp\\htdocs\\sarkod\\app\\Controllers\\SiparisInceleController.php')
 4 SYSTEMPATH\Autoloader\Autoloader.php(296): CodeIgniter\Autoloader\Autoloader->includeFile('C:\\xampp\\htdocs\\sarkod\\app\\Controllers\\SiparisInceleController.php')
 5 SYSTEMPATH\Autoloader\Autoloader.php(272): CodeIgniter\Autoloader\Autoloader->loadInNamespace('App\\Controllers\\SiparisInceleController')
 6 [internal function]: CodeIgniter\Autoloader\Autoloader->loadClass('App\\Controllers\\SiparisInceleController')
 7 SYSTEMPATH\CodeIgniter.php(887): class_exists('\\App\\Controllers\\SiparisInceleController', true)
 8 SYSTEMPATH\CodeIgniter.php(496): CodeIgniter\CodeIgniter->startController()
 9 SYSTEMPATH\CodeIgniter.php(355): CodeIgniter\CodeIgniter->handleRequest(null, Object(Config\Cache), false)
10 SYSTEMPATH\Boot.php(325): CodeIgniter\CodeIgniter->run()
11 SYSTEMPATH\Boot.php(67): CodeIgniter\Boot::runCodeIgniter(Object(CodeIgniter\CodeIgniter))
12 FCPATH\index.php(56): CodeIgniter\Boot::bootWeb(Object(Config\Paths))
WARNING - 2025-04-01 11:51:30 --> [DEPRECATED] Optional parameter $saveandprint declared before required parameter $fore_color is implicitly treated as a required parameter in APPPATH\Libraries\phpqrcode\qrvect.php on line 140.
 1 APPPATH\Libraries\phpqrcode\qrlib.php(37): include('C:\\xampp\\htdocs\\sarkod\\system\\Debug\\Exceptions.php')
 2 APPPATH\Controllers\SiparisInceleController.php(8): require_once('C:\\xampp\\htdocs\\sarkod\\app\\Libraries\\phpqrcode\\qrlib.php')
 3 SYSTEMPATH\Autoloader\Autoloader.php(317): include_once('C:\\xampp\\htdocs\\sarkod\\app\\Controllers\\SiparisInceleController.php')
 4 SYSTEMPATH\Autoloader\Autoloader.php(296): CodeIgniter\Autoloader\Autoloader->includeFile('C:\\xampp\\htdocs\\sarkod\\app\\Controllers\\SiparisInceleController.php')
 5 SYSTEMPATH\Autoloader\Autoloader.php(272): CodeIgniter\Autoloader\Autoloader->loadInNamespace('App\\Controllers\\SiparisInceleController')
 6 [internal function]: CodeIgniter\Autoloader\Autoloader->loadClass('App\\Controllers\\SiparisInceleController')
 7 SYSTEMPATH\CodeIgniter.php(887): class_exists('\\App\\Controllers\\SiparisInceleController', true)
 8 SYSTEMPATH\CodeIgniter.php(496): CodeIgniter\CodeIgniter->startController()
 9 SYSTEMPATH\CodeIgniter.php(355): CodeIgniter\CodeIgniter->handleRequest(null, Object(Config\Cache), false)
10 SYSTEMPATH\Boot.php(325): CodeIgniter\CodeIgniter->run()
11 SYSTEMPATH\Boot.php(67): CodeIgniter\Boot::runCodeIgniter(Object(CodeIgniter\CodeIgniter))
12 FCPATH\index.php(56): CodeIgniter\Boot::bootWeb(Object(Config\Paths))
INFO - 2025-04-01 11:51:30 --> Session: Class initialized using 'CodeIgniter\Session\Handlers\FileHandler' driver.
INFO - 2025-04-01 11:51:38 --> Session: Class initialized using 'CodeIgniter\Session\Handlers\FileHandler' driver.
WARNING - 2025-04-01 11:51:42 --> [DEPRECATED] Optional parameter $filename declared before required parameter $fore_color is implicitly treated as a required parameter in APPPATH\Libraries\phpqrcode\qrimage.php on line 30.
 1 APPPATH\Libraries\phpqrcode\qrlib.php(36): include('C:\\xampp\\htdocs\\sarkod\\system\\Debug\\Exceptions.php')
 2 APPPATH\Controllers\SiparisInceleController.php(8): require_once('C:\\xampp\\htdocs\\sarkod\\app\\Libraries\\phpqrcode\\qrlib.php')
 3 SYSTEMPATH\Autoloader\Autoloader.php(317): include_once('C:\\xampp\\htdocs\\sarkod\\app\\Controllers\\SiparisInceleController.php')
 4 SYSTEMPATH\Autoloader\Autoloader.php(296): CodeIgniter\Autoloader\Autoloader->includeFile('C:\\xampp\\htdocs\\sarkod\\app\\Controllers\\SiparisInceleController.php')
 5 SYSTEMPATH\Autoloader\Autoloader.php(272): CodeIgniter\Autoloader\Autoloader->loadInNamespace('App\\Controllers\\SiparisInceleController')
 6 [internal function]: CodeIgniter\Autoloader\Autoloader->loadClass('App\\Controllers\\SiparisInceleController')
 7 SYSTEMPATH\CodeIgniter.php(887): class_exists('\\App\\Controllers\\SiparisInceleController', true)
 8 SYSTEMPATH\CodeIgniter.php(496): CodeIgniter\CodeIgniter->startController()
 9 SYSTEMPATH\CodeIgniter.php(355): CodeIgniter\CodeIgniter->handleRequest(null, Object(Config\Cache), false)
10 SYSTEMPATH\Boot.php(325): CodeIgniter\CodeIgniter->run()
11 SYSTEMPATH\Boot.php(67): CodeIgniter\Boot::runCodeIgniter(Object(CodeIgniter\CodeIgniter))
12 FCPATH\index.php(56): CodeIgniter\Boot::bootWeb(Object(Config\Paths))
WARNING - 2025-04-01 11:51:42 --> [DEPRECATED] Optional parameter $pixelPerPoint declared before required parameter $fore_color is implicitly treated as a required parameter in APPPATH\Libraries\phpqrcode\qrimage.php on line 0.
 1 APPPATH\Libraries\phpqrcode\qrlib.php(36): include('C:\\xampp\\htdocs\\sarkod\\system\\Debug\\Exceptions.php')
 2 APPPATH\Controllers\SiparisInceleController.php(8): require_once('C:\\xampp\\htdocs\\sarkod\\app\\Libraries\\phpqrcode\\qrlib.php')
 3 SYSTEMPATH\Autoloader\Autoloader.php(317): include_once('C:\\xampp\\htdocs\\sarkod\\app\\Controllers\\SiparisInceleController.php')
 4 SYSTEMPATH\Autoloader\Autoloader.php(296): CodeIgniter\Autoloader\Autoloader->includeFile('C:\\xampp\\htdocs\\sarkod\\app\\Controllers\\SiparisInceleController.php')
 5 SYSTEMPATH\Autoloader\Autoloader.php(272): CodeIgniter\Autoloader\Autoloader->loadInNamespace('App\\Controllers\\SiparisInceleController')
 6 [internal function]: CodeIgniter\Autoloader\Autoloader->loadClass('App\\Controllers\\SiparisInceleController')
 7 SYSTEMPATH\CodeIgniter.php(887): class_exists('\\App\\Controllers\\SiparisInceleController', true)
 8 SYSTEMPATH\CodeIgniter.php(496): CodeIgniter\CodeIgniter->startController()
 9 SYSTEMPATH\CodeIgniter.php(355): CodeIgniter\CodeIgniter->handleRequest(null, Object(Config\Cache), false)
10 SYSTEMPATH\Boot.php(325): CodeIgniter\CodeIgniter->run()
11 SYSTEMPATH\Boot.php(67): CodeIgniter\Boot::runCodeIgniter(Object(CodeIgniter\CodeIgniter))
12 FCPATH\index.php(56): CodeIgniter\Boot::bootWeb(Object(Config\Paths))
WARNING - 2025-04-01 11:51:42 --> [DEPRECATED] Optional parameter $outerFrame declared before required parameter $fore_color is implicitly treated as a required parameter in APPPATH\Libraries\phpqrcode\qrimage.php on line 0.
 1 APPPATH\Libraries\phpqrcode\qrlib.php(36): include('C:\\xampp\\htdocs\\sarkod\\system\\Debug\\Exceptions.php')
 2 APPPATH\Controllers\SiparisInceleController.php(8): require_once('C:\\xampp\\htdocs\\sarkod\\app\\Libraries\\phpqrcode\\qrlib.php')
 3 SYSTEMPATH\Autoloader\Autoloader.php(317): include_once('C:\\xampp\\htdocs\\sarkod\\app\\Controllers\\SiparisInceleController.php')
 4 SYSTEMPATH\Autoloader\Autoloader.php(296): CodeIgniter\Autoloader\Autoloader->includeFile('C:\\xampp\\htdocs\\sarkod\\app\\Controllers\\SiparisInceleController.php')
 5 SYSTEMPATH\Autoloader\Autoloader.php(272): CodeIgniter\Autoloader\Autoloader->loadInNamespace('App\\Controllers\\SiparisInceleController')
 6 [internal function]: CodeIgniter\Autoloader\Autoloader->loadClass('App\\Controllers\\SiparisInceleController')
 7 SYSTEMPATH\CodeIgniter.php(887): class_exists('\\App\\Controllers\\SiparisInceleController', true)
 8 SYSTEMPATH\CodeIgniter.php(496): CodeIgniter\CodeIgniter->startController()
 9 SYSTEMPATH\CodeIgniter.php(355): CodeIgniter\CodeIgniter->handleRequest(null, Object(Config\Cache), false)
10 SYSTEMPATH\Boot.php(325): CodeIgniter\CodeIgniter->run()
11 SYSTEMPATH\Boot.php(67): CodeIgniter\Boot::runCodeIgniter(Object(CodeIgniter\CodeIgniter))
12 FCPATH\index.php(56): CodeIgniter\Boot::bootWeb(Object(Config\Paths))
WARNING - 2025-04-01 11:51:42 --> [DEPRECATED] Optional parameter $saveandprint declared before required parameter $fore_color is implicitly treated as a required parameter in APPPATH\Libraries\phpqrcode\qrimage.php on line 0.
 1 APPPATH\Libraries\phpqrcode\qrlib.php(36): include('C:\\xampp\\htdocs\\sarkod\\system\\Debug\\Exceptions.php')
 2 APPPATH\Controllers\SiparisInceleController.php(8): require_once('C:\\xampp\\htdocs\\sarkod\\app\\Libraries\\phpqrcode\\qrlib.php')
 3 SYSTEMPATH\Autoloader\Autoloader.php(317): include_once('C:\\xampp\\htdocs\\sarkod\\app\\Controllers\\SiparisInceleController.php')
 4 SYSTEMPATH\Autoloader\Autoloader.php(296): CodeIgniter\Autoloader\Autoloader->includeFile('C:\\xampp\\htdocs\\sarkod\\app\\Controllers\\SiparisInceleController.php')
 5 SYSTEMPATH\Autoloader\Autoloader.php(272): CodeIgniter\Autoloader\Autoloader->loadInNamespace('App\\Controllers\\SiparisInceleController')
 6 [internal function]: CodeIgniter\Autoloader\Autoloader->loadClass('App\\Controllers\\SiparisInceleController')
 7 SYSTEMPATH\CodeIgniter.php(887): class_exists('\\App\\Controllers\\SiparisInceleController', true)
 8 SYSTEMPATH\CodeIgniter.php(496): CodeIgniter\CodeIgniter->startController()
 9 SYSTEMPATH\CodeIgniter.php(355): CodeIgniter\CodeIgniter->handleRequest(null, Object(Config\Cache), false)
10 SYSTEMPATH\Boot.php(325): CodeIgniter\CodeIgniter->run()
11 SYSTEMPATH\Boot.php(67): CodeIgniter\Boot::runCodeIgniter(Object(CodeIgniter\CodeIgniter))
12 FCPATH\index.php(56): CodeIgniter\Boot::bootWeb(Object(Config\Paths))
WARNING - 2025-04-01 11:51:42 --> [DEPRECATED] Optional parameter $filename declared before required parameter $fore_color is implicitly treated as a required parameter in APPPATH\Libraries\phpqrcode\qrvect.php on line 140.
 1 APPPATH\Libraries\phpqrcode\qrlib.php(37): include('C:\\xampp\\htdocs\\sarkod\\system\\Debug\\Exceptions.php')
 2 APPPATH\Controllers\SiparisInceleController.php(8): require_once('C:\\xampp\\htdocs\\sarkod\\app\\Libraries\\phpqrcode\\qrlib.php')
 3 SYSTEMPATH\Autoloader\Autoloader.php(317): include_once('C:\\xampp\\htdocs\\sarkod\\app\\Controllers\\SiparisInceleController.php')
 4 SYSTEMPATH\Autoloader\Autoloader.php(296): CodeIgniter\Autoloader\Autoloader->includeFile('C:\\xampp\\htdocs\\sarkod\\app\\Controllers\\SiparisInceleController.php')
 5 SYSTEMPATH\Autoloader\Autoloader.php(272): CodeIgniter\Autoloader\Autoloader->loadInNamespace('App\\Controllers\\SiparisInceleController')
 6 [internal function]: CodeIgniter\Autoloader\Autoloader->loadClass('App\\Controllers\\SiparisInceleController')
 7 SYSTEMPATH\CodeIgniter.php(887): class_exists('\\App\\Controllers\\SiparisInceleController', true)
 8 SYSTEMPATH\CodeIgniter.php(496): CodeIgniter\CodeIgniter->startController()
 9 SYSTEMPATH\CodeIgniter.php(355): CodeIgniter\CodeIgniter->handleRequest(null, Object(Config\Cache), false)
10 SYSTEMPATH\Boot.php(325): CodeIgniter\CodeIgniter->run()
11 SYSTEMPATH\Boot.php(67): CodeIgniter\Boot::runCodeIgniter(Object(CodeIgniter\CodeIgniter))
12 FCPATH\index.php(56): CodeIgniter\Boot::bootWeb(Object(Config\Paths))
WARNING - 2025-04-01 11:51:42 --> [DEPRECATED] Optional parameter $pixelPerPoint declared before required parameter $fore_color is implicitly treated as a required parameter in APPPATH\Libraries\phpqrcode\qrvect.php on line 140.
 1 APPPATH\Libraries\phpqrcode\qrlib.php(37): include('C:\\xampp\\htdocs\\sarkod\\system\\Debug\\Exceptions.php')
 2 APPPATH\Controllers\SiparisInceleController.php(8): require_once('C:\\xampp\\htdocs\\sarkod\\app\\Libraries\\phpqrcode\\qrlib.php')
 3 SYSTEMPATH\Autoloader\Autoloader.php(317): include_once('C:\\xampp\\htdocs\\sarkod\\app\\Controllers\\SiparisInceleController.php')
 4 SYSTEMPATH\Autoloader\Autoloader.php(296): CodeIgniter\Autoloader\Autoloader->includeFile('C:\\xampp\\htdocs\\sarkod\\app\\Controllers\\SiparisInceleController.php')
 5 SYSTEMPATH\Autoloader\Autoloader.php(272): CodeIgniter\Autoloader\Autoloader->loadInNamespace('App\\Controllers\\SiparisInceleController')
 6 [internal function]: CodeIgniter\Autoloader\Autoloader->loadClass('App\\Controllers\\SiparisInceleController')
 7 SYSTEMPATH\CodeIgniter.php(887): class_exists('\\App\\Controllers\\SiparisInceleController', true)
 8 SYSTEMPATH\CodeIgniter.php(496): CodeIgniter\CodeIgniter->startController()
 9 SYSTEMPATH\CodeIgniter.php(355): CodeIgniter\CodeIgniter->handleRequest(null, Object(Config\Cache), false)
10 SYSTEMPATH\Boot.php(325): CodeIgniter\CodeIgniter->run()
11 SYSTEMPATH\Boot.php(67): CodeIgniter\Boot::runCodeIgniter(Object(CodeIgniter\CodeIgniter))
12 FCPATH\index.php(56): CodeIgniter\Boot::bootWeb(Object(Config\Paths))
WARNING - 2025-04-01 11:51:42 --> [DEPRECATED] Optional parameter $outerFrame declared before required parameter $fore_color is implicitly treated as a required parameter in APPPATH\Libraries\phpqrcode\qrvect.php on line 140.
 1 APPPATH\Libraries\phpqrcode\qrlib.php(37): include('C:\\xampp\\htdocs\\sarkod\\system\\Debug\\Exceptions.php')
 2 APPPATH\Controllers\SiparisInceleController.php(8): require_once('C:\\xampp\\htdocs\\sarkod\\app\\Libraries\\phpqrcode\\qrlib.php')
 3 SYSTEMPATH\Autoloader\Autoloader.php(317): include_once('C:\\xampp\\htdocs\\sarkod\\app\\Controllers\\SiparisInceleController.php')
 4 SYSTEMPATH\Autoloader\Autoloader.php(296): CodeIgniter\Autoloader\Autoloader->includeFile('C:\\xampp\\htdocs\\sarkod\\app\\Controllers\\SiparisInceleController.php')
 5 SYSTEMPATH\Autoloader\Autoloader.php(272): CodeIgniter\Autoloader\Autoloader->loadInNamespace('App\\Controllers\\SiparisInceleController')
 6 [internal function]: CodeIgniter\Autoloader\Autoloader->loadClass('App\\Controllers\\SiparisInceleController')
 7 SYSTEMPATH\CodeIgniter.php(887): class_exists('\\App\\Controllers\\SiparisInceleController', true)
 8 SYSTEMPATH\CodeIgniter.php(496): CodeIgniter\CodeIgniter->startController()
 9 SYSTEMPATH\CodeIgniter.php(355): CodeIgniter\CodeIgniter->handleRequest(null, Object(Config\Cache), false)
10 SYSTEMPATH\Boot.php(325): CodeIgniter\CodeIgniter->run()
11 SYSTEMPATH\Boot.php(67): CodeIgniter\Boot::runCodeIgniter(Object(CodeIgniter\CodeIgniter))
12 FCPATH\index.php(56): CodeIgniter\Boot::bootWeb(Object(Config\Paths))
WARNING - 2025-04-01 11:51:42 --> [DEPRECATED] Optional parameter $saveandprint declared before required parameter $fore_color is implicitly treated as a required parameter in APPPATH\Libraries\phpqrcode\qrvect.php on line 140.
 1 APPPATH\Libraries\phpqrcode\qrlib.php(37): include('C:\\xampp\\htdocs\\sarkod\\system\\Debug\\Exceptions.php')
 2 APPPATH\Controllers\SiparisInceleController.php(8): require_once('C:\\xampp\\htdocs\\sarkod\\app\\Libraries\\phpqrcode\\qrlib.php')
 3 SYSTEMPATH\Autoloader\Autoloader.php(317): include_once('C:\\xampp\\htdocs\\sarkod\\app\\Controllers\\SiparisInceleController.php')
 4 SYSTEMPATH\Autoloader\Autoloader.php(296): CodeIgniter\Autoloader\Autoloader->includeFile('C:\\xampp\\htdocs\\sarkod\\app\\Controllers\\SiparisInceleController.php')
 5 SYSTEMPATH\Autoloader\Autoloader.php(272): CodeIgniter\Autoloader\Autoloader->loadInNamespace('App\\Controllers\\SiparisInceleController')
 6 [internal function]: CodeIgniter\Autoloader\Autoloader->loadClass('App\\Controllers\\SiparisInceleController')
 7 SYSTEMPATH\CodeIgniter.php(887): class_exists('\\App\\Controllers\\SiparisInceleController', true)
 8 SYSTEMPATH\CodeIgniter.php(496): CodeIgniter\CodeIgniter->startController()
 9 SYSTEMPATH\CodeIgniter.php(355): CodeIgniter\CodeIgniter->handleRequest(null, Object(Config\Cache), false)
10 SYSTEMPATH\Boot.php(325): CodeIgniter\CodeIgniter->run()
11 SYSTEMPATH\Boot.php(67): CodeIgniter\Boot::runCodeIgniter(Object(CodeIgniter\CodeIgniter))
12 FCPATH\index.php(56): CodeIgniter\Boot::bootWeb(Object(Config\Paths))
INFO - 2025-04-01 11:51:42 --> Session: Class initialized using 'CodeIgniter\Session\Handlers\FileHandler' driver.
INFO - 2025-04-01 11:51:50 --> Session: Class initialized using 'CodeIgniter\Session\Handlers\FileHandler' driver.
WARNING - 2025-04-01 11:53:27 --> [DEPRECATED] Optional parameter $filename declared before required parameter $fore_color is implicitly treated as a required parameter in APPPATH\Libraries\phpqrcode\qrimage.php on line 30.
 1 APPPATH\Libraries\phpqrcode\qrlib.php(36): include('C:\\xampp\\htdocs\\sarkod\\system\\Debug\\Exceptions.php')
 2 APPPATH\Controllers\SiparisInceleController.php(8): require_once('C:\\xampp\\htdocs\\sarkod\\app\\Libraries\\phpqrcode\\qrlib.php')
 3 SYSTEMPATH\Autoloader\Autoloader.php(317): include_once('C:\\xampp\\htdocs\\sarkod\\app\\Controllers\\SiparisInceleController.php')
 4 SYSTEMPATH\Autoloader\Autoloader.php(296): CodeIgniter\Autoloader\Autoloader->includeFile('C:\\xampp\\htdocs\\sarkod\\app\\Controllers\\SiparisInceleController.php')
 5 SYSTEMPATH\Autoloader\Autoloader.php(272): CodeIgniter\Autoloader\Autoloader->loadInNamespace('App\\Controllers\\SiparisInceleController')
 6 [internal function]: CodeIgniter\Autoloader\Autoloader->loadClass('App\\Controllers\\SiparisInceleController')
 7 SYSTEMPATH\CodeIgniter.php(887): class_exists('\\App\\Controllers\\SiparisInceleController', true)
 8 SYSTEMPATH\CodeIgniter.php(496): CodeIgniter\CodeIgniter->startController()
 9 SYSTEMPATH\CodeIgniter.php(355): CodeIgniter\CodeIgniter->handleRequest(null, Object(Config\Cache), false)
10 SYSTEMPATH\Boot.php(325): CodeIgniter\CodeIgniter->run()
11 SYSTEMPATH\Boot.php(67): CodeIgniter\Boot::runCodeIgniter(Object(CodeIgniter\CodeIgniter))
12 FCPATH\index.php(56): CodeIgniter\Boot::bootWeb(Object(Config\Paths))
WARNING - 2025-04-01 11:53:27 --> [DEPRECATED] Optional parameter $pixelPerPoint declared before required parameter $fore_color is implicitly treated as a required parameter in APPPATH\Libraries\phpqrcode\qrimage.php on line 0.
 1 APPPATH\Libraries\phpqrcode\qrlib.php(36): include('C:\\xampp\\htdocs\\sarkod\\system\\Debug\\Exceptions.php')
 2 APPPATH\Controllers\SiparisInceleController.php(8): require_once('C:\\xampp\\htdocs\\sarkod\\app\\Libraries\\phpqrcode\\qrlib.php')
 3 SYSTEMPATH\Autoloader\Autoloader.php(317): include_once('C:\\xampp\\htdocs\\sarkod\\app\\Controllers\\SiparisInceleController.php')
 4 SYSTEMPATH\Autoloader\Autoloader.php(296): CodeIgniter\Autoloader\Autoloader->includeFile('C:\\xampp\\htdocs\\sarkod\\app\\Controllers\\SiparisInceleController.php')
 5 SYSTEMPATH\Autoloader\Autoloader.php(272): CodeIgniter\Autoloader\Autoloader->loadInNamespace('App\\Controllers\\SiparisInceleController')
 6 [internal function]: CodeIgniter\Autoloader\Autoloader->loadClass('App\\Controllers\\SiparisInceleController')
 7 SYSTEMPATH\CodeIgniter.php(887): class_exists('\\App\\Controllers\\SiparisInceleController', true)
 8 SYSTEMPATH\CodeIgniter.php(496): CodeIgniter\CodeIgniter->startController()
 9 SYSTEMPATH\CodeIgniter.php(355): CodeIgniter\CodeIgniter->handleRequest(null, Object(Config\Cache), false)
10 SYSTEMPATH\Boot.php(325): CodeIgniter\CodeIgniter->run()
11 SYSTEMPATH\Boot.php(67): CodeIgniter\Boot::runCodeIgniter(Object(CodeIgniter\CodeIgniter))
12 FCPATH\index.php(56): CodeIgniter\Boot::bootWeb(Object(Config\Paths))
WARNING - 2025-04-01 11:53:27 --> [DEPRECATED] Optional parameter $outerFrame declared before required parameter $fore_color is implicitly treated as a required parameter in APPPATH\Libraries\phpqrcode\qrimage.php on line 0.
 1 APPPATH\Libraries\phpqrcode\qrlib.php(36): include('C:\\xampp\\htdocs\\sarkod\\system\\Debug\\Exceptions.php')
 2 APPPATH\Controllers\SiparisInceleController.php(8): require_once('C:\\xampp\\htdocs\\sarkod\\app\\Libraries\\phpqrcode\\qrlib.php')
 3 SYSTEMPATH\Autoloader\Autoloader.php(317): include_once('C:\\xampp\\htdocs\\sarkod\\app\\Controllers\\SiparisInceleController.php')
 4 SYSTEMPATH\Autoloader\Autoloader.php(296): CodeIgniter\Autoloader\Autoloader->includeFile('C:\\xampp\\htdocs\\sarkod\\app\\Controllers\\SiparisInceleController.php')
 5 SYSTEMPATH\Autoloader\Autoloader.php(272): CodeIgniter\Autoloader\Autoloader->loadInNamespace('App\\Controllers\\SiparisInceleController')
 6 [internal function]: CodeIgniter\Autoloader\Autoloader->loadClass('App\\Controllers\\SiparisInceleController')
 7 SYSTEMPATH\CodeIgniter.php(887): class_exists('\\App\\Controllers\\SiparisInceleController', true)
 8 SYSTEMPATH\CodeIgniter.php(496): CodeIgniter\CodeIgniter->startController()
 9 SYSTEMPATH\CodeIgniter.php(355): CodeIgniter\CodeIgniter->handleRequest(null, Object(Config\Cache), false)
10 SYSTEMPATH\Boot.php(325): CodeIgniter\CodeIgniter->run()
11 SYSTEMPATH\Boot.php(67): CodeIgniter\Boot::runCodeIgniter(Object(CodeIgniter\CodeIgniter))
12 FCPATH\index.php(56): CodeIgniter\Boot::bootWeb(Object(Config\Paths))
WARNING - 2025-04-01 11:53:27 --> [DEPRECATED] Optional parameter $saveandprint declared before required parameter $fore_color is implicitly treated as a required parameter in APPPATH\Libraries\phpqrcode\qrimage.php on line 0.
 1 APPPATH\Libraries\phpqrcode\qrlib.php(36): include('C:\\xampp\\htdocs\\sarkod\\system\\Debug\\Exceptions.php')
 2 APPPATH\Controllers\SiparisInceleController.php(8): require_once('C:\\xampp\\htdocs\\sarkod\\app\\Libraries\\phpqrcode\\qrlib.php')
 3 SYSTEMPATH\Autoloader\Autoloader.php(317): include_once('C:\\xampp\\htdocs\\sarkod\\app\\Controllers\\SiparisInceleController.php')
 4 SYSTEMPATH\Autoloader\Autoloader.php(296): CodeIgniter\Autoloader\Autoloader->includeFile('C:\\xampp\\htdocs\\sarkod\\app\\Controllers\\SiparisInceleController.php')
 5 SYSTEMPATH\Autoloader\Autoloader.php(272): CodeIgniter\Autoloader\Autoloader->loadInNamespace('App\\Controllers\\SiparisInceleController')
 6 [internal function]: CodeIgniter\Autoloader\Autoloader->loadClass('App\\Controllers\\SiparisInceleController')
 7 SYSTEMPATH\CodeIgniter.php(887): class_exists('\\App\\Controllers\\SiparisInceleController', true)
 8 SYSTEMPATH\CodeIgniter.php(496): CodeIgniter\CodeIgniter->startController()
 9 SYSTEMPATH\CodeIgniter.php(355): CodeIgniter\CodeIgniter->handleRequest(null, Object(Config\Cache), false)
10 SYSTEMPATH\Boot.php(325): CodeIgniter\CodeIgniter->run()
11 SYSTEMPATH\Boot.php(67): CodeIgniter\Boot::runCodeIgniter(Object(CodeIgniter\CodeIgniter))
12 FCPATH\index.php(56): CodeIgniter\Boot::bootWeb(Object(Config\Paths))
WARNING - 2025-04-01 11:53:27 --> [DEPRECATED] Optional parameter $filename declared before required parameter $fore_color is implicitly treated as a required parameter in APPPATH\Libraries\phpqrcode\qrvect.php on line 140.
 1 APPPATH\Libraries\phpqrcode\qrlib.php(37): include('C:\\xampp\\htdocs\\sarkod\\system\\Debug\\Exceptions.php')
 2 APPPATH\Controllers\SiparisInceleController.php(8): require_once('C:\\xampp\\htdocs\\sarkod\\app\\Libraries\\phpqrcode\\qrlib.php')
 3 SYSTEMPATH\Autoloader\Autoloader.php(317): include_once('C:\\xampp\\htdocs\\sarkod\\app\\Controllers\\SiparisInceleController.php')
 4 SYSTEMPATH\Autoloader\Autoloader.php(296): CodeIgniter\Autoloader\Autoloader->includeFile('C:\\xampp\\htdocs\\sarkod\\app\\Controllers\\SiparisInceleController.php')
 5 SYSTEMPATH\Autoloader\Autoloader.php(272): CodeIgniter\Autoloader\Autoloader->loadInNamespace('App\\Controllers\\SiparisInceleController')
 6 [internal function]: CodeIgniter\Autoloader\Autoloader->loadClass('App\\Controllers\\SiparisInceleController')
 7 SYSTEMPATH\CodeIgniter.php(887): class_exists('\\App\\Controllers\\SiparisInceleController', true)
 8 SYSTEMPATH\CodeIgniter.php(496): CodeIgniter\CodeIgniter->startController()
 9 SYSTEMPATH\CodeIgniter.php(355): CodeIgniter\CodeIgniter->handleRequest(null, Object(Config\Cache), false)
10 SYSTEMPATH\Boot.php(325): CodeIgniter\CodeIgniter->run()
11 SYSTEMPATH\Boot.php(67): CodeIgniter\Boot::runCodeIgniter(Object(CodeIgniter\CodeIgniter))
12 FCPATH\index.php(56): CodeIgniter\Boot::bootWeb(Object(Config\Paths))
WARNING - 2025-04-01 11:53:27 --> [DEPRECATED] Optional parameter $pixelPerPoint declared before required parameter $fore_color is implicitly treated as a required parameter in APPPATH\Libraries\phpqrcode\qrvect.php on line 140.
 1 APPPATH\Libraries\phpqrcode\qrlib.php(37): include('C:\\xampp\\htdocs\\sarkod\\system\\Debug\\Exceptions.php')
 2 APPPATH\Controllers\SiparisInceleController.php(8): require_once('C:\\xampp\\htdocs\\sarkod\\app\\Libraries\\phpqrcode\\qrlib.php')
 3 SYSTEMPATH\Autoloader\Autoloader.php(317): include_once('C:\\xampp\\htdocs\\sarkod\\app\\Controllers\\SiparisInceleController.php')
 4 SYSTEMPATH\Autoloader\Autoloader.php(296): CodeIgniter\Autoloader\Autoloader->includeFile('C:\\xampp\\htdocs\\sarkod\\app\\Controllers\\SiparisInceleController.php')
 5 SYSTEMPATH\Autoloader\Autoloader.php(272): CodeIgniter\Autoloader\Autoloader->loadInNamespace('App\\Controllers\\SiparisInceleController')
 6 [internal function]: CodeIgniter\Autoloader\Autoloader->loadClass('App\\Controllers\\SiparisInceleController')
 7 SYSTEMPATH\CodeIgniter.php(887): class_exists('\\App\\Controllers\\SiparisInceleController', true)
 8 SYSTEMPATH\CodeIgniter.php(496): CodeIgniter\CodeIgniter->startController()
 9 SYSTEMPATH\CodeIgniter.php(355): CodeIgniter\CodeIgniter->handleRequest(null, Object(Config\Cache), false)
10 SYSTEMPATH\Boot.php(325): CodeIgniter\CodeIgniter->run()
11 SYSTEMPATH\Boot.php(67): CodeIgniter\Boot::runCodeIgniter(Object(CodeIgniter\CodeIgniter))
12 FCPATH\index.php(56): CodeIgniter\Boot::bootWeb(Object(Config\Paths))
WARNING - 2025-04-01 11:53:27 --> [DEPRECATED] Optional parameter $outerFrame declared before required parameter $fore_color is implicitly treated as a required parameter in APPPATH\Libraries\phpqrcode\qrvect.php on line 140.
 1 APPPATH\Libraries\phpqrcode\qrlib.php(37): include('C:\\xampp\\htdocs\\sarkod\\system\\Debug\\Exceptions.php')
 2 APPPATH\Controllers\SiparisInceleController.php(8): require_once('C:\\xampp\\htdocs\\sarkod\\app\\Libraries\\phpqrcode\\qrlib.php')
 3 SYSTEMPATH\Autoloader\Autoloader.php(317): include_once('C:\\xampp\\htdocs\\sarkod\\app\\Controllers\\SiparisInceleController.php')
 4 SYSTEMPATH\Autoloader\Autoloader.php(296): CodeIgniter\Autoloader\Autoloader->includeFile('C:\\xampp\\htdocs\\sarkod\\app\\Controllers\\SiparisInceleController.php')
 5 SYSTEMPATH\Autoloader\Autoloader.php(272): CodeIgniter\Autoloader\Autoloader->loadInNamespace('App\\Controllers\\SiparisInceleController')
 6 [internal function]: CodeIgniter\Autoloader\Autoloader->loadClass('App\\Controllers\\SiparisInceleController')
 7 SYSTEMPATH\CodeIgniter.php(887): class_exists('\\App\\Controllers\\SiparisInceleController', true)
 8 SYSTEMPATH\CodeIgniter.php(496): CodeIgniter\CodeIgniter->startController()
 9 SYSTEMPATH\CodeIgniter.php(355): CodeIgniter\CodeIgniter->handleRequest(null, Object(Config\Cache), false)
10 SYSTEMPATH\Boot.php(325): CodeIgniter\CodeIgniter->run()
11 SYSTEMPATH\Boot.php(67): CodeIgniter\Boot::runCodeIgniter(Object(CodeIgniter\CodeIgniter))
12 FCPATH\index.php(56): CodeIgniter\Boot::bootWeb(Object(Config\Paths))
WARNING - 2025-04-01 11:53:27 --> [DEPRECATED] Optional parameter $saveandprint declared before required parameter $fore_color is implicitly treated as a required parameter in APPPATH\Libraries\phpqrcode\qrvect.php on line 140.
 1 APPPATH\Libraries\phpqrcode\qrlib.php(37): include('C:\\xampp\\htdocs\\sarkod\\system\\Debug\\Exceptions.php')
 2 APPPATH\Controllers\SiparisInceleController.php(8): require_once('C:\\xampp\\htdocs\\sarkod\\app\\Libraries\\phpqrcode\\qrlib.php')
 3 SYSTEMPATH\Autoloader\Autoloader.php(317): include_once('C:\\xampp\\htdocs\\sarkod\\app\\Controllers\\SiparisInceleController.php')
 4 SYSTEMPATH\Autoloader\Autoloader.php(296): CodeIgniter\Autoloader\Autoloader->includeFile('C:\\xampp\\htdocs\\sarkod\\app\\Controllers\\SiparisInceleController.php')
 5 SYSTEMPATH\Autoloader\Autoloader.php(272): CodeIgniter\Autoloader\Autoloader->loadInNamespace('App\\Controllers\\SiparisInceleController')
 6 [internal function]: CodeIgniter\Autoloader\Autoloader->loadClass('App\\Controllers\\SiparisInceleController')
 7 SYSTEMPATH\CodeIgniter.php(887): class_exists('\\App\\Controllers\\SiparisInceleController', true)
 8 SYSTEMPATH\CodeIgniter.php(496): CodeIgniter\CodeIgniter->startController()
 9 SYSTEMPATH\CodeIgniter.php(355): CodeIgniter\CodeIgniter->handleRequest(null, Object(Config\Cache), false)
10 SYSTEMPATH\Boot.php(325): CodeIgniter\CodeIgniter->run()
11 SYSTEMPATH\Boot.php(67): CodeIgniter\Boot::runCodeIgniter(Object(CodeIgniter\CodeIgniter))
12 FCPATH\index.php(56): CodeIgniter\Boot::bootWeb(Object(Config\Paths))
INFO - 2025-04-01 11:53:27 --> Session: Class initialized using 'CodeIgniter\Session\Handlers\FileHandler' driver.
CRITICAL - 2025-04-01 11:53:27 --> TypeError: App\Controllers\SiparisInceleController::index(): Return value must be of type string, CodeIgniter\HTTP\RedirectResponse returned
[Method: GET, Route: admin/incele]
in APPPATH\Controllers\SiparisInceleController.php on line 56.
 1 SYSTEMPATH\CodeIgniter.php(933): App\Controllers\SiparisInceleController->index()
 2 SYSTEMPATH\CodeIgniter.php(509): CodeIgniter\CodeIgniter->runController(Object(App\Controllers\SiparisInceleController))
 3 SYSTEMPATH\CodeIgniter.php(355): CodeIgniter\CodeIgniter->handleRequest(null, Object(Config\Cache), false)
 4 SYSTEMPATH\Boot.php(325): CodeIgniter\CodeIgniter->run()
 5 SYSTEMPATH\Boot.php(67): CodeIgniter\Boot::runCodeIgniter(Object(CodeIgniter\CodeIgniter))
 6 FCPATH\index.php(56): CodeIgniter\Boot::bootWeb(Object(Config\Paths))
WARNING - 2025-04-01 11:53:36 --> [DEPRECATED] Optional parameter $filename declared before required parameter $fore_color is implicitly treated as a required parameter in APPPATH\Libraries\phpqrcode\qrimage.php on line 30.
 1 APPPATH\Libraries\phpqrcode\qrlib.php(36): include('C:\\xampp\\htdocs\\sarkod\\system\\Debug\\Exceptions.php')
 2 APPPATH\Controllers\SiparisInceleController.php(8): require_once('C:\\xampp\\htdocs\\sarkod\\app\\Libraries\\phpqrcode\\qrlib.php')
 3 SYSTEMPATH\Autoloader\Autoloader.php(317): include_once('C:\\xampp\\htdocs\\sarkod\\app\\Controllers\\SiparisInceleController.php')
 4 SYSTEMPATH\Autoloader\Autoloader.php(296): CodeIgniter\Autoloader\Autoloader->includeFile('C:\\xampp\\htdocs\\sarkod\\app\\Controllers\\SiparisInceleController.php')
 5 SYSTEMPATH\Autoloader\Autoloader.php(272): CodeIgniter\Autoloader\Autoloader->loadInNamespace('App\\Controllers\\SiparisInceleController')
 6 [internal function]: CodeIgniter\Autoloader\Autoloader->loadClass('App\\Controllers\\SiparisInceleController')
 7 SYSTEMPATH\CodeIgniter.php(887): class_exists('\\App\\Controllers\\SiparisInceleController', true)
 8 SYSTEMPATH\CodeIgniter.php(496): CodeIgniter\CodeIgniter->startController()
 9 SYSTEMPATH\CodeIgniter.php(355): CodeIgniter\CodeIgniter->handleRequest(null, Object(Config\Cache), false)
10 SYSTEMPATH\Boot.php(325): CodeIgniter\CodeIgniter->run()
11 SYSTEMPATH\Boot.php(67): CodeIgniter\Boot::runCodeIgniter(Object(CodeIgniter\CodeIgniter))
12 FCPATH\index.php(56): CodeIgniter\Boot::bootWeb(Object(Config\Paths))
WARNING - 2025-04-01 11:53:36 --> [DEPRECATED] Optional parameter $pixelPerPoint declared before required parameter $fore_color is implicitly treated as a required parameter in APPPATH\Libraries\phpqrcode\qrimage.php on line 0.
 1 APPPATH\Libraries\phpqrcode\qrlib.php(36): include('C:\\xampp\\htdocs\\sarkod\\system\\Debug\\Exceptions.php')
 2 APPPATH\Controllers\SiparisInceleController.php(8): require_once('C:\\xampp\\htdocs\\sarkod\\app\\Libraries\\phpqrcode\\qrlib.php')
 3 SYSTEMPATH\Autoloader\Autoloader.php(317): include_once('C:\\xampp\\htdocs\\sarkod\\app\\Controllers\\SiparisInceleController.php')
 4 SYSTEMPATH\Autoloader\Autoloader.php(296): CodeIgniter\Autoloader\Autoloader->includeFile('C:\\xampp\\htdocs\\sarkod\\app\\Controllers\\SiparisInceleController.php')
 5 SYSTEMPATH\Autoloader\Autoloader.php(272): CodeIgniter\Autoloader\Autoloader->loadInNamespace('App\\Controllers\\SiparisInceleController')
 6 [internal function]: CodeIgniter\Autoloader\Autoloader->loadClass('App\\Controllers\\SiparisInceleController')
 7 SYSTEMPATH\CodeIgniter.php(887): class_exists('\\App\\Controllers\\SiparisInceleController', true)
 8 SYSTEMPATH\CodeIgniter.php(496): CodeIgniter\CodeIgniter->startController()
 9 SYSTEMPATH\CodeIgniter.php(355): CodeIgniter\CodeIgniter->handleRequest(null, Object(Config\Cache), false)
10 SYSTEMPATH\Boot.php(325): CodeIgniter\CodeIgniter->run()
11 SYSTEMPATH\Boot.php(67): CodeIgniter\Boot::runCodeIgniter(Object(CodeIgniter\CodeIgniter))
12 FCPATH\index.php(56): CodeIgniter\Boot::bootWeb(Object(Config\Paths))
WARNING - 2025-04-01 11:53:36 --> [DEPRECATED] Optional parameter $outerFrame declared before required parameter $fore_color is implicitly treated as a required parameter in APPPATH\Libraries\phpqrcode\qrimage.php on line 0.
 1 APPPATH\Libraries\phpqrcode\qrlib.php(36): include('C:\\xampp\\htdocs\\sarkod\\system\\Debug\\Exceptions.php')
 2 APPPATH\Controllers\SiparisInceleController.php(8): require_once('C:\\xampp\\htdocs\\sarkod\\app\\Libraries\\phpqrcode\\qrlib.php')
 3 SYSTEMPATH\Autoloader\Autoloader.php(317): include_once('C:\\xampp\\htdocs\\sarkod\\app\\Controllers\\SiparisInceleController.php')
 4 SYSTEMPATH\Autoloader\Autoloader.php(296): CodeIgniter\Autoloader\Autoloader->includeFile('C:\\xampp\\htdocs\\sarkod\\app\\Controllers\\SiparisInceleController.php')
 5 SYSTEMPATH\Autoloader\Autoloader.php(272): CodeIgniter\Autoloader\Autoloader->loadInNamespace('App\\Controllers\\SiparisInceleController')
 6 [internal function]: CodeIgniter\Autoloader\Autoloader->loadClass('App\\Controllers\\SiparisInceleController')
 7 SYSTEMPATH\CodeIgniter.php(887): class_exists('\\App\\Controllers\\SiparisInceleController', true)
 8 SYSTEMPATH\CodeIgniter.php(496): CodeIgniter\CodeIgniter->startController()
 9 SYSTEMPATH\CodeIgniter.php(355): CodeIgniter\CodeIgniter->handleRequest(null, Object(Config\Cache), false)
10 SYSTEMPATH\Boot.php(325): CodeIgniter\CodeIgniter->run()
11 SYSTEMPATH\Boot.php(67): CodeIgniter\Boot::runCodeIgniter(Object(CodeIgniter\CodeIgniter))
12 FCPATH\index.php(56): CodeIgniter\Boot::bootWeb(Object(Config\Paths))
WARNING - 2025-04-01 11:53:36 --> [DEPRECATED] Optional parameter $saveandprint declared before required parameter $fore_color is implicitly treated as a required parameter in APPPATH\Libraries\phpqrcode\qrimage.php on line 0.
 1 APPPATH\Libraries\phpqrcode\qrlib.php(36): include('C:\\xampp\\htdocs\\sarkod\\system\\Debug\\Exceptions.php')
 2 APPPATH\Controllers\SiparisInceleController.php(8): require_once('C:\\xampp\\htdocs\\sarkod\\app\\Libraries\\phpqrcode\\qrlib.php')
 3 SYSTEMPATH\Autoloader\Autoloader.php(317): include_once('C:\\xampp\\htdocs\\sarkod\\app\\Controllers\\SiparisInceleController.php')
 4 SYSTEMPATH\Autoloader\Autoloader.php(296): CodeIgniter\Autoloader\Autoloader->includeFile('C:\\xampp\\htdocs\\sarkod\\app\\Controllers\\SiparisInceleController.php')
 5 SYSTEMPATH\Autoloader\Autoloader.php(272): CodeIgniter\Autoloader\Autoloader->loadInNamespace('App\\Controllers\\SiparisInceleController')
 6 [internal function]: CodeIgniter\Autoloader\Autoloader->loadClass('App\\Controllers\\SiparisInceleController')
 7 SYSTEMPATH\CodeIgniter.php(887): class_exists('\\App\\Controllers\\SiparisInceleController', true)
 8 SYSTEMPATH\CodeIgniter.php(496): CodeIgniter\CodeIgniter->startController()
 9 SYSTEMPATH\CodeIgniter.php(355): CodeIgniter\CodeIgniter->handleRequest(null, Object(Config\Cache), false)
10 SYSTEMPATH\Boot.php(325): CodeIgniter\CodeIgniter->run()
11 SYSTEMPATH\Boot.php(67): CodeIgniter\Boot::runCodeIgniter(Object(CodeIgniter\CodeIgniter))
12 FCPATH\index.php(56): CodeIgniter\Boot::bootWeb(Object(Config\Paths))
WARNING - 2025-04-01 11:53:36 --> [DEPRECATED] Optional parameter $filename declared before required parameter $fore_color is implicitly treated as a required parameter in APPPATH\Libraries\phpqrcode\qrvect.php on line 140.
 1 APPPATH\Libraries\phpqrcode\qrlib.php(37): include('C:\\xampp\\htdocs\\sarkod\\system\\Debug\\Exceptions.php')
 2 APPPATH\Controllers\SiparisInceleController.php(8): require_once('C:\\xampp\\htdocs\\sarkod\\app\\Libraries\\phpqrcode\\qrlib.php')
 3 SYSTEMPATH\Autoloader\Autoloader.php(317): include_once('C:\\xampp\\htdocs\\sarkod\\app\\Controllers\\SiparisInceleController.php')
 4 SYSTEMPATH\Autoloader\Autoloader.php(296): CodeIgniter\Autoloader\Autoloader->includeFile('C:\\xampp\\htdocs\\sarkod\\app\\Controllers\\SiparisInceleController.php')
 5 SYSTEMPATH\Autoloader\Autoloader.php(272): CodeIgniter\Autoloader\Autoloader->loadInNamespace('App\\Controllers\\SiparisInceleController')
 6 [internal function]: CodeIgniter\Autoloader\Autoloader->loadClass('App\\Controllers\\SiparisInceleController')
 7 SYSTEMPATH\CodeIgniter.php(887): class_exists('\\App\\Controllers\\SiparisInceleController', true)
 8 SYSTEMPATH\CodeIgniter.php(496): CodeIgniter\CodeIgniter->startController()
 9 SYSTEMPATH\CodeIgniter.php(355): CodeIgniter\CodeIgniter->handleRequest(null, Object(Config\Cache), false)
10 SYSTEMPATH\Boot.php(325): CodeIgniter\CodeIgniter->run()
11 SYSTEMPATH\Boot.php(67): CodeIgniter\Boot::runCodeIgniter(Object(CodeIgniter\CodeIgniter))
12 FCPATH\index.php(56): CodeIgniter\Boot::bootWeb(Object(Config\Paths))
WARNING - 2025-04-01 11:53:36 --> [DEPRECATED] Optional parameter $pixelPerPoint declared before required parameter $fore_color is implicitly treated as a required parameter in APPPATH\Libraries\phpqrcode\qrvect.php on line 140.
 1 APPPATH\Libraries\phpqrcode\qrlib.php(37): include('C:\\xampp\\htdocs\\sarkod\\system\\Debug\\Exceptions.php')
 2 APPPATH\Controllers\SiparisInceleController.php(8): require_once('C:\\xampp\\htdocs\\sarkod\\app\\Libraries\\phpqrcode\\qrlib.php')
 3 SYSTEMPATH\Autoloader\Autoloader.php(317): include_once('C:\\xampp\\htdocs\\sarkod\\app\\Controllers\\SiparisInceleController.php')
 4 SYSTEMPATH\Autoloader\Autoloader.php(296): CodeIgniter\Autoloader\Autoloader->includeFile('C:\\xampp\\htdocs\\sarkod\\app\\Controllers\\SiparisInceleController.php')
 5 SYSTEMPATH\Autoloader\Autoloader.php(272): CodeIgniter\Autoloader\Autoloader->loadInNamespace('App\\Controllers\\SiparisInceleController')
 6 [internal function]: CodeIgniter\Autoloader\Autoloader->loadClass('App\\Controllers\\SiparisInceleController')
 7 SYSTEMPATH\CodeIgniter.php(887): class_exists('\\App\\Controllers\\SiparisInceleController', true)
 8 SYSTEMPATH\CodeIgniter.php(496): CodeIgniter\CodeIgniter->startController()
 9 SYSTEMPATH\CodeIgniter.php(355): CodeIgniter\CodeIgniter->handleRequest(null, Object(Config\Cache), false)
10 SYSTEMPATH\Boot.php(325): CodeIgniter\CodeIgniter->run()
11 SYSTEMPATH\Boot.php(67): CodeIgniter\Boot::runCodeIgniter(Object(CodeIgniter\CodeIgniter))
12 FCPATH\index.php(56): CodeIgniter\Boot::bootWeb(Object(Config\Paths))
WARNING - 2025-04-01 11:53:36 --> [DEPRECATED] Optional parameter $outerFrame declared before required parameter $fore_color is implicitly treated as a required parameter in APPPATH\Libraries\phpqrcode\qrvect.php on line 140.
 1 APPPATH\Libraries\phpqrcode\qrlib.php(37): include('C:\\xampp\\htdocs\\sarkod\\system\\Debug\\Exceptions.php')
 2 APPPATH\Controllers\SiparisInceleController.php(8): require_once('C:\\xampp\\htdocs\\sarkod\\app\\Libraries\\phpqrcode\\qrlib.php')
 3 SYSTEMPATH\Autoloader\Autoloader.php(317): include_once('C:\\xampp\\htdocs\\sarkod\\app\\Controllers\\SiparisInceleController.php')
 4 SYSTEMPATH\Autoloader\Autoloader.php(296): CodeIgniter\Autoloader\Autoloader->includeFile('C:\\xampp\\htdocs\\sarkod\\app\\Controllers\\SiparisInceleController.php')
 5 SYSTEMPATH\Autoloader\Autoloader.php(272): CodeIgniter\Autoloader\Autoloader->loadInNamespace('App\\Controllers\\SiparisInceleController')
 6 [internal function]: CodeIgniter\Autoloader\Autoloader->loadClass('App\\Controllers\\SiparisInceleController')
 7 SYSTEMPATH\CodeIgniter.php(887): class_exists('\\App\\Controllers\\SiparisInceleController', true)
 8 SYSTEMPATH\CodeIgniter.php(496): CodeIgniter\CodeIgniter->startController()
 9 SYSTEMPATH\CodeIgniter.php(355): CodeIgniter\CodeIgniter->handleRequest(null, Object(Config\Cache), false)
10 SYSTEMPATH\Boot.php(325): CodeIgniter\CodeIgniter->run()
11 SYSTEMPATH\Boot.php(67): CodeIgniter\Boot::runCodeIgniter(Object(CodeIgniter\CodeIgniter))
12 FCPATH\index.php(56): CodeIgniter\Boot::bootWeb(Object(Config\Paths))
WARNING - 2025-04-01 11:53:36 --> [DEPRECATED] Optional parameter $saveandprint declared before required parameter $fore_color is implicitly treated as a required parameter in APPPATH\Libraries\phpqrcode\qrvect.php on line 140.
 1 APPPATH\Libraries\phpqrcode\qrlib.php(37): include('C:\\xampp\\htdocs\\sarkod\\system\\Debug\\Exceptions.php')
 2 APPPATH\Controllers\SiparisInceleController.php(8): require_once('C:\\xampp\\htdocs\\sarkod\\app\\Libraries\\phpqrcode\\qrlib.php')
 3 SYSTEMPATH\Autoloader\Autoloader.php(317): include_once('C:\\xampp\\htdocs\\sarkod\\app\\Controllers\\SiparisInceleController.php')
 4 SYSTEMPATH\Autoloader\Autoloader.php(296): CodeIgniter\Autoloader\Autoloader->includeFile('C:\\xampp\\htdocs\\sarkod\\app\\Controllers\\SiparisInceleController.php')
 5 SYSTEMPATH\Autoloader\Autoloader.php(272): CodeIgniter\Autoloader\Autoloader->loadInNamespace('App\\Controllers\\SiparisInceleController')
 6 [internal function]: CodeIgniter\Autoloader\Autoloader->loadClass('App\\Controllers\\SiparisInceleController')
 7 SYSTEMPATH\CodeIgniter.php(887): class_exists('\\App\\Controllers\\SiparisInceleController', true)
 8 SYSTEMPATH\CodeIgniter.php(496): CodeIgniter\CodeIgniter->startController()
 9 SYSTEMPATH\CodeIgniter.php(355): CodeIgniter\CodeIgniter->handleRequest(null, Object(Config\Cache), false)
10 SYSTEMPATH\Boot.php(325): CodeIgniter\CodeIgniter->run()
11 SYSTEMPATH\Boot.php(67): CodeIgniter\Boot::runCodeIgniter(Object(CodeIgniter\CodeIgniter))
12 FCPATH\index.php(56): CodeIgniter\Boot::bootWeb(Object(Config\Paths))
INFO - 2025-04-01 11:53:36 --> Session: Class initialized using 'CodeIgniter\Session\Handlers\FileHandler' driver.
INFO - 2025-04-01 11:54:14 --> Session: Class initialized using 'CodeIgniter\Session\Handlers\FileHandler' driver.
WARNING - 2025-04-01 11:54:17 --> [DEPRECATED] Optional parameter $filename declared before required parameter $fore_color is implicitly treated as a required parameter in APPPATH\Libraries\phpqrcode\qrimage.php on line 30.
 1 APPPATH\Libraries\phpqrcode\qrlib.php(36): include('C:\\xampp\\htdocs\\sarkod\\system\\Debug\\Exceptions.php')
 2 APPPATH\Controllers\SiparisInceleController.php(8): require_once('C:\\xampp\\htdocs\\sarkod\\app\\Libraries\\phpqrcode\\qrlib.php')
 3 SYSTEMPATH\Autoloader\Autoloader.php(317): include_once('C:\\xampp\\htdocs\\sarkod\\app\\Controllers\\SiparisInceleController.php')
 4 SYSTEMPATH\Autoloader\Autoloader.php(296): CodeIgniter\Autoloader\Autoloader->includeFile('C:\\xampp\\htdocs\\sarkod\\app\\Controllers\\SiparisInceleController.php')
 5 SYSTEMPATH\Autoloader\Autoloader.php(272): CodeIgniter\Autoloader\Autoloader->loadInNamespace('App\\Controllers\\SiparisInceleController')
 6 [internal function]: CodeIgniter\Autoloader\Autoloader->loadClass('App\\Controllers\\SiparisInceleController')
 7 SYSTEMPATH\CodeIgniter.php(887): class_exists('\\App\\Controllers\\SiparisInceleController', true)
 8 SYSTEMPATH\CodeIgniter.php(496): CodeIgniter\CodeIgniter->startController()
 9 SYSTEMPATH\CodeIgniter.php(355): CodeIgniter\CodeIgniter->handleRequest(null, Object(Config\Cache), false)
10 SYSTEMPATH\Boot.php(325): CodeIgniter\CodeIgniter->run()
11 SYSTEMPATH\Boot.php(67): CodeIgniter\Boot::runCodeIgniter(Object(CodeIgniter\CodeIgniter))
12 FCPATH\index.php(56): CodeIgniter\Boot::bootWeb(Object(Config\Paths))
WARNING - 2025-04-01 11:54:17 --> [DEPRECATED] Optional parameter $pixelPerPoint declared before required parameter $fore_color is implicitly treated as a required parameter in APPPATH\Libraries\phpqrcode\qrimage.php on line 0.
 1 APPPATH\Libraries\phpqrcode\qrlib.php(36): include('C:\\xampp\\htdocs\\sarkod\\system\\Debug\\Exceptions.php')
 2 APPPATH\Controllers\SiparisInceleController.php(8): require_once('C:\\xampp\\htdocs\\sarkod\\app\\Libraries\\phpqrcode\\qrlib.php')
 3 SYSTEMPATH\Autoloader\Autoloader.php(317): include_once('C:\\xampp\\htdocs\\sarkod\\app\\Controllers\\SiparisInceleController.php')
 4 SYSTEMPATH\Autoloader\Autoloader.php(296): CodeIgniter\Autoloader\Autoloader->includeFile('C:\\xampp\\htdocs\\sarkod\\app\\Controllers\\SiparisInceleController.php')
 5 SYSTEMPATH\Autoloader\Autoloader.php(272): CodeIgniter\Autoloader\Autoloader->loadInNamespace('App\\Controllers\\SiparisInceleController')
 6 [internal function]: CodeIgniter\Autoloader\Autoloader->loadClass('App\\Controllers\\SiparisInceleController')
 7 SYSTEMPATH\CodeIgniter.php(887): class_exists('\\App\\Controllers\\SiparisInceleController', true)
 8 SYSTEMPATH\CodeIgniter.php(496): CodeIgniter\CodeIgniter->startController()
 9 SYSTEMPATH\CodeIgniter.php(355): CodeIgniter\CodeIgniter->handleRequest(null, Object(Config\Cache), false)
10 SYSTEMPATH\Boot.php(325): CodeIgniter\CodeIgniter->run()
11 SYSTEMPATH\Boot.php(67): CodeIgniter\Boot::runCodeIgniter(Object(CodeIgniter\CodeIgniter))
12 FCPATH\index.php(56): CodeIgniter\Boot::bootWeb(Object(Config\Paths))
WARNING - 2025-04-01 11:54:17 --> [DEPRECATED] Optional parameter $outerFrame declared before required parameter $fore_color is implicitly treated as a required parameter in APPPATH\Libraries\phpqrcode\qrimage.php on line 0.
 1 APPPATH\Libraries\phpqrcode\qrlib.php(36): include('C:\\xampp\\htdocs\\sarkod\\system\\Debug\\Exceptions.php')
 2 APPPATH\Controllers\SiparisInceleController.php(8): require_once('C:\\xampp\\htdocs\\sarkod\\app\\Libraries\\phpqrcode\\qrlib.php')
 3 SYSTEMPATH\Autoloader\Autoloader.php(317): include_once('C:\\xampp\\htdocs\\sarkod\\app\\Controllers\\SiparisInceleController.php')
 4 SYSTEMPATH\Autoloader\Autoloader.php(296): CodeIgniter\Autoloader\Autoloader->includeFile('C:\\xampp\\htdocs\\sarkod\\app\\Controllers\\SiparisInceleController.php')
 5 SYSTEMPATH\Autoloader\Autoloader.php(272): CodeIgniter\Autoloader\Autoloader->loadInNamespace('App\\Controllers\\SiparisInceleController')
 6 [internal function]: CodeIgniter\Autoloader\Autoloader->loadClass('App\\Controllers\\SiparisInceleController')
 7 SYSTEMPATH\CodeIgniter.php(887): class_exists('\\App\\Controllers\\SiparisInceleController', true)
 8 SYSTEMPATH\CodeIgniter.php(496): CodeIgniter\CodeIgniter->startController()
 9 SYSTEMPATH\CodeIgniter.php(355): CodeIgniter\CodeIgniter->handleRequest(null, Object(Config\Cache), false)
10 SYSTEMPATH\Boot.php(325): CodeIgniter\CodeIgniter->run()
11 SYSTEMPATH\Boot.php(67): CodeIgniter\Boot::runCodeIgniter(Object(CodeIgniter\CodeIgniter))
12 FCPATH\index.php(56): CodeIgniter\Boot::bootWeb(Object(Config\Paths))
WARNING - 2025-04-01 11:54:17 --> [DEPRECATED] Optional parameter $saveandprint declared before required parameter $fore_color is implicitly treated as a required parameter in APPPATH\Libraries\phpqrcode\qrimage.php on line 0.
 1 APPPATH\Libraries\phpqrcode\qrlib.php(36): include('C:\\xampp\\htdocs\\sarkod\\system\\Debug\\Exceptions.php')
 2 APPPATH\Controllers\SiparisInceleController.php(8): require_once('C:\\xampp\\htdocs\\sarkod\\app\\Libraries\\phpqrcode\\qrlib.php')
 3 SYSTEMPATH\Autoloader\Autoloader.php(317): include_once('C:\\xampp\\htdocs\\sarkod\\app\\Controllers\\SiparisInceleController.php')
 4 SYSTEMPATH\Autoloader\Autoloader.php(296): CodeIgniter\Autoloader\Autoloader->includeFile('C:\\xampp\\htdocs\\sarkod\\app\\Controllers\\SiparisInceleController.php')
 5 SYSTEMPATH\Autoloader\Autoloader.php(272): CodeIgniter\Autoloader\Autoloader->loadInNamespace('App\\Controllers\\SiparisInceleController')
 6 [internal function]: CodeIgniter\Autoloader\Autoloader->loadClass('App\\Controllers\\SiparisInceleController')
 7 SYSTEMPATH\CodeIgniter.php(887): class_exists('\\App\\Controllers\\SiparisInceleController', true)
 8 SYSTEMPATH\CodeIgniter.php(496): CodeIgniter\CodeIgniter->startController()
 9 SYSTEMPATH\CodeIgniter.php(355): CodeIgniter\CodeIgniter->handleRequest(null, Object(Config\Cache), false)
10 SYSTEMPATH\Boot.php(325): CodeIgniter\CodeIgniter->run()
11 SYSTEMPATH\Boot.php(67): CodeIgniter\Boot::runCodeIgniter(Object(CodeIgniter\CodeIgniter))
12 FCPATH\index.php(56): CodeIgniter\Boot::bootWeb(Object(Config\Paths))
WARNING - 2025-04-01 11:54:17 --> [DEPRECATED] Optional parameter $filename declared before required parameter $fore_color is implicitly treated as a required parameter in APPPATH\Libraries\phpqrcode\qrvect.php on line 140.
 1 APPPATH\Libraries\phpqrcode\qrlib.php(37): include('C:\\xampp\\htdocs\\sarkod\\system\\Debug\\Exceptions.php')
 2 APPPATH\Controllers\SiparisInceleController.php(8): require_once('C:\\xampp\\htdocs\\sarkod\\app\\Libraries\\phpqrcode\\qrlib.php')
 3 SYSTEMPATH\Autoloader\Autoloader.php(317): include_once('C:\\xampp\\htdocs\\sarkod\\app\\Controllers\\SiparisInceleController.php')
 4 SYSTEMPATH\Autoloader\Autoloader.php(296): CodeIgniter\Autoloader\Autoloader->includeFile('C:\\xampp\\htdocs\\sarkod\\app\\Controllers\\SiparisInceleController.php')
 5 SYSTEMPATH\Autoloader\Autoloader.php(272): CodeIgniter\Autoloader\Autoloader->loadInNamespace('App\\Controllers\\SiparisInceleController')
 6 [internal function]: CodeIgniter\Autoloader\Autoloader->loadClass('App\\Controllers\\SiparisInceleController')
 7 SYSTEMPATH\CodeIgniter.php(887): class_exists('\\App\\Controllers\\SiparisInceleController', true)
 8 SYSTEMPATH\CodeIgniter.php(496): CodeIgniter\CodeIgniter->startController()
 9 SYSTEMPATH\CodeIgniter.php(355): CodeIgniter\CodeIgniter->handleRequest(null, Object(Config\Cache), false)
10 SYSTEMPATH\Boot.php(325): CodeIgniter\CodeIgniter->run()
11 SYSTEMPATH\Boot.php(67): CodeIgniter\Boot::runCodeIgniter(Object(CodeIgniter\CodeIgniter))
12 FCPATH\index.php(56): CodeIgniter\Boot::bootWeb(Object(Config\Paths))
WARNING - 2025-04-01 11:54:17 --> [DEPRECATED] Optional parameter $pixelPerPoint declared before required parameter $fore_color is implicitly treated as a required parameter in APPPATH\Libraries\phpqrcode\qrvect.php on line 140.
 1 APPPATH\Libraries\phpqrcode\qrlib.php(37): include('C:\\xampp\\htdocs\\sarkod\\system\\Debug\\Exceptions.php')
 2 APPPATH\Controllers\SiparisInceleController.php(8): require_once('C:\\xampp\\htdocs\\sarkod\\app\\Libraries\\phpqrcode\\qrlib.php')
 3 SYSTEMPATH\Autoloader\Autoloader.php(317): include_once('C:\\xampp\\htdocs\\sarkod\\app\\Controllers\\SiparisInceleController.php')
 4 SYSTEMPATH\Autoloader\Autoloader.php(296): CodeIgniter\Autoloader\Autoloader->includeFile('C:\\xampp\\htdocs\\sarkod\\app\\Controllers\\SiparisInceleController.php')
 5 SYSTEMPATH\Autoloader\Autoloader.php(272): CodeIgniter\Autoloader\Autoloader->loadInNamespace('App\\Controllers\\SiparisInceleController')
 6 [internal function]: CodeIgniter\Autoloader\Autoloader->loadClass('App\\Controllers\\SiparisInceleController')
 7 SYSTEMPATH\CodeIgniter.php(887): class_exists('\\App\\Controllers\\SiparisInceleController', true)
 8 SYSTEMPATH\CodeIgniter.php(496): CodeIgniter\CodeIgniter->startController()
 9 SYSTEMPATH\CodeIgniter.php(355): CodeIgniter\CodeIgniter->handleRequest(null, Object(Config\Cache), false)
10 SYSTEMPATH\Boot.php(325): CodeIgniter\CodeIgniter->run()
11 SYSTEMPATH\Boot.php(67): CodeIgniter\Boot::runCodeIgniter(Object(CodeIgniter\CodeIgniter))
12 FCPATH\index.php(56): CodeIgniter\Boot::bootWeb(Object(Config\Paths))
WARNING - 2025-04-01 11:54:17 --> [DEPRECATED] Optional parameter $outerFrame declared before required parameter $fore_color is implicitly treated as a required parameter in APPPATH\Libraries\phpqrcode\qrvect.php on line 140.
 1 APPPATH\Libraries\phpqrcode\qrlib.php(37): include('C:\\xampp\\htdocs\\sarkod\\system\\Debug\\Exceptions.php')
 2 APPPATH\Controllers\SiparisInceleController.php(8): require_once('C:\\xampp\\htdocs\\sarkod\\app\\Libraries\\phpqrcode\\qrlib.php')
 3 SYSTEMPATH\Autoloader\Autoloader.php(317): include_once('C:\\xampp\\htdocs\\sarkod\\app\\Controllers\\SiparisInceleController.php')
 4 SYSTEMPATH\Autoloader\Autoloader.php(296): CodeIgniter\Autoloader\Autoloader->includeFile('C:\\xampp\\htdocs\\sarkod\\app\\Controllers\\SiparisInceleController.php')
 5 SYSTEMPATH\Autoloader\Autoloader.php(272): CodeIgniter\Autoloader\Autoloader->loadInNamespace('App\\Controllers\\SiparisInceleController')
 6 [internal function]: CodeIgniter\Autoloader\Autoloader->loadClass('App\\Controllers\\SiparisInceleController')
 7 SYSTEMPATH\CodeIgniter.php(887): class_exists('\\App\\Controllers\\SiparisInceleController', true)
 8 SYSTEMPATH\CodeIgniter.php(496): CodeIgniter\CodeIgniter->startController()
 9 SYSTEMPATH\CodeIgniter.php(355): CodeIgniter\CodeIgniter->handleRequest(null, Object(Config\Cache), false)
10 SYSTEMPATH\Boot.php(325): CodeIgniter\CodeIgniter->run()
11 SYSTEMPATH\Boot.php(67): CodeIgniter\Boot::runCodeIgniter(Object(CodeIgniter\CodeIgniter))
12 FCPATH\index.php(56): CodeIgniter\Boot::bootWeb(Object(Config\Paths))
WARNING - 2025-04-01 11:54:17 --> [DEPRECATED] Optional parameter $saveandprint declared before required parameter $fore_color is implicitly treated as a required parameter in APPPATH\Libraries\phpqrcode\qrvect.php on line 140.
 1 APPPATH\Libraries\phpqrcode\qrlib.php(37): include('C:\\xampp\\htdocs\\sarkod\\system\\Debug\\Exceptions.php')
 2 APPPATH\Controllers\SiparisInceleController.php(8): require_once('C:\\xampp\\htdocs\\sarkod\\app\\Libraries\\phpqrcode\\qrlib.php')
 3 SYSTEMPATH\Autoloader\Autoloader.php(317): include_once('C:\\xampp\\htdocs\\sarkod\\app\\Controllers\\SiparisInceleController.php')
 4 SYSTEMPATH\Autoloader\Autoloader.php(296): CodeIgniter\Autoloader\Autoloader->includeFile('C:\\xampp\\htdocs\\sarkod\\app\\Controllers\\SiparisInceleController.php')
 5 SYSTEMPATH\Autoloader\Autoloader.php(272): CodeIgniter\Autoloader\Autoloader->loadInNamespace('App\\Controllers\\SiparisInceleController')
 6 [internal function]: CodeIgniter\Autoloader\Autoloader->loadClass('App\\Controllers\\SiparisInceleController')
 7 SYSTEMPATH\CodeIgniter.php(887): class_exists('\\App\\Controllers\\SiparisInceleController', true)
 8 SYSTEMPATH\CodeIgniter.php(496): CodeIgniter\CodeIgniter->startController()
 9 SYSTEMPATH\CodeIgniter.php(355): CodeIgniter\CodeIgniter->handleRequest(null, Object(Config\Cache), false)
10 SYSTEMPATH\Boot.php(325): CodeIgniter\CodeIgniter->run()
11 SYSTEMPATH\Boot.php(67): CodeIgniter\Boot::runCodeIgniter(Object(CodeIgniter\CodeIgniter))
12 FCPATH\index.php(56): CodeIgniter\Boot::bootWeb(Object(Config\Paths))
INFO - 2025-04-01 11:54:17 --> Session: Class initialized using 'CodeIgniter\Session\Handlers\FileHandler' driver.
CRITICAL - 2025-04-01 11:54:17 --> Error: Class "App\Controllers\QRcode" not found
[Method: GET, Route: admin/incele]
in APPPATH\Controllers\SiparisInceleController.php on line 42.
 1 SYSTEMPATH\CodeIgniter.php(933): App\Controllers\SiparisInceleController->index()
 2 SYSTEMPATH\CodeIgniter.php(509): CodeIgniter\CodeIgniter->runController(Object(App\Controllers\SiparisInceleController))
 3 SYSTEMPATH\CodeIgniter.php(355): CodeIgniter\CodeIgniter->handleRequest(null, Object(Config\Cache), false)
 4 SYSTEMPATH\Boot.php(325): CodeIgniter\CodeIgniter->run()
 5 SYSTEMPATH\Boot.php(67): CodeIgniter\Boot::runCodeIgniter(Object(CodeIgniter\CodeIgniter))
 6 FCPATH\index.php(56): CodeIgniter\Boot::bootWeb(Object(Config\Paths))
WARNING - 2025-04-01 11:54:34 --> [DEPRECATED] Optional parameter $filename declared before required parameter $fore_color is implicitly treated as a required parameter in APPPATH\Libraries\phpqrcode\qrimage.php on line 30.
 1 APPPATH\Libraries\phpqrcode\qrlib.php(36): include('C:\\xampp\\htdocs\\sarkod\\system\\Debug\\Exceptions.php')
 2 APPPATH\Controllers\SiparisInceleController.php(8): require_once('C:\\xampp\\htdocs\\sarkod\\app\\Libraries\\phpqrcode\\qrlib.php')
 3 SYSTEMPATH\Autoloader\Autoloader.php(317): include_once('C:\\xampp\\htdocs\\sarkod\\app\\Controllers\\SiparisInceleController.php')
 4 SYSTEMPATH\Autoloader\Autoloader.php(296): CodeIgniter\Autoloader\Autoloader->includeFile('C:\\xampp\\htdocs\\sarkod\\app\\Controllers\\SiparisInceleController.php')
 5 SYSTEMPATH\Autoloader\Autoloader.php(272): CodeIgniter\Autoloader\Autoloader->loadInNamespace('App\\Controllers\\SiparisInceleController')
 6 [internal function]: CodeIgniter\Autoloader\Autoloader->loadClass('App\\Controllers\\SiparisInceleController')
 7 SYSTEMPATH\CodeIgniter.php(887): class_exists('\\App\\Controllers\\SiparisInceleController', true)
 8 SYSTEMPATH\CodeIgniter.php(496): CodeIgniter\CodeIgniter->startController()
 9 SYSTEMPATH\CodeIgniter.php(355): CodeIgniter\CodeIgniter->handleRequest(null, Object(Config\Cache), false)
10 SYSTEMPATH\Boot.php(325): CodeIgniter\CodeIgniter->run()
11 SYSTEMPATH\Boot.php(67): CodeIgniter\Boot::runCodeIgniter(Object(CodeIgniter\CodeIgniter))
12 FCPATH\index.php(56): CodeIgniter\Boot::bootWeb(Object(Config\Paths))
WARNING - 2025-04-01 11:54:34 --> [DEPRECATED] Optional parameter $pixelPerPoint declared before required parameter $fore_color is implicitly treated as a required parameter in APPPATH\Libraries\phpqrcode\qrimage.php on line 0.
 1 APPPATH\Libraries\phpqrcode\qrlib.php(36): include('C:\\xampp\\htdocs\\sarkod\\system\\Debug\\Exceptions.php')
 2 APPPATH\Controllers\SiparisInceleController.php(8): require_once('C:\\xampp\\htdocs\\sarkod\\app\\Libraries\\phpqrcode\\qrlib.php')
 3 SYSTEMPATH\Autoloader\Autoloader.php(317): include_once('C:\\xampp\\htdocs\\sarkod\\app\\Controllers\\SiparisInceleController.php')
 4 SYSTEMPATH\Autoloader\Autoloader.php(296): CodeIgniter\Autoloader\Autoloader->includeFile('C:\\xampp\\htdocs\\sarkod\\app\\Controllers\\SiparisInceleController.php')
 5 SYSTEMPATH\Autoloader\Autoloader.php(272): CodeIgniter\Autoloader\Autoloader->loadInNamespace('App\\Controllers\\SiparisInceleController')
 6 [internal function]: CodeIgniter\Autoloader\Autoloader->loadClass('App\\Controllers\\SiparisInceleController')
 7 SYSTEMPATH\CodeIgniter.php(887): class_exists('\\App\\Controllers\\SiparisInceleController', true)
 8 SYSTEMPATH\CodeIgniter.php(496): CodeIgniter\CodeIgniter->startController()
 9 SYSTEMPATH\CodeIgniter.php(355): CodeIgniter\CodeIgniter->handleRequest(null, Object(Config\Cache), false)
10 SYSTEMPATH\Boot.php(325): CodeIgniter\CodeIgniter->run()
11 SYSTEMPATH\Boot.php(67): CodeIgniter\Boot::runCodeIgniter(Object(CodeIgniter\CodeIgniter))
12 FCPATH\index.php(56): CodeIgniter\Boot::bootWeb(Object(Config\Paths))
WARNING - 2025-04-01 11:54:34 --> [DEPRECATED] Optional parameter $outerFrame declared before required parameter $fore_color is implicitly treated as a required parameter in APPPATH\Libraries\phpqrcode\qrimage.php on line 0.
 1 APPPATH\Libraries\phpqrcode\qrlib.php(36): include('C:\\xampp\\htdocs\\sarkod\\system\\Debug\\Exceptions.php')
 2 APPPATH\Controllers\SiparisInceleController.php(8): require_once('C:\\xampp\\htdocs\\sarkod\\app\\Libraries\\phpqrcode\\qrlib.php')
 3 SYSTEMPATH\Autoloader\Autoloader.php(317): include_once('C:\\xampp\\htdocs\\sarkod\\app\\Controllers\\SiparisInceleController.php')
 4 SYSTEMPATH\Autoloader\Autoloader.php(296): CodeIgniter\Autoloader\Autoloader->includeFile('C:\\xampp\\htdocs\\sarkod\\app\\Controllers\\SiparisInceleController.php')
 5 SYSTEMPATH\Autoloader\Autoloader.php(272): CodeIgniter\Autoloader\Autoloader->loadInNamespace('App\\Controllers\\SiparisInceleController')
 6 [internal function]: CodeIgniter\Autoloader\Autoloader->loadClass('App\\Controllers\\SiparisInceleController')
 7 SYSTEMPATH\CodeIgniter.php(887): class_exists('\\App\\Controllers\\SiparisInceleController', true)
 8 SYSTEMPATH\CodeIgniter.php(496): CodeIgniter\CodeIgniter->startController()
 9 SYSTEMPATH\CodeIgniter.php(355): CodeIgniter\CodeIgniter->handleRequest(null, Object(Config\Cache), false)
10 SYSTEMPATH\Boot.php(325): CodeIgniter\CodeIgniter->run()
11 SYSTEMPATH\Boot.php(67): CodeIgniter\Boot::runCodeIgniter(Object(CodeIgniter\CodeIgniter))
12 FCPATH\index.php(56): CodeIgniter\Boot::bootWeb(Object(Config\Paths))
WARNING - 2025-04-01 11:54:34 --> [DEPRECATED] Optional parameter $saveandprint declared before required parameter $fore_color is implicitly treated as a required parameter in APPPATH\Libraries\phpqrcode\qrimage.php on line 0.
 1 APPPATH\Libraries\phpqrcode\qrlib.php(36): include('C:\\xampp\\htdocs\\sarkod\\system\\Debug\\Exceptions.php')
 2 APPPATH\Controllers\SiparisInceleController.php(8): require_once('C:\\xampp\\htdocs\\sarkod\\app\\Libraries\\phpqrcode\\qrlib.php')
 3 SYSTEMPATH\Autoloader\Autoloader.php(317): include_once('C:\\xampp\\htdocs\\sarkod\\app\\Controllers\\SiparisInceleController.php')
 4 SYSTEMPATH\Autoloader\Autoloader.php(296): CodeIgniter\Autoloader\Autoloader->includeFile('C:\\xampp\\htdocs\\sarkod\\app\\Controllers\\SiparisInceleController.php')
 5 SYSTEMPATH\Autoloader\Autoloader.php(272): CodeIgniter\Autoloader\Autoloader->loadInNamespace('App\\Controllers\\SiparisInceleController')
 6 [internal function]: CodeIgniter\Autoloader\Autoloader->loadClass('App\\Controllers\\SiparisInceleController')
 7 SYSTEMPATH\CodeIgniter.php(887): class_exists('\\App\\Controllers\\SiparisInceleController', true)
 8 SYSTEMPATH\CodeIgniter.php(496): CodeIgniter\CodeIgniter->startController()
 9 SYSTEMPATH\CodeIgniter.php(355): CodeIgniter\CodeIgniter->handleRequest(null, Object(Config\Cache), false)
10 SYSTEMPATH\Boot.php(325): CodeIgniter\CodeIgniter->run()
11 SYSTEMPATH\Boot.php(67): CodeIgniter\Boot::runCodeIgniter(Object(CodeIgniter\CodeIgniter))
12 FCPATH\index.php(56): CodeIgniter\Boot::bootWeb(Object(Config\Paths))
WARNING - 2025-04-01 11:54:34 --> [DEPRECATED] Optional parameter $filename declared before required parameter $fore_color is implicitly treated as a required parameter in APPPATH\Libraries\phpqrcode\qrvect.php on line 140.
 1 APPPATH\Libraries\phpqrcode\qrlib.php(37): include('C:\\xampp\\htdocs\\sarkod\\system\\Debug\\Exceptions.php')
 2 APPPATH\Controllers\SiparisInceleController.php(8): require_once('C:\\xampp\\htdocs\\sarkod\\app\\Libraries\\phpqrcode\\qrlib.php')
 3 SYSTEMPATH\Autoloader\Autoloader.php(317): include_once('C:\\xampp\\htdocs\\sarkod\\app\\Controllers\\SiparisInceleController.php')
 4 SYSTEMPATH\Autoloader\Autoloader.php(296): CodeIgniter\Autoloader\Autoloader->includeFile('C:\\xampp\\htdocs\\sarkod\\app\\Controllers\\SiparisInceleController.php')
 5 SYSTEMPATH\Autoloader\Autoloader.php(272): CodeIgniter\Autoloader\Autoloader->loadInNamespace('App\\Controllers\\SiparisInceleController')
 6 [internal function]: CodeIgniter\Autoloader\Autoloader->loadClass('App\\Controllers\\SiparisInceleController')
 7 SYSTEMPATH\CodeIgniter.php(887): class_exists('\\App\\Controllers\\SiparisInceleController', true)
 8 SYSTEMPATH\CodeIgniter.php(496): CodeIgniter\CodeIgniter->startController()
 9 SYSTEMPATH\CodeIgniter.php(355): CodeIgniter\CodeIgniter->handleRequest(null, Object(Config\Cache), false)
10 SYSTEMPATH\Boot.php(325): CodeIgniter\CodeIgniter->run()
11 SYSTEMPATH\Boot.php(67): CodeIgniter\Boot::runCodeIgniter(Object(CodeIgniter\CodeIgniter))
12 FCPATH\index.php(56): CodeIgniter\Boot::bootWeb(Object(Config\Paths))
WARNING - 2025-04-01 11:54:34 --> [DEPRECATED] Optional parameter $pixelPerPoint declared before required parameter $fore_color is implicitly treated as a required parameter in APPPATH\Libraries\phpqrcode\qrvect.php on line 140.
 1 APPPATH\Libraries\phpqrcode\qrlib.php(37): include('C:\\xampp\\htdocs\\sarkod\\system\\Debug\\Exceptions.php')
 2 APPPATH\Controllers\SiparisInceleController.php(8): require_once('C:\\xampp\\htdocs\\sarkod\\app\\Libraries\\phpqrcode\\qrlib.php')
 3 SYSTEMPATH\Autoloader\Autoloader.php(317): include_once('C:\\xampp\\htdocs\\sarkod\\app\\Controllers\\SiparisInceleController.php')
 4 SYSTEMPATH\Autoloader\Autoloader.php(296): CodeIgniter\Autoloader\Autoloader->includeFile('C:\\xampp\\htdocs\\sarkod\\app\\Controllers\\SiparisInceleController.php')
 5 SYSTEMPATH\Autoloader\Autoloader.php(272): CodeIgniter\Autoloader\Autoloader->loadInNamespace('App\\Controllers\\SiparisInceleController')
 6 [internal function]: CodeIgniter\Autoloader\Autoloader->loadClass('App\\Controllers\\SiparisInceleController')
 7 SYSTEMPATH\CodeIgniter.php(887): class_exists('\\App\\Controllers\\SiparisInceleController', true)
 8 SYSTEMPATH\CodeIgniter.php(496): CodeIgniter\CodeIgniter->startController()
 9 SYSTEMPATH\CodeIgniter.php(355): CodeIgniter\CodeIgniter->handleRequest(null, Object(Config\Cache), false)
10 SYSTEMPATH\Boot.php(325): CodeIgniter\CodeIgniter->run()
11 SYSTEMPATH\Boot.php(67): CodeIgniter\Boot::runCodeIgniter(Object(CodeIgniter\CodeIgniter))
12 FCPATH\index.php(56): CodeIgniter\Boot::bootWeb(Object(Config\Paths))
WARNING - 2025-04-01 11:54:34 --> [DEPRECATED] Optional parameter $outerFrame declared before required parameter $fore_color is implicitly treated as a required parameter in APPPATH\Libraries\phpqrcode\qrvect.php on line 140.
 1 APPPATH\Libraries\phpqrcode\qrlib.php(37): include('C:\\xampp\\htdocs\\sarkod\\system\\Debug\\Exceptions.php')
 2 APPPATH\Controllers\SiparisInceleController.php(8): require_once('C:\\xampp\\htdocs\\sarkod\\app\\Libraries\\phpqrcode\\qrlib.php')
 3 SYSTEMPATH\Autoloader\Autoloader.php(317): include_once('C:\\xampp\\htdocs\\sarkod\\app\\Controllers\\SiparisInceleController.php')
 4 SYSTEMPATH\Autoloader\Autoloader.php(296): CodeIgniter\Autoloader\Autoloader->includeFile('C:\\xampp\\htdocs\\sarkod\\app\\Controllers\\SiparisInceleController.php')
 5 SYSTEMPATH\Autoloader\Autoloader.php(272): CodeIgniter\Autoloader\Autoloader->loadInNamespace('App\\Controllers\\SiparisInceleController')
 6 [internal function]: CodeIgniter\Autoloader\Autoloader->loadClass('App\\Controllers\\SiparisInceleController')
 7 SYSTEMPATH\CodeIgniter.php(887): class_exists('\\App\\Controllers\\SiparisInceleController', true)
 8 SYSTEMPATH\CodeIgniter.php(496): CodeIgniter\CodeIgniter->startController()
 9 SYSTEMPATH\CodeIgniter.php(355): CodeIgniter\CodeIgniter->handleRequest(null, Object(Config\Cache), false)
10 SYSTEMPATH\Boot.php(325): CodeIgniter\CodeIgniter->run()
11 SYSTEMPATH\Boot.php(67): CodeIgniter\Boot::runCodeIgniter(Object(CodeIgniter\CodeIgniter))
12 FCPATH\index.php(56): CodeIgniter\Boot::bootWeb(Object(Config\Paths))
WARNING - 2025-04-01 11:54:34 --> [DEPRECATED] Optional parameter $saveandprint declared before required parameter $fore_color is implicitly treated as a required parameter in APPPATH\Libraries\phpqrcode\qrvect.php on line 140.
 1 APPPATH\Libraries\phpqrcode\qrlib.php(37): include('C:\\xampp\\htdocs\\sarkod\\system\\Debug\\Exceptions.php')
 2 APPPATH\Controllers\SiparisInceleController.php(8): require_once('C:\\xampp\\htdocs\\sarkod\\app\\Libraries\\phpqrcode\\qrlib.php')
 3 SYSTEMPATH\Autoloader\Autoloader.php(317): include_once('C:\\xampp\\htdocs\\sarkod\\app\\Controllers\\SiparisInceleController.php')
 4 SYSTEMPATH\Autoloader\Autoloader.php(296): CodeIgniter\Autoloader\Autoloader->includeFile('C:\\xampp\\htdocs\\sarkod\\app\\Controllers\\SiparisInceleController.php')
 5 SYSTEMPATH\Autoloader\Autoloader.php(272): CodeIgniter\Autoloader\Autoloader->loadInNamespace('App\\Controllers\\SiparisInceleController')
 6 [internal function]: CodeIgniter\Autoloader\Autoloader->loadClass('App\\Controllers\\SiparisInceleController')
 7 SYSTEMPATH\CodeIgniter.php(887): class_exists('\\App\\Controllers\\SiparisInceleController', true)
 8 SYSTEMPATH\CodeIgniter.php(496): CodeIgniter\CodeIgniter->startController()
 9 SYSTEMPATH\CodeIgniter.php(355): CodeIgniter\CodeIgniter->handleRequest(null, Object(Config\Cache), false)
10 SYSTEMPATH\Boot.php(325): CodeIgniter\CodeIgniter->run()
11 SYSTEMPATH\Boot.php(67): CodeIgniter\Boot::runCodeIgniter(Object(CodeIgniter\CodeIgniter))
12 FCPATH\index.php(56): CodeIgniter\Boot::bootWeb(Object(Config\Paths))
INFO - 2025-04-01 11:54:34 --> Session: Class initialized using 'CodeIgniter\Session\Handlers\FileHandler' driver.
INFO - 2025-04-01 11:54:48 --> Session: Class initialized using 'CodeIgniter\Session\Handlers\FileHandler' driver.
INFO - 2025-04-01 11:54:49 --> Session: Class initialized using 'CodeIgniter\Session\Handlers\FileHandler' driver.
INFO - 2025-04-01 11:54:50 --> Session: Class initialized using 'CodeIgniter\Session\Handlers\FileHandler' driver.
INFO - 2025-04-01 11:54:51 --> Session: Class initialized using 'CodeIgniter\Session\Handlers\FileHandler' driver.
INFO - 2025-04-01 11:54:55 --> Session: Class initialized using 'CodeIgniter\Session\Handlers\FileHandler' driver.
INFO - 2025-04-01 11:54:56 --> Session: Class initialized using 'CodeIgniter\Session\Handlers\FileHandler' driver.
INFO - 2025-04-01 11:57:50 --> Session: Class initialized using 'CodeIgniter\Session\Handlers\FileHandler' driver.
WARNING - 2025-04-01 11:57:53 --> [DEPRECATED] Optional parameter $filename declared before required parameter $fore_color is implicitly treated as a required parameter in APPPATH\Libraries\phpqrcode\qrimage.php on line 30.
 1 APPPATH\Libraries\phpqrcode\qrlib.php(36): include('C:\\xampp\\htdocs\\sarkod\\system\\Debug\\Exceptions.php')
 2 APPPATH\Controllers\SiparisInceleController.php(8): require_once('C:\\xampp\\htdocs\\sarkod\\app\\Libraries\\phpqrcode\\qrlib.php')
 3 SYSTEMPATH\Autoloader\Autoloader.php(317): include_once('C:\\xampp\\htdocs\\sarkod\\app\\Controllers\\SiparisInceleController.php')
 4 SYSTEMPATH\Autoloader\Autoloader.php(296): CodeIgniter\Autoloader\Autoloader->includeFile('C:\\xampp\\htdocs\\sarkod\\app\\Controllers\\SiparisInceleController.php')
 5 SYSTEMPATH\Autoloader\Autoloader.php(272): CodeIgniter\Autoloader\Autoloader->loadInNamespace('App\\Controllers\\SiparisInceleController')
 6 [internal function]: CodeIgniter\Autoloader\Autoloader->loadClass('App\\Controllers\\SiparisInceleController')
 7 SYSTEMPATH\CodeIgniter.php(887): class_exists('\\App\\Controllers\\SiparisInceleController', true)
 8 SYSTEMPATH\CodeIgniter.php(496): CodeIgniter\CodeIgniter->startController()
 9 SYSTEMPATH\CodeIgniter.php(355): CodeIgniter\CodeIgniter->handleRequest(null, Object(Config\Cache), false)
10 SYSTEMPATH\Boot.php(325): CodeIgniter\CodeIgniter->run()
11 SYSTEMPATH\Boot.php(67): CodeIgniter\Boot::runCodeIgniter(Object(CodeIgniter\CodeIgniter))
12 FCPATH\index.php(56): CodeIgniter\Boot::bootWeb(Object(Config\Paths))
WARNING - 2025-04-01 11:57:53 --> [DEPRECATED] Optional parameter $pixelPerPoint declared before required parameter $fore_color is implicitly treated as a required parameter in APPPATH\Libraries\phpqrcode\qrimage.php on line 0.
 1 APPPATH\Libraries\phpqrcode\qrlib.php(36): include('C:\\xampp\\htdocs\\sarkod\\system\\Debug\\Exceptions.php')
 2 APPPATH\Controllers\SiparisInceleController.php(8): require_once('C:\\xampp\\htdocs\\sarkod\\app\\Libraries\\phpqrcode\\qrlib.php')
 3 SYSTEMPATH\Autoloader\Autoloader.php(317): include_once('C:\\xampp\\htdocs\\sarkod\\app\\Controllers\\SiparisInceleController.php')
 4 SYSTEMPATH\Autoloader\Autoloader.php(296): CodeIgniter\Autoloader\Autoloader->includeFile('C:\\xampp\\htdocs\\sarkod\\app\\Controllers\\SiparisInceleController.php')
 5 SYSTEMPATH\Autoloader\Autoloader.php(272): CodeIgniter\Autoloader\Autoloader->loadInNamespace('App\\Controllers\\SiparisInceleController')
 6 [internal function]: CodeIgniter\Autoloader\Autoloader->loadClass('App\\Controllers\\SiparisInceleController')
 7 SYSTEMPATH\CodeIgniter.php(887): class_exists('\\App\\Controllers\\SiparisInceleController', true)
 8 SYSTEMPATH\CodeIgniter.php(496): CodeIgniter\CodeIgniter->startController()
 9 SYSTEMPATH\CodeIgniter.php(355): CodeIgniter\CodeIgniter->handleRequest(null, Object(Config\Cache), false)
10 SYSTEMPATH\Boot.php(325): CodeIgniter\CodeIgniter->run()
11 SYSTEMPATH\Boot.php(67): CodeIgniter\Boot::runCodeIgniter(Object(CodeIgniter\CodeIgniter))
12 FCPATH\index.php(56): CodeIgniter\Boot::bootWeb(Object(Config\Paths))
WARNING - 2025-04-01 11:57:53 --> [DEPRECATED] Optional parameter $outerFrame declared before required parameter $fore_color is implicitly treated as a required parameter in APPPATH\Libraries\phpqrcode\qrimage.php on line 0.
 1 APPPATH\Libraries\phpqrcode\qrlib.php(36): include('C:\\xampp\\htdocs\\sarkod\\system\\Debug\\Exceptions.php')
 2 APPPATH\Controllers\SiparisInceleController.php(8): require_once('C:\\xampp\\htdocs\\sarkod\\app\\Libraries\\phpqrcode\\qrlib.php')
 3 SYSTEMPATH\Autoloader\Autoloader.php(317): include_once('C:\\xampp\\htdocs\\sarkod\\app\\Controllers\\SiparisInceleController.php')
 4 SYSTEMPATH\Autoloader\Autoloader.php(296): CodeIgniter\Autoloader\Autoloader->includeFile('C:\\xampp\\htdocs\\sarkod\\app\\Controllers\\SiparisInceleController.php')
 5 SYSTEMPATH\Autoloader\Autoloader.php(272): CodeIgniter\Autoloader\Autoloader->loadInNamespace('App\\Controllers\\SiparisInceleController')
 6 [internal function]: CodeIgniter\Autoloader\Autoloader->loadClass('App\\Controllers\\SiparisInceleController')
 7 SYSTEMPATH\CodeIgniter.php(887): class_exists('\\App\\Controllers\\SiparisInceleController', true)
 8 SYSTEMPATH\CodeIgniter.php(496): CodeIgniter\CodeIgniter->startController()
 9 SYSTEMPATH\CodeIgniter.php(355): CodeIgniter\CodeIgniter->handleRequest(null, Object(Config\Cache), false)
10 SYSTEMPATH\Boot.php(325): CodeIgniter\CodeIgniter->run()
11 SYSTEMPATH\Boot.php(67): CodeIgniter\Boot::runCodeIgniter(Object(CodeIgniter\CodeIgniter))
12 FCPATH\index.php(56): CodeIgniter\Boot::bootWeb(Object(Config\Paths))
WARNING - 2025-04-01 11:57:53 --> [DEPRECATED] Optional parameter $saveandprint declared before required parameter $fore_color is implicitly treated as a required parameter in APPPATH\Libraries\phpqrcode\qrimage.php on line 0.
 1 APPPATH\Libraries\phpqrcode\qrlib.php(36): include('C:\\xampp\\htdocs\\sarkod\\system\\Debug\\Exceptions.php')
 2 APPPATH\Controllers\SiparisInceleController.php(8): require_once('C:\\xampp\\htdocs\\sarkod\\app\\Libraries\\phpqrcode\\qrlib.php')
 3 SYSTEMPATH\Autoloader\Autoloader.php(317): include_once('C:\\xampp\\htdocs\\sarkod\\app\\Controllers\\SiparisInceleController.php')
 4 SYSTEMPATH\Autoloader\Autoloader.php(296): CodeIgniter\Autoloader\Autoloader->includeFile('C:\\xampp\\htdocs\\sarkod\\app\\Controllers\\SiparisInceleController.php')
 5 SYSTEMPATH\Autoloader\Autoloader.php(272): CodeIgniter\Autoloader\Autoloader->loadInNamespace('App\\Controllers\\SiparisInceleController')
 6 [internal function]: CodeIgniter\Autoloader\Autoloader->loadClass('App\\Controllers\\SiparisInceleController')
 7 SYSTEMPATH\CodeIgniter.php(887): class_exists('\\App\\Controllers\\SiparisInceleController', true)
 8 SYSTEMPATH\CodeIgniter.php(496): CodeIgniter\CodeIgniter->startController()
 9 SYSTEMPATH\CodeIgniter.php(355): CodeIgniter\CodeIgniter->handleRequest(null, Object(Config\Cache), false)
10 SYSTEMPATH\Boot.php(325): CodeIgniter\CodeIgniter->run()
11 SYSTEMPATH\Boot.php(67): CodeIgniter\Boot::runCodeIgniter(Object(CodeIgniter\CodeIgniter))
12 FCPATH\index.php(56): CodeIgniter\Boot::bootWeb(Object(Config\Paths))
WARNING - 2025-04-01 11:57:53 --> [DEPRECATED] Optional parameter $filename declared before required parameter $fore_color is implicitly treated as a required parameter in APPPATH\Libraries\phpqrcode\qrvect.php on line 140.
 1 APPPATH\Libraries\phpqrcode\qrlib.php(37): include('C:\\xampp\\htdocs\\sarkod\\system\\Debug\\Exceptions.php')
 2 APPPATH\Controllers\SiparisInceleController.php(8): require_once('C:\\xampp\\htdocs\\sarkod\\app\\Libraries\\phpqrcode\\qrlib.php')
 3 SYSTEMPATH\Autoloader\Autoloader.php(317): include_once('C:\\xampp\\htdocs\\sarkod\\app\\Controllers\\SiparisInceleController.php')
 4 SYSTEMPATH\Autoloader\Autoloader.php(296): CodeIgniter\Autoloader\Autoloader->includeFile('C:\\xampp\\htdocs\\sarkod\\app\\Controllers\\SiparisInceleController.php')
 5 SYSTEMPATH\Autoloader\Autoloader.php(272): CodeIgniter\Autoloader\Autoloader->loadInNamespace('App\\Controllers\\SiparisInceleController')
 6 [internal function]: CodeIgniter\Autoloader\Autoloader->loadClass('App\\Controllers\\SiparisInceleController')
 7 SYSTEMPATH\CodeIgniter.php(887): class_exists('\\App\\Controllers\\SiparisInceleController', true)
 8 SYSTEMPATH\CodeIgniter.php(496): CodeIgniter\CodeIgniter->startController()
 9 SYSTEMPATH\CodeIgniter.php(355): CodeIgniter\CodeIgniter->handleRequest(null, Object(Config\Cache), false)
10 SYSTEMPATH\Boot.php(325): CodeIgniter\CodeIgniter->run()
11 SYSTEMPATH\Boot.php(67): CodeIgniter\Boot::runCodeIgniter(Object(CodeIgniter\CodeIgniter))
12 FCPATH\index.php(56): CodeIgniter\Boot::bootWeb(Object(Config\Paths))
WARNING - 2025-04-01 11:57:53 --> [DEPRECATED] Optional parameter $pixelPerPoint declared before required parameter $fore_color is implicitly treated as a required parameter in APPPATH\Libraries\phpqrcode\qrvect.php on line 140.
 1 APPPATH\Libraries\phpqrcode\qrlib.php(37): include('C:\\xampp\\htdocs\\sarkod\\system\\Debug\\Exceptions.php')
 2 APPPATH\Controllers\SiparisInceleController.php(8): require_once('C:\\xampp\\htdocs\\sarkod\\app\\Libraries\\phpqrcode\\qrlib.php')
 3 SYSTEMPATH\Autoloader\Autoloader.php(317): include_once('C:\\xampp\\htdocs\\sarkod\\app\\Controllers\\SiparisInceleController.php')
 4 SYSTEMPATH\Autoloader\Autoloader.php(296): CodeIgniter\Autoloader\Autoloader->includeFile('C:\\xampp\\htdocs\\sarkod\\app\\Controllers\\SiparisInceleController.php')
 5 SYSTEMPATH\Autoloader\Autoloader.php(272): CodeIgniter\Autoloader\Autoloader->loadInNamespace('App\\Controllers\\SiparisInceleController')
 6 [internal function]: CodeIgniter\Autoloader\Autoloader->loadClass('App\\Controllers\\SiparisInceleController')
 7 SYSTEMPATH\CodeIgniter.php(887): class_exists('\\App\\Controllers\\SiparisInceleController', true)
 8 SYSTEMPATH\CodeIgniter.php(496): CodeIgniter\CodeIgniter->startController()
 9 SYSTEMPATH\CodeIgniter.php(355): CodeIgniter\CodeIgniter->handleRequest(null, Object(Config\Cache), false)
10 SYSTEMPATH\Boot.php(325): CodeIgniter\CodeIgniter->run()
11 SYSTEMPATH\Boot.php(67): CodeIgniter\Boot::runCodeIgniter(Object(CodeIgniter\CodeIgniter))
12 FCPATH\index.php(56): CodeIgniter\Boot::bootWeb(Object(Config\Paths))
WARNING - 2025-04-01 11:57:53 --> [DEPRECATED] Optional parameter $outerFrame declared before required parameter $fore_color is implicitly treated as a required parameter in APPPATH\Libraries\phpqrcode\qrvect.php on line 140.
 1 APPPATH\Libraries\phpqrcode\qrlib.php(37): include('C:\\xampp\\htdocs\\sarkod\\system\\Debug\\Exceptions.php')
 2 APPPATH\Controllers\SiparisInceleController.php(8): require_once('C:\\xampp\\htdocs\\sarkod\\app\\Libraries\\phpqrcode\\qrlib.php')
 3 SYSTEMPATH\Autoloader\Autoloader.php(317): include_once('C:\\xampp\\htdocs\\sarkod\\app\\Controllers\\SiparisInceleController.php')
 4 SYSTEMPATH\Autoloader\Autoloader.php(296): CodeIgniter\Autoloader\Autoloader->includeFile('C:\\xampp\\htdocs\\sarkod\\app\\Controllers\\SiparisInceleController.php')
 5 SYSTEMPATH\Autoloader\Autoloader.php(272): CodeIgniter\Autoloader\Autoloader->loadInNamespace('App\\Controllers\\SiparisInceleController')
 6 [internal function]: CodeIgniter\Autoloader\Autoloader->loadClass('App\\Controllers\\SiparisInceleController')
 7 SYSTEMPATH\CodeIgniter.php(887): class_exists('\\App\\Controllers\\SiparisInceleController', true)
 8 SYSTEMPATH\CodeIgniter.php(496): CodeIgniter\CodeIgniter->startController()
 9 SYSTEMPATH\CodeIgniter.php(355): CodeIgniter\CodeIgniter->handleRequest(null, Object(Config\Cache), false)
10 SYSTEMPATH\Boot.php(325): CodeIgniter\CodeIgniter->run()
11 SYSTEMPATH\Boot.php(67): CodeIgniter\Boot::runCodeIgniter(Object(CodeIgniter\CodeIgniter))
12 FCPATH\index.php(56): CodeIgniter\Boot::bootWeb(Object(Config\Paths))
WARNING - 2025-04-01 11:57:53 --> [DEPRECATED] Optional parameter $saveandprint declared before required parameter $fore_color is implicitly treated as a required parameter in APPPATH\Libraries\phpqrcode\qrvect.php on line 140.
 1 APPPATH\Libraries\phpqrcode\qrlib.php(37): include('C:\\xampp\\htdocs\\sarkod\\system\\Debug\\Exceptions.php')
 2 APPPATH\Controllers\SiparisInceleController.php(8): require_once('C:\\xampp\\htdocs\\sarkod\\app\\Libraries\\phpqrcode\\qrlib.php')
 3 SYSTEMPATH\Autoloader\Autoloader.php(317): include_once('C:\\xampp\\htdocs\\sarkod\\app\\Controllers\\SiparisInceleController.php')
 4 SYSTEMPATH\Autoloader\Autoloader.php(296): CodeIgniter\Autoloader\Autoloader->includeFile('C:\\xampp\\htdocs\\sarkod\\app\\Controllers\\SiparisInceleController.php')
 5 SYSTEMPATH\Autoloader\Autoloader.php(272): CodeIgniter\Autoloader\Autoloader->loadInNamespace('App\\Controllers\\SiparisInceleController')
 6 [internal function]: CodeIgniter\Autoloader\Autoloader->loadClass('App\\Controllers\\SiparisInceleController')
 7 SYSTEMPATH\CodeIgniter.php(887): class_exists('\\App\\Controllers\\SiparisInceleController', true)
 8 SYSTEMPATH\CodeIgniter.php(496): CodeIgniter\CodeIgniter->startController()
 9 SYSTEMPATH\CodeIgniter.php(355): CodeIgniter\CodeIgniter->handleRequest(null, Object(Config\Cache), false)
10 SYSTEMPATH\Boot.php(325): CodeIgniter\CodeIgniter->run()
11 SYSTEMPATH\Boot.php(67): CodeIgniter\Boot::runCodeIgniter(Object(CodeIgniter\CodeIgniter))
12 FCPATH\index.php(56): CodeIgniter\Boot::bootWeb(Object(Config\Paths))
INFO - 2025-04-01 11:57:53 --> Session: Class initialized using 'CodeIgniter\Session\Handlers\FileHandler' driver.
WARNING - 2025-04-01 11:57:53 --> [DEPRECATED] Creation of dynamic property QRencode::$cmyk is deprecated in APPPATH\Libraries\phpqrcode\qrencode.php on line 434.
 1 APPPATH\Libraries\phpqrcode\qrencode.php(285): QRencode::factory(0, 10, 4, 16777215, 0)
 2 APPPATH\Controllers\SiparisInceleController.php(42): QRcode::png('https://www.sarkod.com.tr/?siparis_id=55', null, 0, 10)
 3 SYSTEMPATH\CodeIgniter.php(933): App\Controllers\SiparisInceleController->index()
 4 SYSTEMPATH\CodeIgniter.php(509): CodeIgniter\CodeIgniter->runController(Object(App\Controllers\SiparisInceleController))
 5 SYSTEMPATH\CodeIgniter.php(355): CodeIgniter\CodeIgniter->handleRequest(null, Object(Config\Cache), false)
 6 SYSTEMPATH\Boot.php(325): CodeIgniter\CodeIgniter->run()
 7 SYSTEMPATH\Boot.php(67): CodeIgniter\Boot::runCodeIgniter(Object(CodeIgniter\CodeIgniter))
 8 FCPATH\index.php(56): CodeIgniter\Boot::bootWeb(Object(Config\Paths))
CRITICAL - 2025-04-01 11:57:53 --> Error: Call to undefined function ImageCreate()
[Method: GET, Route: admin/incele]
in APPPATH\Libraries\phpqrcode\qrimage.php on line 74.
 1 APPPATH\Libraries\phpqrcode\qrimage.php(32): QRimage::image([...], 10, 4, 16777215, 0)
 2 APPPATH\Libraries\phpqrcode\qrencode.php(513): QRimage::png([...], null, 10, 4, false, 16777215, 0)
 3 APPPATH\Libraries\phpqrcode\qrencode.php(286): QRencode->encodePNG('https://www.sarkod.com.tr/?siparis_id=55', null, false)
 4 APPPATH\Controllers\SiparisInceleController.php(42): QRcode::png('https://www.sarkod.com.tr/?siparis_id=55', null, 0, 10)
 5 SYSTEMPATH\CodeIgniter.php(933): App\Controllers\SiparisInceleController->index()
 6 SYSTEMPATH\CodeIgniter.php(509): CodeIgniter\CodeIgniter->runController(Object(App\Controllers\SiparisInceleController))
 7 SYSTEMPATH\CodeIgniter.php(355): CodeIgniter\CodeIgniter->handleRequest(null, Object(Config\Cache), false)
 8 SYSTEMPATH\Boot.php(325): CodeIgniter\CodeIgniter->run()
 9 SYSTEMPATH\Boot.php(67): CodeIgniter\Boot::runCodeIgniter(Object(CodeIgniter\CodeIgniter))
10 FCPATH\index.php(56): CodeIgniter\Boot::bootWeb(Object(Config\Paths))
INFO - 2025-04-01 11:57:57 --> Session: Class initialized using 'CodeIgniter\Session\Handlers\FileHandler' driver.
WARNING - 2025-04-01 11:58:01 --> [DEPRECATED] Optional parameter $filename declared before required parameter $fore_color is implicitly treated as a required parameter in APPPATH\Libraries\phpqrcode\qrimage.php on line 30.
 1 APPPATH\Libraries\phpqrcode\qrlib.php(36): include('C:\\xampp\\htdocs\\sarkod\\system\\Debug\\Exceptions.php')
 2 APPPATH\Controllers\SiparisInceleController.php(8): require_once('C:\\xampp\\htdocs\\sarkod\\app\\Libraries\\phpqrcode\\qrlib.php')
 3 SYSTEMPATH\Autoloader\Autoloader.php(317): include_once('C:\\xampp\\htdocs\\sarkod\\app\\Controllers\\SiparisInceleController.php')
 4 SYSTEMPATH\Autoloader\Autoloader.php(296): CodeIgniter\Autoloader\Autoloader->includeFile('C:\\xampp\\htdocs\\sarkod\\app\\Controllers\\SiparisInceleController.php')
 5 SYSTEMPATH\Autoloader\Autoloader.php(272): CodeIgniter\Autoloader\Autoloader->loadInNamespace('App\\Controllers\\SiparisInceleController')
 6 [internal function]: CodeIgniter\Autoloader\Autoloader->loadClass('App\\Controllers\\SiparisInceleController')
 7 SYSTEMPATH\CodeIgniter.php(887): class_exists('\\App\\Controllers\\SiparisInceleController', true)
 8 SYSTEMPATH\CodeIgniter.php(496): CodeIgniter\CodeIgniter->startController()
 9 SYSTEMPATH\CodeIgniter.php(355): CodeIgniter\CodeIgniter->handleRequest(null, Object(Config\Cache), false)
10 SYSTEMPATH\Boot.php(325): CodeIgniter\CodeIgniter->run()
11 SYSTEMPATH\Boot.php(67): CodeIgniter\Boot::runCodeIgniter(Object(CodeIgniter\CodeIgniter))
12 FCPATH\index.php(56): CodeIgniter\Boot::bootWeb(Object(Config\Paths))
WARNING - 2025-04-01 11:58:01 --> [DEPRECATED] Optional parameter $pixelPerPoint declared before required parameter $fore_color is implicitly treated as a required parameter in APPPATH\Libraries\phpqrcode\qrimage.php on line 0.
 1 APPPATH\Libraries\phpqrcode\qrlib.php(36): include('C:\\xampp\\htdocs\\sarkod\\system\\Debug\\Exceptions.php')
 2 APPPATH\Controllers\SiparisInceleController.php(8): require_once('C:\\xampp\\htdocs\\sarkod\\app\\Libraries\\phpqrcode\\qrlib.php')
 3 SYSTEMPATH\Autoloader\Autoloader.php(317): include_once('C:\\xampp\\htdocs\\sarkod\\app\\Controllers\\SiparisInceleController.php')
 4 SYSTEMPATH\Autoloader\Autoloader.php(296): CodeIgniter\Autoloader\Autoloader->includeFile('C:\\xampp\\htdocs\\sarkod\\app\\Controllers\\SiparisInceleController.php')
 5 SYSTEMPATH\Autoloader\Autoloader.php(272): CodeIgniter\Autoloader\Autoloader->loadInNamespace('App\\Controllers\\SiparisInceleController')
 6 [internal function]: CodeIgniter\Autoloader\Autoloader->loadClass('App\\Controllers\\SiparisInceleController')
 7 SYSTEMPATH\CodeIgniter.php(887): class_exists('\\App\\Controllers\\SiparisInceleController', true)
 8 SYSTEMPATH\CodeIgniter.php(496): CodeIgniter\CodeIgniter->startController()
 9 SYSTEMPATH\CodeIgniter.php(355): CodeIgniter\CodeIgniter->handleRequest(null, Object(Config\Cache), false)
10 SYSTEMPATH\Boot.php(325): CodeIgniter\CodeIgniter->run()
11 SYSTEMPATH\Boot.php(67): CodeIgniter\Boot::runCodeIgniter(Object(CodeIgniter\CodeIgniter))
12 FCPATH\index.php(56): CodeIgniter\Boot::bootWeb(Object(Config\Paths))
WARNING - 2025-04-01 11:58:01 --> [DEPRECATED] Optional parameter $outerFrame declared before required parameter $fore_color is implicitly treated as a required parameter in APPPATH\Libraries\phpqrcode\qrimage.php on line 0.
 1 APPPATH\Libraries\phpqrcode\qrlib.php(36): include('C:\\xampp\\htdocs\\sarkod\\system\\Debug\\Exceptions.php')
 2 APPPATH\Controllers\SiparisInceleController.php(8): require_once('C:\\xampp\\htdocs\\sarkod\\app\\Libraries\\phpqrcode\\qrlib.php')
 3 SYSTEMPATH\Autoloader\Autoloader.php(317): include_once('C:\\xampp\\htdocs\\sarkod\\app\\Controllers\\SiparisInceleController.php')
 4 SYSTEMPATH\Autoloader\Autoloader.php(296): CodeIgniter\Autoloader\Autoloader->includeFile('C:\\xampp\\htdocs\\sarkod\\app\\Controllers\\SiparisInceleController.php')
 5 SYSTEMPATH\Autoloader\Autoloader.php(272): CodeIgniter\Autoloader\Autoloader->loadInNamespace('App\\Controllers\\SiparisInceleController')
 6 [internal function]: CodeIgniter\Autoloader\Autoloader->loadClass('App\\Controllers\\SiparisInceleController')
 7 SYSTEMPATH\CodeIgniter.php(887): class_exists('\\App\\Controllers\\SiparisInceleController', true)
 8 SYSTEMPATH\CodeIgniter.php(496): CodeIgniter\CodeIgniter->startController()
 9 SYSTEMPATH\CodeIgniter.php(355): CodeIgniter\CodeIgniter->handleRequest(null, Object(Config\Cache), false)
10 SYSTEMPATH\Boot.php(325): CodeIgniter\CodeIgniter->run()
11 SYSTEMPATH\Boot.php(67): CodeIgniter\Boot::runCodeIgniter(Object(CodeIgniter\CodeIgniter))
12 FCPATH\index.php(56): CodeIgniter\Boot::bootWeb(Object(Config\Paths))
WARNING - 2025-04-01 11:58:01 --> [DEPRECATED] Optional parameter $saveandprint declared before required parameter $fore_color is implicitly treated as a required parameter in APPPATH\Libraries\phpqrcode\qrimage.php on line 0.
 1 APPPATH\Libraries\phpqrcode\qrlib.php(36): include('C:\\xampp\\htdocs\\sarkod\\system\\Debug\\Exceptions.php')
 2 APPPATH\Controllers\SiparisInceleController.php(8): require_once('C:\\xampp\\htdocs\\sarkod\\app\\Libraries\\phpqrcode\\qrlib.php')
 3 SYSTEMPATH\Autoloader\Autoloader.php(317): include_once('C:\\xampp\\htdocs\\sarkod\\app\\Controllers\\SiparisInceleController.php')
 4 SYSTEMPATH\Autoloader\Autoloader.php(296): CodeIgniter\Autoloader\Autoloader->includeFile('C:\\xampp\\htdocs\\sarkod\\app\\Controllers\\SiparisInceleController.php')
 5 SYSTEMPATH\Autoloader\Autoloader.php(272): CodeIgniter\Autoloader\Autoloader->loadInNamespace('App\\Controllers\\SiparisInceleController')
 6 [internal function]: CodeIgniter\Autoloader\Autoloader->loadClass('App\\Controllers\\SiparisInceleController')
 7 SYSTEMPATH\CodeIgniter.php(887): class_exists('\\App\\Controllers\\SiparisInceleController', true)
 8 SYSTEMPATH\CodeIgniter.php(496): CodeIgniter\CodeIgniter->startController()
 9 SYSTEMPATH\CodeIgniter.php(355): CodeIgniter\CodeIgniter->handleRequest(null, Object(Config\Cache), false)
10 SYSTEMPATH\Boot.php(325): CodeIgniter\CodeIgniter->run()
11 SYSTEMPATH\Boot.php(67): CodeIgniter\Boot::runCodeIgniter(Object(CodeIgniter\CodeIgniter))
12 FCPATH\index.php(56): CodeIgniter\Boot::bootWeb(Object(Config\Paths))
WARNING - 2025-04-01 11:58:01 --> [DEPRECATED] Optional parameter $filename declared before required parameter $fore_color is implicitly treated as a required parameter in APPPATH\Libraries\phpqrcode\qrvect.php on line 140.
 1 APPPATH\Libraries\phpqrcode\qrlib.php(37): include('C:\\xampp\\htdocs\\sarkod\\system\\Debug\\Exceptions.php')
 2 APPPATH\Controllers\SiparisInceleController.php(8): require_once('C:\\xampp\\htdocs\\sarkod\\app\\Libraries\\phpqrcode\\qrlib.php')
 3 SYSTEMPATH\Autoloader\Autoloader.php(317): include_once('C:\\xampp\\htdocs\\sarkod\\app\\Controllers\\SiparisInceleController.php')
 4 SYSTEMPATH\Autoloader\Autoloader.php(296): CodeIgniter\Autoloader\Autoloader->includeFile('C:\\xampp\\htdocs\\sarkod\\app\\Controllers\\SiparisInceleController.php')
 5 SYSTEMPATH\Autoloader\Autoloader.php(272): CodeIgniter\Autoloader\Autoloader->loadInNamespace('App\\Controllers\\SiparisInceleController')
 6 [internal function]: CodeIgniter\Autoloader\Autoloader->loadClass('App\\Controllers\\SiparisInceleController')
 7 SYSTEMPATH\CodeIgniter.php(887): class_exists('\\App\\Controllers\\SiparisInceleController', true)
 8 SYSTEMPATH\CodeIgniter.php(496): CodeIgniter\CodeIgniter->startController()
 9 SYSTEMPATH\CodeIgniter.php(355): CodeIgniter\CodeIgniter->handleRequest(null, Object(Config\Cache), false)
10 SYSTEMPATH\Boot.php(325): CodeIgniter\CodeIgniter->run()
11 SYSTEMPATH\Boot.php(67): CodeIgniter\Boot::runCodeIgniter(Object(CodeIgniter\CodeIgniter))
12 FCPATH\index.php(56): CodeIgniter\Boot::bootWeb(Object(Config\Paths))
WARNING - 2025-04-01 11:58:01 --> [DEPRECATED] Optional parameter $pixelPerPoint declared before required parameter $fore_color is implicitly treated as a required parameter in APPPATH\Libraries\phpqrcode\qrvect.php on line 140.
 1 APPPATH\Libraries\phpqrcode\qrlib.php(37): include('C:\\xampp\\htdocs\\sarkod\\system\\Debug\\Exceptions.php')
 2 APPPATH\Controllers\SiparisInceleController.php(8): require_once('C:\\xampp\\htdocs\\sarkod\\app\\Libraries\\phpqrcode\\qrlib.php')
 3 SYSTEMPATH\Autoloader\Autoloader.php(317): include_once('C:\\xampp\\htdocs\\sarkod\\app\\Controllers\\SiparisInceleController.php')
 4 SYSTEMPATH\Autoloader\Autoloader.php(296): CodeIgniter\Autoloader\Autoloader->includeFile('C:\\xampp\\htdocs\\sarkod\\app\\Controllers\\SiparisInceleController.php')
 5 SYSTEMPATH\Autoloader\Autoloader.php(272): CodeIgniter\Autoloader\Autoloader->loadInNamespace('App\\Controllers\\SiparisInceleController')
 6 [internal function]: CodeIgniter\Autoloader\Autoloader->loadClass('App\\Controllers\\SiparisInceleController')
 7 SYSTEMPATH\CodeIgniter.php(887): class_exists('\\App\\Controllers\\SiparisInceleController', true)
 8 SYSTEMPATH\CodeIgniter.php(496): CodeIgniter\CodeIgniter->startController()
 9 SYSTEMPATH\CodeIgniter.php(355): CodeIgniter\CodeIgniter->handleRequest(null, Object(Config\Cache), false)
10 SYSTEMPATH\Boot.php(325): CodeIgniter\CodeIgniter->run()
11 SYSTEMPATH\Boot.php(67): CodeIgniter\Boot::runCodeIgniter(Object(CodeIgniter\CodeIgniter))
12 FCPATH\index.php(56): CodeIgniter\Boot::bootWeb(Object(Config\Paths))
WARNING - 2025-04-01 11:58:01 --> [DEPRECATED] Optional parameter $outerFrame declared before required parameter $fore_color is implicitly treated as a required parameter in APPPATH\Libraries\phpqrcode\qrvect.php on line 140.
 1 APPPATH\Libraries\phpqrcode\qrlib.php(37): include('C:\\xampp\\htdocs\\sarkod\\system\\Debug\\Exceptions.php')
 2 APPPATH\Controllers\SiparisInceleController.php(8): require_once('C:\\xampp\\htdocs\\sarkod\\app\\Libraries\\phpqrcode\\qrlib.php')
 3 SYSTEMPATH\Autoloader\Autoloader.php(317): include_once('C:\\xampp\\htdocs\\sarkod\\app\\Controllers\\SiparisInceleController.php')
 4 SYSTEMPATH\Autoloader\Autoloader.php(296): CodeIgniter\Autoloader\Autoloader->includeFile('C:\\xampp\\htdocs\\sarkod\\app\\Controllers\\SiparisInceleController.php')
 5 SYSTEMPATH\Autoloader\Autoloader.php(272): CodeIgniter\Autoloader\Autoloader->loadInNamespace('App\\Controllers\\SiparisInceleController')
 6 [internal function]: CodeIgniter\Autoloader\Autoloader->loadClass('App\\Controllers\\SiparisInceleController')
 7 SYSTEMPATH\CodeIgniter.php(887): class_exists('\\App\\Controllers\\SiparisInceleController', true)
 8 SYSTEMPATH\CodeIgniter.php(496): CodeIgniter\CodeIgniter->startController()
 9 SYSTEMPATH\CodeIgniter.php(355): CodeIgniter\CodeIgniter->handleRequest(null, Object(Config\Cache), false)
10 SYSTEMPATH\Boot.php(325): CodeIgniter\CodeIgniter->run()
11 SYSTEMPATH\Boot.php(67): CodeIgniter\Boot::runCodeIgniter(Object(CodeIgniter\CodeIgniter))
12 FCPATH\index.php(56): CodeIgniter\Boot::bootWeb(Object(Config\Paths))
WARNING - 2025-04-01 11:58:01 --> [DEPRECATED] Optional parameter $saveandprint declared before required parameter $fore_color is implicitly treated as a required parameter in APPPATH\Libraries\phpqrcode\qrvect.php on line 140.
 1 APPPATH\Libraries\phpqrcode\qrlib.php(37): include('C:\\xampp\\htdocs\\sarkod\\system\\Debug\\Exceptions.php')
 2 APPPATH\Controllers\SiparisInceleController.php(8): require_once('C:\\xampp\\htdocs\\sarkod\\app\\Libraries\\phpqrcode\\qrlib.php')
 3 SYSTEMPATH\Autoloader\Autoloader.php(317): include_once('C:\\xampp\\htdocs\\sarkod\\app\\Controllers\\SiparisInceleController.php')
 4 SYSTEMPATH\Autoloader\Autoloader.php(296): CodeIgniter\Autoloader\Autoloader->includeFile('C:\\xampp\\htdocs\\sarkod\\app\\Controllers\\SiparisInceleController.php')
 5 SYSTEMPATH\Autoloader\Autoloader.php(272): CodeIgniter\Autoloader\Autoloader->loadInNamespace('App\\Controllers\\SiparisInceleController')
 6 [internal function]: CodeIgniter\Autoloader\Autoloader->loadClass('App\\Controllers\\SiparisInceleController')
 7 SYSTEMPATH\CodeIgniter.php(887): class_exists('\\App\\Controllers\\SiparisInceleController', true)
 8 SYSTEMPATH\CodeIgniter.php(496): CodeIgniter\CodeIgniter->startController()
 9 SYSTEMPATH\CodeIgniter.php(355): CodeIgniter\CodeIgniter->handleRequest(null, Object(Config\Cache), false)
10 SYSTEMPATH\Boot.php(325): CodeIgniter\CodeIgniter->run()
11 SYSTEMPATH\Boot.php(67): CodeIgniter\Boot::runCodeIgniter(Object(CodeIgniter\CodeIgniter))
12 FCPATH\index.php(56): CodeIgniter\Boot::bootWeb(Object(Config\Paths))
INFO - 2025-04-01 11:58:01 --> Session: Class initialized using 'CodeIgniter\Session\Handlers\FileHandler' driver.
WARNING - 2025-04-01 11:58:01 --> [DEPRECATED] Creation of dynamic property QRencode::$cmyk is deprecated in APPPATH\Libraries\phpqrcode\qrencode.php on line 434.
 1 APPPATH\Libraries\phpqrcode\qrencode.php(285): QRencode::factory(0, 10, 4, 16777215, 0)
 2 APPPATH\Controllers\SiparisInceleController.php(42): QRcode::png('https://www.sarkod.com.tr/?siparis_id=110', null, 0, 10)
 3 SYSTEMPATH\CodeIgniter.php(933): App\Controllers\SiparisInceleController->index()
 4 SYSTEMPATH\CodeIgniter.php(509): CodeIgniter\CodeIgniter->runController(Object(App\Controllers\SiparisInceleController))
 5 SYSTEMPATH\CodeIgniter.php(355): CodeIgniter\CodeIgniter->handleRequest(null, Object(Config\Cache), false)
 6 SYSTEMPATH\Boot.php(325): CodeIgniter\CodeIgniter->run()
 7 SYSTEMPATH\Boot.php(67): CodeIgniter\Boot::runCodeIgniter(Object(CodeIgniter\CodeIgniter))
 8 FCPATH\index.php(56): CodeIgniter\Boot::bootWeb(Object(Config\Paths))
CRITICAL - 2025-04-01 11:58:01 --> Error: Call to undefined function ImageCreate()
[Method: GET, Route: admin/incele]
in APPPATH\Libraries\phpqrcode\qrimage.php on line 74.
 1 APPPATH\Libraries\phpqrcode\qrimage.php(32): QRimage::image([...], 10, 4, 16777215, 0)
 2 APPPATH\Libraries\phpqrcode\qrencode.php(513): QRimage::png([...], null, 10, 4, false, 16777215, 0)
 3 APPPATH\Libraries\phpqrcode\qrencode.php(286): QRencode->encodePNG('https://www.sarkod.com.tr/?siparis_id=110', null, false)
 4 APPPATH\Controllers\SiparisInceleController.php(42): QRcode::png('https://www.sarkod.com.tr/?siparis_id=110', null, 0, 10)
 5 SYSTEMPATH\CodeIgniter.php(933): App\Controllers\SiparisInceleController->index()
 6 SYSTEMPATH\CodeIgniter.php(509): CodeIgniter\CodeIgniter->runController(Object(App\Controllers\SiparisInceleController))
 7 SYSTEMPATH\CodeIgniter.php(355): CodeIgniter\CodeIgniter->handleRequest(null, Object(Config\Cache), false)
 8 SYSTEMPATH\Boot.php(325): CodeIgniter\CodeIgniter->run()
 9 SYSTEMPATH\Boot.php(67): CodeIgniter\Boot::runCodeIgniter(Object(CodeIgniter\CodeIgniter))
10 FCPATH\index.php(56): CodeIgniter\Boot::bootWeb(Object(Config\Paths))
INFO - 2025-04-01 11:59:27 --> Session: Class initialized using 'CodeIgniter\Session\Handlers\FileHandler' driver.
INFO - 2025-04-01 11:59:28 --> Session: Class initialized using 'CodeIgniter\Session\Handlers\FileHandler' driver.
INFO - 2025-04-01 11:59:30 --> Session: Class initialized using 'CodeIgniter\Session\Handlers\FileHandler' driver.
INFO - 2025-04-01 11:59:32 --> Session: Class initialized using 'CodeIgniter\Session\Handlers\FileHandler' driver.
INFO - 2025-04-01 11:59:35 --> Session: Class initialized using 'CodeIgniter\Session\Handlers\FileHandler' driver.
WARNING - 2025-04-01 11:59:35 --> [DEPRECATED] Optional parameter $filename declared before required parameter $fore_color is implicitly treated as a required parameter in APPPATH\Libraries\phpqrcode\qrimage.php on line 30.
 1 APPPATH\Libraries\phpqrcode\qrlib.php(36): include('C:\\xampp\\htdocs\\sarkod\\system\\Debug\\Exceptions.php')
 2 APPPATH\Controllers\SiparisInceleController.php(8): require_once('C:\\xampp\\htdocs\\sarkod\\app\\Libraries\\phpqrcode\\qrlib.php')
 3 SYSTEMPATH\Autoloader\Autoloader.php(317): include_once('C:\\xampp\\htdocs\\sarkod\\app\\Controllers\\SiparisInceleController.php')
 4 SYSTEMPATH\Autoloader\Autoloader.php(296): CodeIgniter\Autoloader\Autoloader->includeFile('C:\\xampp\\htdocs\\sarkod\\app\\Controllers\\SiparisInceleController.php')
 5 SYSTEMPATH\Autoloader\Autoloader.php(272): CodeIgniter\Autoloader\Autoloader->loadInNamespace('App\\Controllers\\SiparisInceleController')
 6 [internal function]: CodeIgniter\Autoloader\Autoloader->loadClass('App\\Controllers\\SiparisInceleController')
 7 SYSTEMPATH\CodeIgniter.php(887): class_exists('\\App\\Controllers\\SiparisInceleController', true)
 8 SYSTEMPATH\CodeIgniter.php(496): CodeIgniter\CodeIgniter->startController()
 9 SYSTEMPATH\CodeIgniter.php(355): CodeIgniter\CodeIgniter->handleRequest(null, Object(Config\Cache), false)
10 SYSTEMPATH\Boot.php(325): CodeIgniter\CodeIgniter->run()
11 SYSTEMPATH\Boot.php(67): CodeIgniter\Boot::runCodeIgniter(Object(CodeIgniter\CodeIgniter))
12 FCPATH\index.php(56): CodeIgniter\Boot::bootWeb(Object(Config\Paths))
WARNING - 2025-04-01 11:59:35 --> [DEPRECATED] Optional parameter $pixelPerPoint declared before required parameter $fore_color is implicitly treated as a required parameter in APPPATH\Libraries\phpqrcode\qrimage.php on line 0.
 1 APPPATH\Libraries\phpqrcode\qrlib.php(36): include('C:\\xampp\\htdocs\\sarkod\\system\\Debug\\Exceptions.php')
 2 APPPATH\Controllers\SiparisInceleController.php(8): require_once('C:\\xampp\\htdocs\\sarkod\\app\\Libraries\\phpqrcode\\qrlib.php')
 3 SYSTEMPATH\Autoloader\Autoloader.php(317): include_once('C:\\xampp\\htdocs\\sarkod\\app\\Controllers\\SiparisInceleController.php')
 4 SYSTEMPATH\Autoloader\Autoloader.php(296): CodeIgniter\Autoloader\Autoloader->includeFile('C:\\xampp\\htdocs\\sarkod\\app\\Controllers\\SiparisInceleController.php')
 5 SYSTEMPATH\Autoloader\Autoloader.php(272): CodeIgniter\Autoloader\Autoloader->loadInNamespace('App\\Controllers\\SiparisInceleController')
 6 [internal function]: CodeIgniter\Autoloader\Autoloader->loadClass('App\\Controllers\\SiparisInceleController')
 7 SYSTEMPATH\CodeIgniter.php(887): class_exists('\\App\\Controllers\\SiparisInceleController', true)
 8 SYSTEMPATH\CodeIgniter.php(496): CodeIgniter\CodeIgniter->startController()
 9 SYSTEMPATH\CodeIgniter.php(355): CodeIgniter\CodeIgniter->handleRequest(null, Object(Config\Cache), false)
10 SYSTEMPATH\Boot.php(325): CodeIgniter\CodeIgniter->run()
11 SYSTEMPATH\Boot.php(67): CodeIgniter\Boot::runCodeIgniter(Object(CodeIgniter\CodeIgniter))
12 FCPATH\index.php(56): CodeIgniter\Boot::bootWeb(Object(Config\Paths))
WARNING - 2025-04-01 11:59:35 --> [DEPRECATED] Optional parameter $outerFrame declared before required parameter $fore_color is implicitly treated as a required parameter in APPPATH\Libraries\phpqrcode\qrimage.php on line 0.
 1 APPPATH\Libraries\phpqrcode\qrlib.php(36): include('C:\\xampp\\htdocs\\sarkod\\system\\Debug\\Exceptions.php')
 2 APPPATH\Controllers\SiparisInceleController.php(8): require_once('C:\\xampp\\htdocs\\sarkod\\app\\Libraries\\phpqrcode\\qrlib.php')
 3 SYSTEMPATH\Autoloader\Autoloader.php(317): include_once('C:\\xampp\\htdocs\\sarkod\\app\\Controllers\\SiparisInceleController.php')
 4 SYSTEMPATH\Autoloader\Autoloader.php(296): CodeIgniter\Autoloader\Autoloader->includeFile('C:\\xampp\\htdocs\\sarkod\\app\\Controllers\\SiparisInceleController.php')
 5 SYSTEMPATH\Autoloader\Autoloader.php(272): CodeIgniter\Autoloader\Autoloader->loadInNamespace('App\\Controllers\\SiparisInceleController')
 6 [internal function]: CodeIgniter\Autoloader\Autoloader->loadClass('App\\Controllers\\SiparisInceleController')
 7 SYSTEMPATH\CodeIgniter.php(887): class_exists('\\App\\Controllers\\SiparisInceleController', true)
 8 SYSTEMPATH\CodeIgniter.php(496): CodeIgniter\CodeIgniter->startController()
 9 SYSTEMPATH\CodeIgniter.php(355): CodeIgniter\CodeIgniter->handleRequest(null, Object(Config\Cache), false)
10 SYSTEMPATH\Boot.php(325): CodeIgniter\CodeIgniter->run()
11 SYSTEMPATH\Boot.php(67): CodeIgniter\Boot::runCodeIgniter(Object(CodeIgniter\CodeIgniter))
12 FCPATH\index.php(56): CodeIgniter\Boot::bootWeb(Object(Config\Paths))
WARNING - 2025-04-01 11:59:35 --> [DEPRECATED] Optional parameter $saveandprint declared before required parameter $fore_color is implicitly treated as a required parameter in APPPATH\Libraries\phpqrcode\qrimage.php on line 0.
 1 APPPATH\Libraries\phpqrcode\qrlib.php(36): include('C:\\xampp\\htdocs\\sarkod\\system\\Debug\\Exceptions.php')
 2 APPPATH\Controllers\SiparisInceleController.php(8): require_once('C:\\xampp\\htdocs\\sarkod\\app\\Libraries\\phpqrcode\\qrlib.php')
 3 SYSTEMPATH\Autoloader\Autoloader.php(317): include_once('C:\\xampp\\htdocs\\sarkod\\app\\Controllers\\SiparisInceleController.php')
 4 SYSTEMPATH\Autoloader\Autoloader.php(296): CodeIgniter\Autoloader\Autoloader->includeFile('C:\\xampp\\htdocs\\sarkod\\app\\Controllers\\SiparisInceleController.php')
 5 SYSTEMPATH\Autoloader\Autoloader.php(272): CodeIgniter\Autoloader\Autoloader->loadInNamespace('App\\Controllers\\SiparisInceleController')
 6 [internal function]: CodeIgniter\Autoloader\Autoloader->loadClass('App\\Controllers\\SiparisInceleController')
 7 SYSTEMPATH\CodeIgniter.php(887): class_exists('\\App\\Controllers\\SiparisInceleController', true)
 8 SYSTEMPATH\CodeIgniter.php(496): CodeIgniter\CodeIgniter->startController()
 9 SYSTEMPATH\CodeIgniter.php(355): CodeIgniter\CodeIgniter->handleRequest(null, Object(Config\Cache), false)
10 SYSTEMPATH\Boot.php(325): CodeIgniter\CodeIgniter->run()
11 SYSTEMPATH\Boot.php(67): CodeIgniter\Boot::runCodeIgniter(Object(CodeIgniter\CodeIgniter))
12 FCPATH\index.php(56): CodeIgniter\Boot::bootWeb(Object(Config\Paths))
WARNING - 2025-04-01 11:59:35 --> [DEPRECATED] Optional parameter $filename declared before required parameter $fore_color is implicitly treated as a required parameter in APPPATH\Libraries\phpqrcode\qrvect.php on line 140.
 1 APPPATH\Libraries\phpqrcode\qrlib.php(37): include('C:\\xampp\\htdocs\\sarkod\\system\\Debug\\Exceptions.php')
 2 APPPATH\Controllers\SiparisInceleController.php(8): require_once('C:\\xampp\\htdocs\\sarkod\\app\\Libraries\\phpqrcode\\qrlib.php')
 3 SYSTEMPATH\Autoloader\Autoloader.php(317): include_once('C:\\xampp\\htdocs\\sarkod\\app\\Controllers\\SiparisInceleController.php')
 4 SYSTEMPATH\Autoloader\Autoloader.php(296): CodeIgniter\Autoloader\Autoloader->includeFile('C:\\xampp\\htdocs\\sarkod\\app\\Controllers\\SiparisInceleController.php')
 5 SYSTEMPATH\Autoloader\Autoloader.php(272): CodeIgniter\Autoloader\Autoloader->loadInNamespace('App\\Controllers\\SiparisInceleController')
 6 [internal function]: CodeIgniter\Autoloader\Autoloader->loadClass('App\\Controllers\\SiparisInceleController')
 7 SYSTEMPATH\CodeIgniter.php(887): class_exists('\\App\\Controllers\\SiparisInceleController', true)
 8 SYSTEMPATH\CodeIgniter.php(496): CodeIgniter\CodeIgniter->startController()
 9 SYSTEMPATH\CodeIgniter.php(355): CodeIgniter\CodeIgniter->handleRequest(null, Object(Config\Cache), false)
10 SYSTEMPATH\Boot.php(325): CodeIgniter\CodeIgniter->run()
11 SYSTEMPATH\Boot.php(67): CodeIgniter\Boot::runCodeIgniter(Object(CodeIgniter\CodeIgniter))
12 FCPATH\index.php(56): CodeIgniter\Boot::bootWeb(Object(Config\Paths))
WARNING - 2025-04-01 11:59:35 --> [DEPRECATED] Optional parameter $pixelPerPoint declared before required parameter $fore_color is implicitly treated as a required parameter in APPPATH\Libraries\phpqrcode\qrvect.php on line 140.
 1 APPPATH\Libraries\phpqrcode\qrlib.php(37): include('C:\\xampp\\htdocs\\sarkod\\system\\Debug\\Exceptions.php')
 2 APPPATH\Controllers\SiparisInceleController.php(8): require_once('C:\\xampp\\htdocs\\sarkod\\app\\Libraries\\phpqrcode\\qrlib.php')
 3 SYSTEMPATH\Autoloader\Autoloader.php(317): include_once('C:\\xampp\\htdocs\\sarkod\\app\\Controllers\\SiparisInceleController.php')
 4 SYSTEMPATH\Autoloader\Autoloader.php(296): CodeIgniter\Autoloader\Autoloader->includeFile('C:\\xampp\\htdocs\\sarkod\\app\\Controllers\\SiparisInceleController.php')
 5 SYSTEMPATH\Autoloader\Autoloader.php(272): CodeIgniter\Autoloader\Autoloader->loadInNamespace('App\\Controllers\\SiparisInceleController')
 6 [internal function]: CodeIgniter\Autoloader\Autoloader->loadClass('App\\Controllers\\SiparisInceleController')
 7 SYSTEMPATH\CodeIgniter.php(887): class_exists('\\App\\Controllers\\SiparisInceleController', true)
 8 SYSTEMPATH\CodeIgniter.php(496): CodeIgniter\CodeIgniter->startController()
 9 SYSTEMPATH\CodeIgniter.php(355): CodeIgniter\CodeIgniter->handleRequest(null, Object(Config\Cache), false)
10 SYSTEMPATH\Boot.php(325): CodeIgniter\CodeIgniter->run()
11 SYSTEMPATH\Boot.php(67): CodeIgniter\Boot::runCodeIgniter(Object(CodeIgniter\CodeIgniter))
12 FCPATH\index.php(56): CodeIgniter\Boot::bootWeb(Object(Config\Paths))
WARNING - 2025-04-01 11:59:35 --> [DEPRECATED] Optional parameter $outerFrame declared before required parameter $fore_color is implicitly treated as a required parameter in APPPATH\Libraries\phpqrcode\qrvect.php on line 140.
 1 APPPATH\Libraries\phpqrcode\qrlib.php(37): include('C:\\xampp\\htdocs\\sarkod\\system\\Debug\\Exceptions.php')
 2 APPPATH\Controllers\SiparisInceleController.php(8): require_once('C:\\xampp\\htdocs\\sarkod\\app\\Libraries\\phpqrcode\\qrlib.php')
 3 SYSTEMPATH\Autoloader\Autoloader.php(317): include_once('C:\\xampp\\htdocs\\sarkod\\app\\Controllers\\SiparisInceleController.php')
 4 SYSTEMPATH\Autoloader\Autoloader.php(296): CodeIgniter\Autoloader\Autoloader->includeFile('C:\\xampp\\htdocs\\sarkod\\app\\Controllers\\SiparisInceleController.php')
 5 SYSTEMPATH\Autoloader\Autoloader.php(272): CodeIgniter\Autoloader\Autoloader->loadInNamespace('App\\Controllers\\SiparisInceleController')
 6 [internal function]: CodeIgniter\Autoloader\Autoloader->loadClass('App\\Controllers\\SiparisInceleController')
 7 SYSTEMPATH\CodeIgniter.php(887): class_exists('\\App\\Controllers\\SiparisInceleController', true)
 8 SYSTEMPATH\CodeIgniter.php(496): CodeIgniter\CodeIgniter->startController()
 9 SYSTEMPATH\CodeIgniter.php(355): CodeIgniter\CodeIgniter->handleRequest(null, Object(Config\Cache), false)
10 SYSTEMPATH\Boot.php(325): CodeIgniter\CodeIgniter->run()
11 SYSTEMPATH\Boot.php(67): CodeIgniter\Boot::runCodeIgniter(Object(CodeIgniter\CodeIgniter))
12 FCPATH\index.php(56): CodeIgniter\Boot::bootWeb(Object(Config\Paths))
WARNING - 2025-04-01 11:59:35 --> [DEPRECATED] Optional parameter $saveandprint declared before required parameter $fore_color is implicitly treated as a required parameter in APPPATH\Libraries\phpqrcode\qrvect.php on line 140.
 1 APPPATH\Libraries\phpqrcode\qrlib.php(37): include('C:\\xampp\\htdocs\\sarkod\\system\\Debug\\Exceptions.php')
 2 APPPATH\Controllers\SiparisInceleController.php(8): require_once('C:\\xampp\\htdocs\\sarkod\\app\\Libraries\\phpqrcode\\qrlib.php')
 3 SYSTEMPATH\Autoloader\Autoloader.php(317): include_once('C:\\xampp\\htdocs\\sarkod\\app\\Controllers\\SiparisInceleController.php')
 4 SYSTEMPATH\Autoloader\Autoloader.php(296): CodeIgniter\Autoloader\Autoloader->includeFile('C:\\xampp\\htdocs\\sarkod\\app\\Controllers\\SiparisInceleController.php')
 5 SYSTEMPATH\Autoloader\Autoloader.php(272): CodeIgniter\Autoloader\Autoloader->loadInNamespace('App\\Controllers\\SiparisInceleController')
 6 [internal function]: CodeIgniter\Autoloader\Autoloader->loadClass('App\\Controllers\\SiparisInceleController')
 7 SYSTEMPATH\CodeIgniter.php(887): class_exists('\\App\\Controllers\\SiparisInceleController', true)
 8 SYSTEMPATH\CodeIgniter.php(496): CodeIgniter\CodeIgniter->startController()
 9 SYSTEMPATH\CodeIgniter.php(355): CodeIgniter\CodeIgniter->handleRequest(null, Object(Config\Cache), false)
10 SYSTEMPATH\Boot.php(325): CodeIgniter\CodeIgniter->run()
11 SYSTEMPATH\Boot.php(67): CodeIgniter\Boot::runCodeIgniter(Object(CodeIgniter\CodeIgniter))
12 FCPATH\index.php(56): CodeIgniter\Boot::bootWeb(Object(Config\Paths))
INFO - 2025-04-01 11:59:35 --> Session: Class initialized using 'CodeIgniter\Session\Handlers\FileHandler' driver.
WARNING - 2025-04-01 11:59:35 --> [DEPRECATED] Creation of dynamic property QRencode::$cmyk is deprecated in APPPATH\Libraries\phpqrcode\qrencode.php on line 434.
 1 APPPATH\Libraries\phpqrcode\qrencode.php(285): QRencode::factory(0, 10, 4, 16777215, 0)
 2 APPPATH\Controllers\SiparisInceleController.php(42): QRcode::png('https://www.sarkod.com.tr/?siparis_id=128', null, 0, 10)
 3 SYSTEMPATH\CodeIgniter.php(933): App\Controllers\SiparisInceleController->index()
 4 SYSTEMPATH\CodeIgniter.php(509): CodeIgniter\CodeIgniter->runController(Object(App\Controllers\SiparisInceleController))
 5 SYSTEMPATH\CodeIgniter.php(355): CodeIgniter\CodeIgniter->handleRequest(null, Object(Config\Cache), false)
 6 SYSTEMPATH\Boot.php(325): CodeIgniter\CodeIgniter->run()
 7 SYSTEMPATH\Boot.php(67): CodeIgniter\Boot::runCodeIgniter(Object(CodeIgniter\CodeIgniter))
 8 FCPATH\index.php(56): CodeIgniter\Boot::bootWeb(Object(Config\Paths))
CRITICAL - 2025-04-01 11:59:35 --> Error: Call to undefined function ImageCreate()
[Method: GET, Route: admin/incele]
in APPPATH\Libraries\phpqrcode\qrimage.php on line 74.
 1 APPPATH\Libraries\phpqrcode\qrimage.php(32): QRimage::image([...], 10, 4, 16777215, 0)
 2 APPPATH\Libraries\phpqrcode\qrencode.php(513): QRimage::png([...], null, 10, 4, false, 16777215, 0)
 3 APPPATH\Libraries\phpqrcode\qrencode.php(286): QRencode->encodePNG('https://www.sarkod.com.tr/?siparis_id=128', null, false)
 4 APPPATH\Controllers\SiparisInceleController.php(42): QRcode::png('https://www.sarkod.com.tr/?siparis_id=128', null, 0, 10)
 5 SYSTEMPATH\CodeIgniter.php(933): App\Controllers\SiparisInceleController->index()
 6 SYSTEMPATH\CodeIgniter.php(509): CodeIgniter\CodeIgniter->runController(Object(App\Controllers\SiparisInceleController))
 7 SYSTEMPATH\CodeIgniter.php(355): CodeIgniter\CodeIgniter->handleRequest(null, Object(Config\Cache), false)
 8 SYSTEMPATH\Boot.php(325): CodeIgniter\CodeIgniter->run()
 9 SYSTEMPATH\Boot.php(67): CodeIgniter\Boot::runCodeIgniter(Object(CodeIgniter\CodeIgniter))
10 FCPATH\index.php(56): CodeIgniter\Boot::bootWeb(Object(Config\Paths))
WARNING - 2025-04-01 12:01:54 --> [DEPRECATED] Optional parameter $filename declared before required parameter $fore_color is implicitly treated as a required parameter in APPPATH\Libraries\phpqrcode\qrimage.php on line 30.
 1 APPPATH\Libraries\phpqrcode\qrlib.php(36): include('C:\\xampp\\htdocs\\sarkod\\system\\Debug\\Exceptions.php')
 2 APPPATH\Controllers\SiparisInceleController.php(8): require_once('C:\\xampp\\htdocs\\sarkod\\app\\Libraries\\phpqrcode\\qrlib.php')
 3 SYSTEMPATH\Autoloader\Autoloader.php(317): include_once('C:\\xampp\\htdocs\\sarkod\\app\\Controllers\\SiparisInceleController.php')
 4 SYSTEMPATH\Autoloader\Autoloader.php(296): CodeIgniter\Autoloader\Autoloader->includeFile('C:\\xampp\\htdocs\\sarkod\\app\\Controllers\\SiparisInceleController.php')
 5 SYSTEMPATH\Autoloader\Autoloader.php(272): CodeIgniter\Autoloader\Autoloader->loadInNamespace('App\\Controllers\\SiparisInceleController')
 6 [internal function]: CodeIgniter\Autoloader\Autoloader->loadClass('App\\Controllers\\SiparisInceleController')
 7 SYSTEMPATH\CodeIgniter.php(887): class_exists('\\App\\Controllers\\SiparisInceleController', true)
 8 SYSTEMPATH\CodeIgniter.php(496): CodeIgniter\CodeIgniter->startController()
 9 SYSTEMPATH\CodeIgniter.php(355): CodeIgniter\CodeIgniter->handleRequest(null, Object(Config\Cache), false)
10 SYSTEMPATH\Boot.php(325): CodeIgniter\CodeIgniter->run()
11 SYSTEMPATH\Boot.php(67): CodeIgniter\Boot::runCodeIgniter(Object(CodeIgniter\CodeIgniter))
12 FCPATH\index.php(56): CodeIgniter\Boot::bootWeb(Object(Config\Paths))
WARNING - 2025-04-01 12:01:54 --> [DEPRECATED] Optional parameter $pixelPerPoint declared before required parameter $fore_color is implicitly treated as a required parameter in APPPATH\Libraries\phpqrcode\qrimage.php on line 0.
 1 APPPATH\Libraries\phpqrcode\qrlib.php(36): include('C:\\xampp\\htdocs\\sarkod\\system\\Debug\\Exceptions.php')
 2 APPPATH\Controllers\SiparisInceleController.php(8): require_once('C:\\xampp\\htdocs\\sarkod\\app\\Libraries\\phpqrcode\\qrlib.php')
 3 SYSTEMPATH\Autoloader\Autoloader.php(317): include_once('C:\\xampp\\htdocs\\sarkod\\app\\Controllers\\SiparisInceleController.php')
 4 SYSTEMPATH\Autoloader\Autoloader.php(296): CodeIgniter\Autoloader\Autoloader->includeFile('C:\\xampp\\htdocs\\sarkod\\app\\Controllers\\SiparisInceleController.php')
 5 SYSTEMPATH\Autoloader\Autoloader.php(272): CodeIgniter\Autoloader\Autoloader->loadInNamespace('App\\Controllers\\SiparisInceleController')
 6 [internal function]: CodeIgniter\Autoloader\Autoloader->loadClass('App\\Controllers\\SiparisInceleController')
 7 SYSTEMPATH\CodeIgniter.php(887): class_exists('\\App\\Controllers\\SiparisInceleController', true)
 8 SYSTEMPATH\CodeIgniter.php(496): CodeIgniter\CodeIgniter->startController()
 9 SYSTEMPATH\CodeIgniter.php(355): CodeIgniter\CodeIgniter->handleRequest(null, Object(Config\Cache), false)
10 SYSTEMPATH\Boot.php(325): CodeIgniter\CodeIgniter->run()
11 SYSTEMPATH\Boot.php(67): CodeIgniter\Boot::runCodeIgniter(Object(CodeIgniter\CodeIgniter))
12 FCPATH\index.php(56): CodeIgniter\Boot::bootWeb(Object(Config\Paths))
WARNING - 2025-04-01 12:01:54 --> [DEPRECATED] Optional parameter $outerFrame declared before required parameter $fore_color is implicitly treated as a required parameter in APPPATH\Libraries\phpqrcode\qrimage.php on line 0.
 1 APPPATH\Libraries\phpqrcode\qrlib.php(36): include('C:\\xampp\\htdocs\\sarkod\\system\\Debug\\Exceptions.php')
 2 APPPATH\Controllers\SiparisInceleController.php(8): require_once('C:\\xampp\\htdocs\\sarkod\\app\\Libraries\\phpqrcode\\qrlib.php')
 3 SYSTEMPATH\Autoloader\Autoloader.php(317): include_once('C:\\xampp\\htdocs\\sarkod\\app\\Controllers\\SiparisInceleController.php')
 4 SYSTEMPATH\Autoloader\Autoloader.php(296): CodeIgniter\Autoloader\Autoloader->includeFile('C:\\xampp\\htdocs\\sarkod\\app\\Controllers\\SiparisInceleController.php')
 5 SYSTEMPATH\Autoloader\Autoloader.php(272): CodeIgniter\Autoloader\Autoloader->loadInNamespace('App\\Controllers\\SiparisInceleController')
 6 [internal function]: CodeIgniter\Autoloader\Autoloader->loadClass('App\\Controllers\\SiparisInceleController')
 7 SYSTEMPATH\CodeIgniter.php(887): class_exists('\\App\\Controllers\\SiparisInceleController', true)
 8 SYSTEMPATH\CodeIgniter.php(496): CodeIgniter\CodeIgniter->startController()
 9 SYSTEMPATH\CodeIgniter.php(355): CodeIgniter\CodeIgniter->handleRequest(null, Object(Config\Cache), false)
10 SYSTEMPATH\Boot.php(325): CodeIgniter\CodeIgniter->run()
11 SYSTEMPATH\Boot.php(67): CodeIgniter\Boot::runCodeIgniter(Object(CodeIgniter\CodeIgniter))
12 FCPATH\index.php(56): CodeIgniter\Boot::bootWeb(Object(Config\Paths))
WARNING - 2025-04-01 12:01:54 --> [DEPRECATED] Optional parameter $saveandprint declared before required parameter $fore_color is implicitly treated as a required parameter in APPPATH\Libraries\phpqrcode\qrimage.php on line 0.
 1 APPPATH\Libraries\phpqrcode\qrlib.php(36): include('C:\\xampp\\htdocs\\sarkod\\system\\Debug\\Exceptions.php')
 2 APPPATH\Controllers\SiparisInceleController.php(8): require_once('C:\\xampp\\htdocs\\sarkod\\app\\Libraries\\phpqrcode\\qrlib.php')
 3 SYSTEMPATH\Autoloader\Autoloader.php(317): include_once('C:\\xampp\\htdocs\\sarkod\\app\\Controllers\\SiparisInceleController.php')
 4 SYSTEMPATH\Autoloader\Autoloader.php(296): CodeIgniter\Autoloader\Autoloader->includeFile('C:\\xampp\\htdocs\\sarkod\\app\\Controllers\\SiparisInceleController.php')
 5 SYSTEMPATH\Autoloader\Autoloader.php(272): CodeIgniter\Autoloader\Autoloader->loadInNamespace('App\\Controllers\\SiparisInceleController')
 6 [internal function]: CodeIgniter\Autoloader\Autoloader->loadClass('App\\Controllers\\SiparisInceleController')
 7 SYSTEMPATH\CodeIgniter.php(887): class_exists('\\App\\Controllers\\SiparisInceleController', true)
 8 SYSTEMPATH\CodeIgniter.php(496): CodeIgniter\CodeIgniter->startController()
 9 SYSTEMPATH\CodeIgniter.php(355): CodeIgniter\CodeIgniter->handleRequest(null, Object(Config\Cache), false)
10 SYSTEMPATH\Boot.php(325): CodeIgniter\CodeIgniter->run()
11 SYSTEMPATH\Boot.php(67): CodeIgniter\Boot::runCodeIgniter(Object(CodeIgniter\CodeIgniter))
12 FCPATH\index.php(56): CodeIgniter\Boot::bootWeb(Object(Config\Paths))
WARNING - 2025-04-01 12:01:54 --> [DEPRECATED] Optional parameter $filename declared before required parameter $fore_color is implicitly treated as a required parameter in APPPATH\Libraries\phpqrcode\qrvect.php on line 140.
 1 APPPATH\Libraries\phpqrcode\qrlib.php(37): include('C:\\xampp\\htdocs\\sarkod\\system\\Debug\\Exceptions.php')
 2 APPPATH\Controllers\SiparisInceleController.php(8): require_once('C:\\xampp\\htdocs\\sarkod\\app\\Libraries\\phpqrcode\\qrlib.php')
 3 SYSTEMPATH\Autoloader\Autoloader.php(317): include_once('C:\\xampp\\htdocs\\sarkod\\app\\Controllers\\SiparisInceleController.php')
 4 SYSTEMPATH\Autoloader\Autoloader.php(296): CodeIgniter\Autoloader\Autoloader->includeFile('C:\\xampp\\htdocs\\sarkod\\app\\Controllers\\SiparisInceleController.php')
 5 SYSTEMPATH\Autoloader\Autoloader.php(272): CodeIgniter\Autoloader\Autoloader->loadInNamespace('App\\Controllers\\SiparisInceleController')
 6 [internal function]: CodeIgniter\Autoloader\Autoloader->loadClass('App\\Controllers\\SiparisInceleController')
 7 SYSTEMPATH\CodeIgniter.php(887): class_exists('\\App\\Controllers\\SiparisInceleController', true)
 8 SYSTEMPATH\CodeIgniter.php(496): CodeIgniter\CodeIgniter->startController()
 9 SYSTEMPATH\CodeIgniter.php(355): CodeIgniter\CodeIgniter->handleRequest(null, Object(Config\Cache), false)
10 SYSTEMPATH\Boot.php(325): CodeIgniter\CodeIgniter->run()
11 SYSTEMPATH\Boot.php(67): CodeIgniter\Boot::runCodeIgniter(Object(CodeIgniter\CodeIgniter))
12 FCPATH\index.php(56): CodeIgniter\Boot::bootWeb(Object(Config\Paths))
WARNING - 2025-04-01 12:01:54 --> [DEPRECATED] Optional parameter $pixelPerPoint declared before required parameter $fore_color is implicitly treated as a required parameter in APPPATH\Libraries\phpqrcode\qrvect.php on line 140.
 1 APPPATH\Libraries\phpqrcode\qrlib.php(37): include('C:\\xampp\\htdocs\\sarkod\\system\\Debug\\Exceptions.php')
 2 APPPATH\Controllers\SiparisInceleController.php(8): require_once('C:\\xampp\\htdocs\\sarkod\\app\\Libraries\\phpqrcode\\qrlib.php')
 3 SYSTEMPATH\Autoloader\Autoloader.php(317): include_once('C:\\xampp\\htdocs\\sarkod\\app\\Controllers\\SiparisInceleController.php')
 4 SYSTEMPATH\Autoloader\Autoloader.php(296): CodeIgniter\Autoloader\Autoloader->includeFile('C:\\xampp\\htdocs\\sarkod\\app\\Controllers\\SiparisInceleController.php')
 5 SYSTEMPATH\Autoloader\Autoloader.php(272): CodeIgniter\Autoloader\Autoloader->loadInNamespace('App\\Controllers\\SiparisInceleController')
 6 [internal function]: CodeIgniter\Autoloader\Autoloader->loadClass('App\\Controllers\\SiparisInceleController')
 7 SYSTEMPATH\CodeIgniter.php(887): class_exists('\\App\\Controllers\\SiparisInceleController', true)
 8 SYSTEMPATH\CodeIgniter.php(496): CodeIgniter\CodeIgniter->startController()
 9 SYSTEMPATH\CodeIgniter.php(355): CodeIgniter\CodeIgniter->handleRequest(null, Object(Config\Cache), false)
10 SYSTEMPATH\Boot.php(325): CodeIgniter\CodeIgniter->run()
11 SYSTEMPATH\Boot.php(67): CodeIgniter\Boot::runCodeIgniter(Object(CodeIgniter\CodeIgniter))
12 FCPATH\index.php(56): CodeIgniter\Boot::bootWeb(Object(Config\Paths))
WARNING - 2025-04-01 12:01:54 --> [DEPRECATED] Optional parameter $outerFrame declared before required parameter $fore_color is implicitly treated as a required parameter in APPPATH\Libraries\phpqrcode\qrvect.php on line 140.
 1 APPPATH\Libraries\phpqrcode\qrlib.php(37): include('C:\\xampp\\htdocs\\sarkod\\system\\Debug\\Exceptions.php')
 2 APPPATH\Controllers\SiparisInceleController.php(8): require_once('C:\\xampp\\htdocs\\sarkod\\app\\Libraries\\phpqrcode\\qrlib.php')
 3 SYSTEMPATH\Autoloader\Autoloader.php(317): include_once('C:\\xampp\\htdocs\\sarkod\\app\\Controllers\\SiparisInceleController.php')
 4 SYSTEMPATH\Autoloader\Autoloader.php(296): CodeIgniter\Autoloader\Autoloader->includeFile('C:\\xampp\\htdocs\\sarkod\\app\\Controllers\\SiparisInceleController.php')
 5 SYSTEMPATH\Autoloader\Autoloader.php(272): CodeIgniter\Autoloader\Autoloader->loadInNamespace('App\\Controllers\\SiparisInceleController')
 6 [internal function]: CodeIgniter\Autoloader\Autoloader->loadClass('App\\Controllers\\SiparisInceleController')
 7 SYSTEMPATH\CodeIgniter.php(887): class_exists('\\App\\Controllers\\SiparisInceleController', true)
 8 SYSTEMPATH\CodeIgniter.php(496): CodeIgniter\CodeIgniter->startController()
 9 SYSTEMPATH\CodeIgniter.php(355): CodeIgniter\CodeIgniter->handleRequest(null, Object(Config\Cache), false)
10 SYSTEMPATH\Boot.php(325): CodeIgniter\CodeIgniter->run()
11 SYSTEMPATH\Boot.php(67): CodeIgniter\Boot::runCodeIgniter(Object(CodeIgniter\CodeIgniter))
12 FCPATH\index.php(56): CodeIgniter\Boot::bootWeb(Object(Config\Paths))
WARNING - 2025-04-01 12:01:54 --> [DEPRECATED] Optional parameter $saveandprint declared before required parameter $fore_color is implicitly treated as a required parameter in APPPATH\Libraries\phpqrcode\qrvect.php on line 140.
 1 APPPATH\Libraries\phpqrcode\qrlib.php(37): include('C:\\xampp\\htdocs\\sarkod\\system\\Debug\\Exceptions.php')
 2 APPPATH\Controllers\SiparisInceleController.php(8): require_once('C:\\xampp\\htdocs\\sarkod\\app\\Libraries\\phpqrcode\\qrlib.php')
 3 SYSTEMPATH\Autoloader\Autoloader.php(317): include_once('C:\\xampp\\htdocs\\sarkod\\app\\Controllers\\SiparisInceleController.php')
 4 SYSTEMPATH\Autoloader\Autoloader.php(296): CodeIgniter\Autoloader\Autoloader->includeFile('C:\\xampp\\htdocs\\sarkod\\app\\Controllers\\SiparisInceleController.php')
 5 SYSTEMPATH\Autoloader\Autoloader.php(272): CodeIgniter\Autoloader\Autoloader->loadInNamespace('App\\Controllers\\SiparisInceleController')
 6 [internal function]: CodeIgniter\Autoloader\Autoloader->loadClass('App\\Controllers\\SiparisInceleController')
 7 SYSTEMPATH\CodeIgniter.php(887): class_exists('\\App\\Controllers\\SiparisInceleController', true)
 8 SYSTEMPATH\CodeIgniter.php(496): CodeIgniter\CodeIgniter->startController()
 9 SYSTEMPATH\CodeIgniter.php(355): CodeIgniter\CodeIgniter->handleRequest(null, Object(Config\Cache), false)
10 SYSTEMPATH\Boot.php(325): CodeIgniter\CodeIgniter->run()
11 SYSTEMPATH\Boot.php(67): CodeIgniter\Boot::runCodeIgniter(Object(CodeIgniter\CodeIgniter))
12 FCPATH\index.php(56): CodeIgniter\Boot::bootWeb(Object(Config\Paths))
INFO - 2025-04-01 12:01:54 --> Session: Class initialized using 'CodeIgniter\Session\Handlers\FileHandler' driver.
WARNING - 2025-04-01 12:01:54 --> [DEPRECATED] Creation of dynamic property QRencode::$cmyk is deprecated in APPPATH\Libraries\phpqrcode\qrencode.php on line 434.
 1 APPPATH\Libraries\phpqrcode\qrencode.php(285): QRencode::factory(0, 10, 4, 16777215, 0)
 2 APPPATH\Controllers\SiparisInceleController.php(42): QRcode::png('https://www.sarkod.com.tr/?siparis_id=128', null, 0, 10)
 3 SYSTEMPATH\CodeIgniter.php(933): App\Controllers\SiparisInceleController->index()
 4 SYSTEMPATH\CodeIgniter.php(509): CodeIgniter\CodeIgniter->runController(Object(App\Controllers\SiparisInceleController))
 5 SYSTEMPATH\CodeIgniter.php(355): CodeIgniter\CodeIgniter->handleRequest(null, Object(Config\Cache), false)
 6 SYSTEMPATH\Boot.php(325): CodeIgniter\CodeIgniter->run()
 7 SYSTEMPATH\Boot.php(67): CodeIgniter\Boot::runCodeIgniter(Object(CodeIgniter\CodeIgniter))
 8 FCPATH\index.php(56): CodeIgniter\Boot::bootWeb(Object(Config\Paths))
CRITICAL - 2025-04-01 12:01:54 --> Error: Call to undefined function ImageCreate()
[Method: GET, Route: admin/incele]
in APPPATH\Libraries\phpqrcode\qrimage.php on line 74.
 1 APPPATH\Libraries\phpqrcode\qrimage.php(32): QRimage::image([...], 10, 4, 16777215, 0)
 2 APPPATH\Libraries\phpqrcode\qrencode.php(513): QRimage::png([...], null, 10, 4, false, 16777215, 0)
 3 APPPATH\Libraries\phpqrcode\qrencode.php(286): QRencode->encodePNG('https://www.sarkod.com.tr/?siparis_id=128', null, false)
 4 APPPATH\Controllers\SiparisInceleController.php(42): QRcode::png('https://www.sarkod.com.tr/?siparis_id=128', null, 0, 10)
 5 SYSTEMPATH\CodeIgniter.php(933): App\Controllers\SiparisInceleController->index()
 6 SYSTEMPATH\CodeIgniter.php(509): CodeIgniter\CodeIgniter->runController(Object(App\Controllers\SiparisInceleController))
 7 SYSTEMPATH\CodeIgniter.php(355): CodeIgniter\CodeIgniter->handleRequest(null, Object(Config\Cache), false)
 8 SYSTEMPATH\Boot.php(325): CodeIgniter\CodeIgniter->run()
 9 SYSTEMPATH\Boot.php(67): CodeIgniter\Boot::runCodeIgniter(Object(CodeIgniter\CodeIgniter))
10 FCPATH\index.php(56): CodeIgniter\Boot::bootWeb(Object(Config\Paths))
WARNING - 2025-04-01 12:01:55 --> [DEPRECATED] Optional parameter $filename declared before required parameter $fore_color is implicitly treated as a required parameter in APPPATH\Libraries\phpqrcode\qrimage.php on line 30.
 1 APPPATH\Libraries\phpqrcode\qrlib.php(36): include('C:\\xampp\\htdocs\\sarkod\\system\\Debug\\Exceptions.php')
 2 APPPATH\Controllers\SiparisInceleController.php(8): require_once('C:\\xampp\\htdocs\\sarkod\\app\\Libraries\\phpqrcode\\qrlib.php')
 3 SYSTEMPATH\Autoloader\Autoloader.php(317): include_once('C:\\xampp\\htdocs\\sarkod\\app\\Controllers\\SiparisInceleController.php')
 4 SYSTEMPATH\Autoloader\Autoloader.php(296): CodeIgniter\Autoloader\Autoloader->includeFile('C:\\xampp\\htdocs\\sarkod\\app\\Controllers\\SiparisInceleController.php')
 5 SYSTEMPATH\Autoloader\Autoloader.php(272): CodeIgniter\Autoloader\Autoloader->loadInNamespace('App\\Controllers\\SiparisInceleController')
 6 [internal function]: CodeIgniter\Autoloader\Autoloader->loadClass('App\\Controllers\\SiparisInceleController')
 7 SYSTEMPATH\CodeIgniter.php(887): class_exists('\\App\\Controllers\\SiparisInceleController', true)
 8 SYSTEMPATH\CodeIgniter.php(496): CodeIgniter\CodeIgniter->startController()
 9 SYSTEMPATH\CodeIgniter.php(355): CodeIgniter\CodeIgniter->handleRequest(null, Object(Config\Cache), false)
10 SYSTEMPATH\Boot.php(325): CodeIgniter\CodeIgniter->run()
11 SYSTEMPATH\Boot.php(67): CodeIgniter\Boot::runCodeIgniter(Object(CodeIgniter\CodeIgniter))
12 FCPATH\index.php(56): CodeIgniter\Boot::bootWeb(Object(Config\Paths))
WARNING - 2025-04-01 12:01:55 --> [DEPRECATED] Optional parameter $pixelPerPoint declared before required parameter $fore_color is implicitly treated as a required parameter in APPPATH\Libraries\phpqrcode\qrimage.php on line 0.
 1 APPPATH\Libraries\phpqrcode\qrlib.php(36): include('C:\\xampp\\htdocs\\sarkod\\system\\Debug\\Exceptions.php')
 2 APPPATH\Controllers\SiparisInceleController.php(8): require_once('C:\\xampp\\htdocs\\sarkod\\app\\Libraries\\phpqrcode\\qrlib.php')
 3 SYSTEMPATH\Autoloader\Autoloader.php(317): include_once('C:\\xampp\\htdocs\\sarkod\\app\\Controllers\\SiparisInceleController.php')
 4 SYSTEMPATH\Autoloader\Autoloader.php(296): CodeIgniter\Autoloader\Autoloader->includeFile('C:\\xampp\\htdocs\\sarkod\\app\\Controllers\\SiparisInceleController.php')
 5 SYSTEMPATH\Autoloader\Autoloader.php(272): CodeIgniter\Autoloader\Autoloader->loadInNamespace('App\\Controllers\\SiparisInceleController')
 6 [internal function]: CodeIgniter\Autoloader\Autoloader->loadClass('App\\Controllers\\SiparisInceleController')
 7 SYSTEMPATH\CodeIgniter.php(887): class_exists('\\App\\Controllers\\SiparisInceleController', true)
 8 SYSTEMPATH\CodeIgniter.php(496): CodeIgniter\CodeIgniter->startController()
 9 SYSTEMPATH\CodeIgniter.php(355): CodeIgniter\CodeIgniter->handleRequest(null, Object(Config\Cache), false)
10 SYSTEMPATH\Boot.php(325): CodeIgniter\CodeIgniter->run()
11 SYSTEMPATH\Boot.php(67): CodeIgniter\Boot::runCodeIgniter(Object(CodeIgniter\CodeIgniter))
12 FCPATH\index.php(56): CodeIgniter\Boot::bootWeb(Object(Config\Paths))
WARNING - 2025-04-01 12:01:55 --> [DEPRECATED] Optional parameter $outerFrame declared before required parameter $fore_color is implicitly treated as a required parameter in APPPATH\Libraries\phpqrcode\qrimage.php on line 0.
 1 APPPATH\Libraries\phpqrcode\qrlib.php(36): include('C:\\xampp\\htdocs\\sarkod\\system\\Debug\\Exceptions.php')
 2 APPPATH\Controllers\SiparisInceleController.php(8): require_once('C:\\xampp\\htdocs\\sarkod\\app\\Libraries\\phpqrcode\\qrlib.php')
 3 SYSTEMPATH\Autoloader\Autoloader.php(317): include_once('C:\\xampp\\htdocs\\sarkod\\app\\Controllers\\SiparisInceleController.php')
 4 SYSTEMPATH\Autoloader\Autoloader.php(296): CodeIgniter\Autoloader\Autoloader->includeFile('C:\\xampp\\htdocs\\sarkod\\app\\Controllers\\SiparisInceleController.php')
 5 SYSTEMPATH\Autoloader\Autoloader.php(272): CodeIgniter\Autoloader\Autoloader->loadInNamespace('App\\Controllers\\SiparisInceleController')
 6 [internal function]: CodeIgniter\Autoloader\Autoloader->loadClass('App\\Controllers\\SiparisInceleController')
 7 SYSTEMPATH\CodeIgniter.php(887): class_exists('\\App\\Controllers\\SiparisInceleController', true)
 8 SYSTEMPATH\CodeIgniter.php(496): CodeIgniter\CodeIgniter->startController()
 9 SYSTEMPATH\CodeIgniter.php(355): CodeIgniter\CodeIgniter->handleRequest(null, Object(Config\Cache), false)
10 SYSTEMPATH\Boot.php(325): CodeIgniter\CodeIgniter->run()
11 SYSTEMPATH\Boot.php(67): CodeIgniter\Boot::runCodeIgniter(Object(CodeIgniter\CodeIgniter))
12 FCPATH\index.php(56): CodeIgniter\Boot::bootWeb(Object(Config\Paths))
WARNING - 2025-04-01 12:01:55 --> [DEPRECATED] Optional parameter $saveandprint declared before required parameter $fore_color is implicitly treated as a required parameter in APPPATH\Libraries\phpqrcode\qrimage.php on line 0.
 1 APPPATH\Libraries\phpqrcode\qrlib.php(36): include('C:\\xampp\\htdocs\\sarkod\\system\\Debug\\Exceptions.php')
 2 APPPATH\Controllers\SiparisInceleController.php(8): require_once('C:\\xampp\\htdocs\\sarkod\\app\\Libraries\\phpqrcode\\qrlib.php')
 3 SYSTEMPATH\Autoloader\Autoloader.php(317): include_once('C:\\xampp\\htdocs\\sarkod\\app\\Controllers\\SiparisInceleController.php')
 4 SYSTEMPATH\Autoloader\Autoloader.php(296): CodeIgniter\Autoloader\Autoloader->includeFile('C:\\xampp\\htdocs\\sarkod\\app\\Controllers\\SiparisInceleController.php')
 5 SYSTEMPATH\Autoloader\Autoloader.php(272): CodeIgniter\Autoloader\Autoloader->loadInNamespace('App\\Controllers\\SiparisInceleController')
 6 [internal function]: CodeIgniter\Autoloader\Autoloader->loadClass('App\\Controllers\\SiparisInceleController')
 7 SYSTEMPATH\CodeIgniter.php(887): class_exists('\\App\\Controllers\\SiparisInceleController', true)
 8 SYSTEMPATH\CodeIgniter.php(496): CodeIgniter\CodeIgniter->startController()
 9 SYSTEMPATH\CodeIgniter.php(355): CodeIgniter\CodeIgniter->handleRequest(null, Object(Config\Cache), false)
10 SYSTEMPATH\Boot.php(325): CodeIgniter\CodeIgniter->run()
11 SYSTEMPATH\Boot.php(67): CodeIgniter\Boot::runCodeIgniter(Object(CodeIgniter\CodeIgniter))
12 FCPATH\index.php(56): CodeIgniter\Boot::bootWeb(Object(Config\Paths))
WARNING - 2025-04-01 12:01:55 --> [DEPRECATED] Optional parameter $filename declared before required parameter $fore_color is implicitly treated as a required parameter in APPPATH\Libraries\phpqrcode\qrvect.php on line 140.
 1 APPPATH\Libraries\phpqrcode\qrlib.php(37): include('C:\\xampp\\htdocs\\sarkod\\system\\Debug\\Exceptions.php')
 2 APPPATH\Controllers\SiparisInceleController.php(8): require_once('C:\\xampp\\htdocs\\sarkod\\app\\Libraries\\phpqrcode\\qrlib.php')
 3 SYSTEMPATH\Autoloader\Autoloader.php(317): include_once('C:\\xampp\\htdocs\\sarkod\\app\\Controllers\\SiparisInceleController.php')
 4 SYSTEMPATH\Autoloader\Autoloader.php(296): CodeIgniter\Autoloader\Autoloader->includeFile('C:\\xampp\\htdocs\\sarkod\\app\\Controllers\\SiparisInceleController.php')
 5 SYSTEMPATH\Autoloader\Autoloader.php(272): CodeIgniter\Autoloader\Autoloader->loadInNamespace('App\\Controllers\\SiparisInceleController')
 6 [internal function]: CodeIgniter\Autoloader\Autoloader->loadClass('App\\Controllers\\SiparisInceleController')
 7 SYSTEMPATH\CodeIgniter.php(887): class_exists('\\App\\Controllers\\SiparisInceleController', true)
 8 SYSTEMPATH\CodeIgniter.php(496): CodeIgniter\CodeIgniter->startController()
 9 SYSTEMPATH\CodeIgniter.php(355): CodeIgniter\CodeIgniter->handleRequest(null, Object(Config\Cache), false)
10 SYSTEMPATH\Boot.php(325): CodeIgniter\CodeIgniter->run()
11 SYSTEMPATH\Boot.php(67): CodeIgniter\Boot::runCodeIgniter(Object(CodeIgniter\CodeIgniter))
12 FCPATH\index.php(56): CodeIgniter\Boot::bootWeb(Object(Config\Paths))
WARNING - 2025-04-01 12:01:55 --> [DEPRECATED] Optional parameter $pixelPerPoint declared before required parameter $fore_color is implicitly treated as a required parameter in APPPATH\Libraries\phpqrcode\qrvect.php on line 140.
 1 APPPATH\Libraries\phpqrcode\qrlib.php(37): include('C:\\xampp\\htdocs\\sarkod\\system\\Debug\\Exceptions.php')
 2 APPPATH\Controllers\SiparisInceleController.php(8): require_once('C:\\xampp\\htdocs\\sarkod\\app\\Libraries\\phpqrcode\\qrlib.php')
 3 SYSTEMPATH\Autoloader\Autoloader.php(317): include_once('C:\\xampp\\htdocs\\sarkod\\app\\Controllers\\SiparisInceleController.php')
 4 SYSTEMPATH\Autoloader\Autoloader.php(296): CodeIgniter\Autoloader\Autoloader->includeFile('C:\\xampp\\htdocs\\sarkod\\app\\Controllers\\SiparisInceleController.php')
 5 SYSTEMPATH\Autoloader\Autoloader.php(272): CodeIgniter\Autoloader\Autoloader->loadInNamespace('App\\Controllers\\SiparisInceleController')
 6 [internal function]: CodeIgniter\Autoloader\Autoloader->loadClass('App\\Controllers\\SiparisInceleController')
 7 SYSTEMPATH\CodeIgniter.php(887): class_exists('\\App\\Controllers\\SiparisInceleController', true)
 8 SYSTEMPATH\CodeIgniter.php(496): CodeIgniter\CodeIgniter->startController()
 9 SYSTEMPATH\CodeIgniter.php(355): CodeIgniter\CodeIgniter->handleRequest(null, Object(Config\Cache), false)
10 SYSTEMPATH\Boot.php(325): CodeIgniter\CodeIgniter->run()
11 SYSTEMPATH\Boot.php(67): CodeIgniter\Boot::runCodeIgniter(Object(CodeIgniter\CodeIgniter))
12 FCPATH\index.php(56): CodeIgniter\Boot::bootWeb(Object(Config\Paths))
WARNING - 2025-04-01 12:01:55 --> [DEPRECATED] Optional parameter $outerFrame declared before required parameter $fore_color is implicitly treated as a required parameter in APPPATH\Libraries\phpqrcode\qrvect.php on line 140.
 1 APPPATH\Libraries\phpqrcode\qrlib.php(37): include('C:\\xampp\\htdocs\\sarkod\\system\\Debug\\Exceptions.php')
 2 APPPATH\Controllers\SiparisInceleController.php(8): require_once('C:\\xampp\\htdocs\\sarkod\\app\\Libraries\\phpqrcode\\qrlib.php')
 3 SYSTEMPATH\Autoloader\Autoloader.php(317): include_once('C:\\xampp\\htdocs\\sarkod\\app\\Controllers\\SiparisInceleController.php')
 4 SYSTEMPATH\Autoloader\Autoloader.php(296): CodeIgniter\Autoloader\Autoloader->includeFile('C:\\xampp\\htdocs\\sarkod\\app\\Controllers\\SiparisInceleController.php')
 5 SYSTEMPATH\Autoloader\Autoloader.php(272): CodeIgniter\Autoloader\Autoloader->loadInNamespace('App\\Controllers\\SiparisInceleController')
 6 [internal function]: CodeIgniter\Autoloader\Autoloader->loadClass('App\\Controllers\\SiparisInceleController')
 7 SYSTEMPATH\CodeIgniter.php(887): class_exists('\\App\\Controllers\\SiparisInceleController', true)
 8 SYSTEMPATH\CodeIgniter.php(496): CodeIgniter\CodeIgniter->startController()
 9 SYSTEMPATH\CodeIgniter.php(355): CodeIgniter\CodeIgniter->handleRequest(null, Object(Config\Cache), false)
10 SYSTEMPATH\Boot.php(325): CodeIgniter\CodeIgniter->run()
11 SYSTEMPATH\Boot.php(67): CodeIgniter\Boot::runCodeIgniter(Object(CodeIgniter\CodeIgniter))
12 FCPATH\index.php(56): CodeIgniter\Boot::bootWeb(Object(Config\Paths))
WARNING - 2025-04-01 12:01:55 --> [DEPRECATED] Optional parameter $saveandprint declared before required parameter $fore_color is implicitly treated as a required parameter in APPPATH\Libraries\phpqrcode\qrvect.php on line 140.
 1 APPPATH\Libraries\phpqrcode\qrlib.php(37): include('C:\\xampp\\htdocs\\sarkod\\system\\Debug\\Exceptions.php')
 2 APPPATH\Controllers\SiparisInceleController.php(8): require_once('C:\\xampp\\htdocs\\sarkod\\app\\Libraries\\phpqrcode\\qrlib.php')
 3 SYSTEMPATH\Autoloader\Autoloader.php(317): include_once('C:\\xampp\\htdocs\\sarkod\\app\\Controllers\\SiparisInceleController.php')
 4 SYSTEMPATH\Autoloader\Autoloader.php(296): CodeIgniter\Autoloader\Autoloader->includeFile('C:\\xampp\\htdocs\\sarkod\\app\\Controllers\\SiparisInceleController.php')
 5 SYSTEMPATH\Autoloader\Autoloader.php(272): CodeIgniter\Autoloader\Autoloader->loadInNamespace('App\\Controllers\\SiparisInceleController')
 6 [internal function]: CodeIgniter\Autoloader\Autoloader->loadClass('App\\Controllers\\SiparisInceleController')
 7 SYSTEMPATH\CodeIgniter.php(887): class_exists('\\App\\Controllers\\SiparisInceleController', true)
 8 SYSTEMPATH\CodeIgniter.php(496): CodeIgniter\CodeIgniter->startController()
 9 SYSTEMPATH\CodeIgniter.php(355): CodeIgniter\CodeIgniter->handleRequest(null, Object(Config\Cache), false)
10 SYSTEMPATH\Boot.php(325): CodeIgniter\CodeIgniter->run()
11 SYSTEMPATH\Boot.php(67): CodeIgniter\Boot::runCodeIgniter(Object(CodeIgniter\CodeIgniter))
12 FCPATH\index.php(56): CodeIgniter\Boot::bootWeb(Object(Config\Paths))
INFO - 2025-04-01 12:01:55 --> Session: Class initialized using 'CodeIgniter\Session\Handlers\FileHandler' driver.
WARNING - 2025-04-01 12:01:55 --> [DEPRECATED] Creation of dynamic property QRencode::$cmyk is deprecated in APPPATH\Libraries\phpqrcode\qrencode.php on line 434.
 1 APPPATH\Libraries\phpqrcode\qrencode.php(285): QRencode::factory(0, 10, 4, 16777215, 0)
 2 APPPATH\Controllers\SiparisInceleController.php(42): QRcode::png('https://www.sarkod.com.tr/?siparis_id=128', null, 0, 10)
 3 SYSTEMPATH\CodeIgniter.php(933): App\Controllers\SiparisInceleController->index()
 4 SYSTEMPATH\CodeIgniter.php(509): CodeIgniter\CodeIgniter->runController(Object(App\Controllers\SiparisInceleController))
 5 SYSTEMPATH\CodeIgniter.php(355): CodeIgniter\CodeIgniter->handleRequest(null, Object(Config\Cache), false)
 6 SYSTEMPATH\Boot.php(325): CodeIgniter\CodeIgniter->run()
 7 SYSTEMPATH\Boot.php(67): CodeIgniter\Boot::runCodeIgniter(Object(CodeIgniter\CodeIgniter))
 8 FCPATH\index.php(56): CodeIgniter\Boot::bootWeb(Object(Config\Paths))
CRITICAL - 2025-04-01 12:01:55 --> Error: Call to undefined function ImageCreate()
[Method: GET, Route: admin/incele]
in APPPATH\Libraries\phpqrcode\qrimage.php on line 74.
 1 APPPATH\Libraries\phpqrcode\qrimage.php(32): QRimage::image([...], 10, 4, 16777215, 0)
 2 APPPATH\Libraries\phpqrcode\qrencode.php(513): QRimage::png([...], null, 10, 4, false, 16777215, 0)
 3 APPPATH\Libraries\phpqrcode\qrencode.php(286): QRencode->encodePNG('https://www.sarkod.com.tr/?siparis_id=128', null, false)
 4 APPPATH\Controllers\SiparisInceleController.php(42): QRcode::png('https://www.sarkod.com.tr/?siparis_id=128', null, 0, 10)
 5 SYSTEMPATH\CodeIgniter.php(933): App\Controllers\SiparisInceleController->index()
 6 SYSTEMPATH\CodeIgniter.php(509): CodeIgniter\CodeIgniter->runController(Object(App\Controllers\SiparisInceleController))
 7 SYSTEMPATH\CodeIgniter.php(355): CodeIgniter\CodeIgniter->handleRequest(null, Object(Config\Cache), false)
 8 SYSTEMPATH\Boot.php(325): CodeIgniter\CodeIgniter->run()
 9 SYSTEMPATH\Boot.php(67): CodeIgniter\Boot::runCodeIgniter(Object(CodeIgniter\CodeIgniter))
10 FCPATH\index.php(56): CodeIgniter\Boot::bootWeb(Object(Config\Paths))
WARNING - 2025-04-01 12:02:19 --> [DEPRECATED] Optional parameter $filename declared before required parameter $fore_color is implicitly treated as a required parameter in APPPATH\Libraries\phpqrcode\qrimage.php on line 30.
 1 APPPATH\Libraries\phpqrcode\qrlib.php(36): include('C:\\xampp\\htdocs\\sarkod\\system\\Debug\\Exceptions.php')
 2 APPPATH\Controllers\SiparisInceleController.php(8): require_once('C:\\xampp\\htdocs\\sarkod\\app\\Libraries\\phpqrcode\\qrlib.php')
 3 SYSTEMPATH\Autoloader\Autoloader.php(317): include_once('C:\\xampp\\htdocs\\sarkod\\app\\Controllers\\SiparisInceleController.php')
 4 SYSTEMPATH\Autoloader\Autoloader.php(296): CodeIgniter\Autoloader\Autoloader->includeFile('C:\\xampp\\htdocs\\sarkod\\app\\Controllers\\SiparisInceleController.php')
 5 SYSTEMPATH\Autoloader\Autoloader.php(272): CodeIgniter\Autoloader\Autoloader->loadInNamespace('App\\Controllers\\SiparisInceleController')
 6 [internal function]: CodeIgniter\Autoloader\Autoloader->loadClass('App\\Controllers\\SiparisInceleController')
 7 SYSTEMPATH\CodeIgniter.php(887): class_exists('\\App\\Controllers\\SiparisInceleController', true)
 8 SYSTEMPATH\CodeIgniter.php(496): CodeIgniter\CodeIgniter->startController()
 9 SYSTEMPATH\CodeIgniter.php(355): CodeIgniter\CodeIgniter->handleRequest(null, Object(Config\Cache), false)
10 SYSTEMPATH\Boot.php(325): CodeIgniter\CodeIgniter->run()
11 SYSTEMPATH\Boot.php(67): CodeIgniter\Boot::runCodeIgniter(Object(CodeIgniter\CodeIgniter))
12 FCPATH\index.php(56): CodeIgniter\Boot::bootWeb(Object(Config\Paths))
WARNING - 2025-04-01 12:02:19 --> [DEPRECATED] Optional parameter $pixelPerPoint declared before required parameter $fore_color is implicitly treated as a required parameter in APPPATH\Libraries\phpqrcode\qrimage.php on line 0.
 1 APPPATH\Libraries\phpqrcode\qrlib.php(36): include('C:\\xampp\\htdocs\\sarkod\\system\\Debug\\Exceptions.php')
 2 APPPATH\Controllers\SiparisInceleController.php(8): require_once('C:\\xampp\\htdocs\\sarkod\\app\\Libraries\\phpqrcode\\qrlib.php')
 3 SYSTEMPATH\Autoloader\Autoloader.php(317): include_once('C:\\xampp\\htdocs\\sarkod\\app\\Controllers\\SiparisInceleController.php')
 4 SYSTEMPATH\Autoloader\Autoloader.php(296): CodeIgniter\Autoloader\Autoloader->includeFile('C:\\xampp\\htdocs\\sarkod\\app\\Controllers\\SiparisInceleController.php')
 5 SYSTEMPATH\Autoloader\Autoloader.php(272): CodeIgniter\Autoloader\Autoloader->loadInNamespace('App\\Controllers\\SiparisInceleController')
 6 [internal function]: CodeIgniter\Autoloader\Autoloader->loadClass('App\\Controllers\\SiparisInceleController')
 7 SYSTEMPATH\CodeIgniter.php(887): class_exists('\\App\\Controllers\\SiparisInceleController', true)
 8 SYSTEMPATH\CodeIgniter.php(496): CodeIgniter\CodeIgniter->startController()
 9 SYSTEMPATH\CodeIgniter.php(355): CodeIgniter\CodeIgniter->handleRequest(null, Object(Config\Cache), false)
10 SYSTEMPATH\Boot.php(325): CodeIgniter\CodeIgniter->run()
11 SYSTEMPATH\Boot.php(67): CodeIgniter\Boot::runCodeIgniter(Object(CodeIgniter\CodeIgniter))
12 FCPATH\index.php(56): CodeIgniter\Boot::bootWeb(Object(Config\Paths))
WARNING - 2025-04-01 12:02:19 --> [DEPRECATED] Optional parameter $outerFrame declared before required parameter $fore_color is implicitly treated as a required parameter in APPPATH\Libraries\phpqrcode\qrimage.php on line 0.
 1 APPPATH\Libraries\phpqrcode\qrlib.php(36): include('C:\\xampp\\htdocs\\sarkod\\system\\Debug\\Exceptions.php')
 2 APPPATH\Controllers\SiparisInceleController.php(8): require_once('C:\\xampp\\htdocs\\sarkod\\app\\Libraries\\phpqrcode\\qrlib.php')
 3 SYSTEMPATH\Autoloader\Autoloader.php(317): include_once('C:\\xampp\\htdocs\\sarkod\\app\\Controllers\\SiparisInceleController.php')
 4 SYSTEMPATH\Autoloader\Autoloader.php(296): CodeIgniter\Autoloader\Autoloader->includeFile('C:\\xampp\\htdocs\\sarkod\\app\\Controllers\\SiparisInceleController.php')
 5 SYSTEMPATH\Autoloader\Autoloader.php(272): CodeIgniter\Autoloader\Autoloader->loadInNamespace('App\\Controllers\\SiparisInceleController')
 6 [internal function]: CodeIgniter\Autoloader\Autoloader->loadClass('App\\Controllers\\SiparisInceleController')
 7 SYSTEMPATH\CodeIgniter.php(887): class_exists('\\App\\Controllers\\SiparisInceleController', true)
 8 SYSTEMPATH\CodeIgniter.php(496): CodeIgniter\CodeIgniter->startController()
 9 SYSTEMPATH\CodeIgniter.php(355): CodeIgniter\CodeIgniter->handleRequest(null, Object(Config\Cache), false)
10 SYSTEMPATH\Boot.php(325): CodeIgniter\CodeIgniter->run()
11 SYSTEMPATH\Boot.php(67): CodeIgniter\Boot::runCodeIgniter(Object(CodeIgniter\CodeIgniter))
12 FCPATH\index.php(56): CodeIgniter\Boot::bootWeb(Object(Config\Paths))
WARNING - 2025-04-01 12:02:19 --> [DEPRECATED] Optional parameter $saveandprint declared before required parameter $fore_color is implicitly treated as a required parameter in APPPATH\Libraries\phpqrcode\qrimage.php on line 0.
 1 APPPATH\Libraries\phpqrcode\qrlib.php(36): include('C:\\xampp\\htdocs\\sarkod\\system\\Debug\\Exceptions.php')
 2 APPPATH\Controllers\SiparisInceleController.php(8): require_once('C:\\xampp\\htdocs\\sarkod\\app\\Libraries\\phpqrcode\\qrlib.php')
 3 SYSTEMPATH\Autoloader\Autoloader.php(317): include_once('C:\\xampp\\htdocs\\sarkod\\app\\Controllers\\SiparisInceleController.php')
 4 SYSTEMPATH\Autoloader\Autoloader.php(296): CodeIgniter\Autoloader\Autoloader->includeFile('C:\\xampp\\htdocs\\sarkod\\app\\Controllers\\SiparisInceleController.php')
 5 SYSTEMPATH\Autoloader\Autoloader.php(272): CodeIgniter\Autoloader\Autoloader->loadInNamespace('App\\Controllers\\SiparisInceleController')
 6 [internal function]: CodeIgniter\Autoloader\Autoloader->loadClass('App\\Controllers\\SiparisInceleController')
 7 SYSTEMPATH\CodeIgniter.php(887): class_exists('\\App\\Controllers\\SiparisInceleController', true)
 8 SYSTEMPATH\CodeIgniter.php(496): CodeIgniter\CodeIgniter->startController()
 9 SYSTEMPATH\CodeIgniter.php(355): CodeIgniter\CodeIgniter->handleRequest(null, Object(Config\Cache), false)
10 SYSTEMPATH\Boot.php(325): CodeIgniter\CodeIgniter->run()
11 SYSTEMPATH\Boot.php(67): CodeIgniter\Boot::runCodeIgniter(Object(CodeIgniter\CodeIgniter))
12 FCPATH\index.php(56): CodeIgniter\Boot::bootWeb(Object(Config\Paths))
WARNING - 2025-04-01 12:02:19 --> [DEPRECATED] Optional parameter $filename declared before required parameter $fore_color is implicitly treated as a required parameter in APPPATH\Libraries\phpqrcode\qrvect.php on line 140.
 1 APPPATH\Libraries\phpqrcode\qrlib.php(37): include('C:\\xampp\\htdocs\\sarkod\\system\\Debug\\Exceptions.php')
 2 APPPATH\Controllers\SiparisInceleController.php(8): require_once('C:\\xampp\\htdocs\\sarkod\\app\\Libraries\\phpqrcode\\qrlib.php')
 3 SYSTEMPATH\Autoloader\Autoloader.php(317): include_once('C:\\xampp\\htdocs\\sarkod\\app\\Controllers\\SiparisInceleController.php')
 4 SYSTEMPATH\Autoloader\Autoloader.php(296): CodeIgniter\Autoloader\Autoloader->includeFile('C:\\xampp\\htdocs\\sarkod\\app\\Controllers\\SiparisInceleController.php')
 5 SYSTEMPATH\Autoloader\Autoloader.php(272): CodeIgniter\Autoloader\Autoloader->loadInNamespace('App\\Controllers\\SiparisInceleController')
 6 [internal function]: CodeIgniter\Autoloader\Autoloader->loadClass('App\\Controllers\\SiparisInceleController')
 7 SYSTEMPATH\CodeIgniter.php(887): class_exists('\\App\\Controllers\\SiparisInceleController', true)
 8 SYSTEMPATH\CodeIgniter.php(496): CodeIgniter\CodeIgniter->startController()
 9 SYSTEMPATH\CodeIgniter.php(355): CodeIgniter\CodeIgniter->handleRequest(null, Object(Config\Cache), false)
10 SYSTEMPATH\Boot.php(325): CodeIgniter\CodeIgniter->run()
11 SYSTEMPATH\Boot.php(67): CodeIgniter\Boot::runCodeIgniter(Object(CodeIgniter\CodeIgniter))
12 FCPATH\index.php(56): CodeIgniter\Boot::bootWeb(Object(Config\Paths))
WARNING - 2025-04-01 12:02:19 --> [DEPRECATED] Optional parameter $pixelPerPoint declared before required parameter $fore_color is implicitly treated as a required parameter in APPPATH\Libraries\phpqrcode\qrvect.php on line 140.
 1 APPPATH\Libraries\phpqrcode\qrlib.php(37): include('C:\\xampp\\htdocs\\sarkod\\system\\Debug\\Exceptions.php')
 2 APPPATH\Controllers\SiparisInceleController.php(8): require_once('C:\\xampp\\htdocs\\sarkod\\app\\Libraries\\phpqrcode\\qrlib.php')
 3 SYSTEMPATH\Autoloader\Autoloader.php(317): include_once('C:\\xampp\\htdocs\\sarkod\\app\\Controllers\\SiparisInceleController.php')
 4 SYSTEMPATH\Autoloader\Autoloader.php(296): CodeIgniter\Autoloader\Autoloader->includeFile('C:\\xampp\\htdocs\\sarkod\\app\\Controllers\\SiparisInceleController.php')
 5 SYSTEMPATH\Autoloader\Autoloader.php(272): CodeIgniter\Autoloader\Autoloader->loadInNamespace('App\\Controllers\\SiparisInceleController')
 6 [internal function]: CodeIgniter\Autoloader\Autoloader->loadClass('App\\Controllers\\SiparisInceleController')
 7 SYSTEMPATH\CodeIgniter.php(887): class_exists('\\App\\Controllers\\SiparisInceleController', true)
 8 SYSTEMPATH\CodeIgniter.php(496): CodeIgniter\CodeIgniter->startController()
 9 SYSTEMPATH\CodeIgniter.php(355): CodeIgniter\CodeIgniter->handleRequest(null, Object(Config\Cache), false)
10 SYSTEMPATH\Boot.php(325): CodeIgniter\CodeIgniter->run()
11 SYSTEMPATH\Boot.php(67): CodeIgniter\Boot::runCodeIgniter(Object(CodeIgniter\CodeIgniter))
12 FCPATH\index.php(56): CodeIgniter\Boot::bootWeb(Object(Config\Paths))
WARNING - 2025-04-01 12:02:19 --> [DEPRECATED] Optional parameter $outerFrame declared before required parameter $fore_color is implicitly treated as a required parameter in APPPATH\Libraries\phpqrcode\qrvect.php on line 140.
 1 APPPATH\Libraries\phpqrcode\qrlib.php(37): include('C:\\xampp\\htdocs\\sarkod\\system\\Debug\\Exceptions.php')
 2 APPPATH\Controllers\SiparisInceleController.php(8): require_once('C:\\xampp\\htdocs\\sarkod\\app\\Libraries\\phpqrcode\\qrlib.php')
 3 SYSTEMPATH\Autoloader\Autoloader.php(317): include_once('C:\\xampp\\htdocs\\sarkod\\app\\Controllers\\SiparisInceleController.php')
 4 SYSTEMPATH\Autoloader\Autoloader.php(296): CodeIgniter\Autoloader\Autoloader->includeFile('C:\\xampp\\htdocs\\sarkod\\app\\Controllers\\SiparisInceleController.php')
 5 SYSTEMPATH\Autoloader\Autoloader.php(272): CodeIgniter\Autoloader\Autoloader->loadInNamespace('App\\Controllers\\SiparisInceleController')
 6 [internal function]: CodeIgniter\Autoloader\Autoloader->loadClass('App\\Controllers\\SiparisInceleController')
 7 SYSTEMPATH\CodeIgniter.php(887): class_exists('\\App\\Controllers\\SiparisInceleController', true)
 8 SYSTEMPATH\CodeIgniter.php(496): CodeIgniter\CodeIgniter->startController()
 9 SYSTEMPATH\CodeIgniter.php(355): CodeIgniter\CodeIgniter->handleRequest(null, Object(Config\Cache), false)
10 SYSTEMPATH\Boot.php(325): CodeIgniter\CodeIgniter->run()
11 SYSTEMPATH\Boot.php(67): CodeIgniter\Boot::runCodeIgniter(Object(CodeIgniter\CodeIgniter))
12 FCPATH\index.php(56): CodeIgniter\Boot::bootWeb(Object(Config\Paths))
WARNING - 2025-04-01 12:02:19 --> [DEPRECATED] Optional parameter $saveandprint declared before required parameter $fore_color is implicitly treated as a required parameter in APPPATH\Libraries\phpqrcode\qrvect.php on line 140.
 1 APPPATH\Libraries\phpqrcode\qrlib.php(37): include('C:\\xampp\\htdocs\\sarkod\\system\\Debug\\Exceptions.php')
 2 APPPATH\Controllers\SiparisInceleController.php(8): require_once('C:\\xampp\\htdocs\\sarkod\\app\\Libraries\\phpqrcode\\qrlib.php')
 3 SYSTEMPATH\Autoloader\Autoloader.php(317): include_once('C:\\xampp\\htdocs\\sarkod\\app\\Controllers\\SiparisInceleController.php')
 4 SYSTEMPATH\Autoloader\Autoloader.php(296): CodeIgniter\Autoloader\Autoloader->includeFile('C:\\xampp\\htdocs\\sarkod\\app\\Controllers\\SiparisInceleController.php')
 5 SYSTEMPATH\Autoloader\Autoloader.php(272): CodeIgniter\Autoloader\Autoloader->loadInNamespace('App\\Controllers\\SiparisInceleController')
 6 [internal function]: CodeIgniter\Autoloader\Autoloader->loadClass('App\\Controllers\\SiparisInceleController')
 7 SYSTEMPATH\CodeIgniter.php(887): class_exists('\\App\\Controllers\\SiparisInceleController', true)
 8 SYSTEMPATH\CodeIgniter.php(496): CodeIgniter\CodeIgniter->startController()
 9 SYSTEMPATH\CodeIgniter.php(355): CodeIgniter\CodeIgniter->handleRequest(null, Object(Config\Cache), false)
10 SYSTEMPATH\Boot.php(325): CodeIgniter\CodeIgniter->run()
11 SYSTEMPATH\Boot.php(67): CodeIgniter\Boot::runCodeIgniter(Object(CodeIgniter\CodeIgniter))
12 FCPATH\index.php(56): CodeIgniter\Boot::bootWeb(Object(Config\Paths))
INFO - 2025-04-01 12:02:19 --> Session: Class initialized using 'CodeIgniter\Session\Handlers\FileHandler' driver.
WARNING - 2025-04-01 12:02:19 --> [DEPRECATED] Creation of dynamic property QRencode::$cmyk is deprecated in APPPATH\Libraries\phpqrcode\qrencode.php on line 434.
 1 APPPATH\Libraries\phpqrcode\qrencode.php(285): QRencode::factory(0, 10, 4, 16777215, 0)
 2 APPPATH\Controllers\SiparisInceleController.php(42): QRcode::png('https://www.sarkod.com.tr/?siparis_id=128', null, 0, 10)
 3 SYSTEMPATH\CodeIgniter.php(933): App\Controllers\SiparisInceleController->index()
 4 SYSTEMPATH\CodeIgniter.php(509): CodeIgniter\CodeIgniter->runController(Object(App\Controllers\SiparisInceleController))
 5 SYSTEMPATH\CodeIgniter.php(355): CodeIgniter\CodeIgniter->handleRequest(null, Object(Config\Cache), false)
 6 SYSTEMPATH\Boot.php(325): CodeIgniter\CodeIgniter->run()
 7 SYSTEMPATH\Boot.php(67): CodeIgniter\Boot::runCodeIgniter(Object(CodeIgniter\CodeIgniter))
 8 FCPATH\index.php(56): CodeIgniter\Boot::bootWeb(Object(Config\Paths))
INFO - 2025-04-01 12:02:21 --> Session: Class initialized using 'CodeIgniter\Session\Handlers\FileHandler' driver.
INFO - 2025-04-01 12:02:23 --> Session: Class initialized using 'CodeIgniter\Session\Handlers\FileHandler' driver.
INFO - 2025-04-01 12:02:24 --> Session: Class initialized using 'CodeIgniter\Session\Handlers\FileHandler' driver.
INFO - 2025-04-01 12:02:53 --> Session: Class initialized using 'CodeIgniter\Session\Handlers\FileHandler' driver.
INFO - 2025-04-01 12:03:13 --> Session: Class initialized using 'CodeIgniter\Session\Handlers\FileHandler' driver.
INFO - 2025-04-01 12:03:18 --> Session: Class initialized using 'CodeIgniter\Session\Handlers\FileHandler' driver.
INFO - 2025-04-01 12:03:21 --> Session: Class initialized using 'CodeIgniter\Session\Handlers\FileHandler' driver.
WARNING - 2025-04-01 12:03:21 --> [DEPRECATED] Optional parameter $filename declared before required parameter $fore_color is implicitly treated as a required parameter in APPPATH\Libraries\phpqrcode\qrimage.php on line 30.
 1 APPPATH\Libraries\phpqrcode\qrlib.php(36): include('C:\\xampp\\htdocs\\sarkod\\system\\Debug\\Exceptions.php')
 2 APPPATH\Controllers\SiparisInceleController.php(8): require_once('C:\\xampp\\htdocs\\sarkod\\app\\Libraries\\phpqrcode\\qrlib.php')
 3 SYSTEMPATH\Autoloader\Autoloader.php(317): include_once('C:\\xampp\\htdocs\\sarkod\\app\\Controllers\\SiparisInceleController.php')
 4 SYSTEMPATH\Autoloader\Autoloader.php(296): CodeIgniter\Autoloader\Autoloader->includeFile('C:\\xampp\\htdocs\\sarkod\\app\\Controllers\\SiparisInceleController.php')
 5 SYSTEMPATH\Autoloader\Autoloader.php(272): CodeIgniter\Autoloader\Autoloader->loadInNamespace('App\\Controllers\\SiparisInceleController')
 6 [internal function]: CodeIgniter\Autoloader\Autoloader->loadClass('App\\Controllers\\SiparisInceleController')
 7 SYSTEMPATH\CodeIgniter.php(887): class_exists('\\App\\Controllers\\SiparisInceleController', true)
 8 SYSTEMPATH\CodeIgniter.php(496): CodeIgniter\CodeIgniter->startController()
 9 SYSTEMPATH\CodeIgniter.php(355): CodeIgniter\CodeIgniter->handleRequest(null, Object(Config\Cache), false)
10 SYSTEMPATH\Boot.php(325): CodeIgniter\CodeIgniter->run()
11 SYSTEMPATH\Boot.php(67): CodeIgniter\Boot::runCodeIgniter(Object(CodeIgniter\CodeIgniter))
12 FCPATH\index.php(56): CodeIgniter\Boot::bootWeb(Object(Config\Paths))
WARNING - 2025-04-01 12:03:21 --> [DEPRECATED] Optional parameter $pixelPerPoint declared before required parameter $fore_color is implicitly treated as a required parameter in APPPATH\Libraries\phpqrcode\qrimage.php on line 0.
 1 APPPATH\Libraries\phpqrcode\qrlib.php(36): include('C:\\xampp\\htdocs\\sarkod\\system\\Debug\\Exceptions.php')
 2 APPPATH\Controllers\SiparisInceleController.php(8): require_once('C:\\xampp\\htdocs\\sarkod\\app\\Libraries\\phpqrcode\\qrlib.php')
 3 SYSTEMPATH\Autoloader\Autoloader.php(317): include_once('C:\\xampp\\htdocs\\sarkod\\app\\Controllers\\SiparisInceleController.php')
 4 SYSTEMPATH\Autoloader\Autoloader.php(296): CodeIgniter\Autoloader\Autoloader->includeFile('C:\\xampp\\htdocs\\sarkod\\app\\Controllers\\SiparisInceleController.php')
 5 SYSTEMPATH\Autoloader\Autoloader.php(272): CodeIgniter\Autoloader\Autoloader->loadInNamespace('App\\Controllers\\SiparisInceleController')
 6 [internal function]: CodeIgniter\Autoloader\Autoloader->loadClass('App\\Controllers\\SiparisInceleController')
 7 SYSTEMPATH\CodeIgniter.php(887): class_exists('\\App\\Controllers\\SiparisInceleController', true)
 8 SYSTEMPATH\CodeIgniter.php(496): CodeIgniter\CodeIgniter->startController()
 9 SYSTEMPATH\CodeIgniter.php(355): CodeIgniter\CodeIgniter->handleRequest(null, Object(Config\Cache), false)
10 SYSTEMPATH\Boot.php(325): CodeIgniter\CodeIgniter->run()
11 SYSTEMPATH\Boot.php(67): CodeIgniter\Boot::runCodeIgniter(Object(CodeIgniter\CodeIgniter))
12 FCPATH\index.php(56): CodeIgniter\Boot::bootWeb(Object(Config\Paths))
WARNING - 2025-04-01 12:03:21 --> [DEPRECATED] Optional parameter $outerFrame declared before required parameter $fore_color is implicitly treated as a required parameter in APPPATH\Libraries\phpqrcode\qrimage.php on line 0.
 1 APPPATH\Libraries\phpqrcode\qrlib.php(36): include('C:\\xampp\\htdocs\\sarkod\\system\\Debug\\Exceptions.php')
 2 APPPATH\Controllers\SiparisInceleController.php(8): require_once('C:\\xampp\\htdocs\\sarkod\\app\\Libraries\\phpqrcode\\qrlib.php')
 3 SYSTEMPATH\Autoloader\Autoloader.php(317): include_once('C:\\xampp\\htdocs\\sarkod\\app\\Controllers\\SiparisInceleController.php')
 4 SYSTEMPATH\Autoloader\Autoloader.php(296): CodeIgniter\Autoloader\Autoloader->includeFile('C:\\xampp\\htdocs\\sarkod\\app\\Controllers\\SiparisInceleController.php')
 5 SYSTEMPATH\Autoloader\Autoloader.php(272): CodeIgniter\Autoloader\Autoloader->loadInNamespace('App\\Controllers\\SiparisInceleController')
 6 [internal function]: CodeIgniter\Autoloader\Autoloader->loadClass('App\\Controllers\\SiparisInceleController')
 7 SYSTEMPATH\CodeIgniter.php(887): class_exists('\\App\\Controllers\\SiparisInceleController', true)
 8 SYSTEMPATH\CodeIgniter.php(496): CodeIgniter\CodeIgniter->startController()
 9 SYSTEMPATH\CodeIgniter.php(355): CodeIgniter\CodeIgniter->handleRequest(null, Object(Config\Cache), false)
10 SYSTEMPATH\Boot.php(325): CodeIgniter\CodeIgniter->run()
11 SYSTEMPATH\Boot.php(67): CodeIgniter\Boot::runCodeIgniter(Object(CodeIgniter\CodeIgniter))
12 FCPATH\index.php(56): CodeIgniter\Boot::bootWeb(Object(Config\Paths))
WARNING - 2025-04-01 12:03:21 --> [DEPRECATED] Optional parameter $saveandprint declared before required parameter $fore_color is implicitly treated as a required parameter in APPPATH\Libraries\phpqrcode\qrimage.php on line 0.
 1 APPPATH\Libraries\phpqrcode\qrlib.php(36): include('C:\\xampp\\htdocs\\sarkod\\system\\Debug\\Exceptions.php')
 2 APPPATH\Controllers\SiparisInceleController.php(8): require_once('C:\\xampp\\htdocs\\sarkod\\app\\Libraries\\phpqrcode\\qrlib.php')
 3 SYSTEMPATH\Autoloader\Autoloader.php(317): include_once('C:\\xampp\\htdocs\\sarkod\\app\\Controllers\\SiparisInceleController.php')
 4 SYSTEMPATH\Autoloader\Autoloader.php(296): CodeIgniter\Autoloader\Autoloader->includeFile('C:\\xampp\\htdocs\\sarkod\\app\\Controllers\\SiparisInceleController.php')
 5 SYSTEMPATH\Autoloader\Autoloader.php(272): CodeIgniter\Autoloader\Autoloader->loadInNamespace('App\\Controllers\\SiparisInceleController')
 6 [internal function]: CodeIgniter\Autoloader\Autoloader->loadClass('App\\Controllers\\SiparisInceleController')
 7 SYSTEMPATH\CodeIgniter.php(887): class_exists('\\App\\Controllers\\SiparisInceleController', true)
 8 SYSTEMPATH\CodeIgniter.php(496): CodeIgniter\CodeIgniter->startController()
 9 SYSTEMPATH\CodeIgniter.php(355): CodeIgniter\CodeIgniter->handleRequest(null, Object(Config\Cache), false)
10 SYSTEMPATH\Boot.php(325): CodeIgniter\CodeIgniter->run()
11 SYSTEMPATH\Boot.php(67): CodeIgniter\Boot::runCodeIgniter(Object(CodeIgniter\CodeIgniter))
12 FCPATH\index.php(56): CodeIgniter\Boot::bootWeb(Object(Config\Paths))
WARNING - 2025-04-01 12:03:21 --> [DEPRECATED] Optional parameter $filename declared before required parameter $fore_color is implicitly treated as a required parameter in APPPATH\Libraries\phpqrcode\qrvect.php on line 140.
 1 APPPATH\Libraries\phpqrcode\qrlib.php(37): include('C:\\xampp\\htdocs\\sarkod\\system\\Debug\\Exceptions.php')
 2 APPPATH\Controllers\SiparisInceleController.php(8): require_once('C:\\xampp\\htdocs\\sarkod\\app\\Libraries\\phpqrcode\\qrlib.php')
 3 SYSTEMPATH\Autoloader\Autoloader.php(317): include_once('C:\\xampp\\htdocs\\sarkod\\app\\Controllers\\SiparisInceleController.php')
 4 SYSTEMPATH\Autoloader\Autoloader.php(296): CodeIgniter\Autoloader\Autoloader->includeFile('C:\\xampp\\htdocs\\sarkod\\app\\Controllers\\SiparisInceleController.php')
 5 SYSTEMPATH\Autoloader\Autoloader.php(272): CodeIgniter\Autoloader\Autoloader->loadInNamespace('App\\Controllers\\SiparisInceleController')
 6 [internal function]: CodeIgniter\Autoloader\Autoloader->loadClass('App\\Controllers\\SiparisInceleController')
 7 SYSTEMPATH\CodeIgniter.php(887): class_exists('\\App\\Controllers\\SiparisInceleController', true)
 8 SYSTEMPATH\CodeIgniter.php(496): CodeIgniter\CodeIgniter->startController()
 9 SYSTEMPATH\CodeIgniter.php(355): CodeIgniter\CodeIgniter->handleRequest(null, Object(Config\Cache), false)
10 SYSTEMPATH\Boot.php(325): CodeIgniter\CodeIgniter->run()
11 SYSTEMPATH\Boot.php(67): CodeIgniter\Boot::runCodeIgniter(Object(CodeIgniter\CodeIgniter))
12 FCPATH\index.php(56): CodeIgniter\Boot::bootWeb(Object(Config\Paths))
WARNING - 2025-04-01 12:03:21 --> [DEPRECATED] Optional parameter $pixelPerPoint declared before required parameter $fore_color is implicitly treated as a required parameter in APPPATH\Libraries\phpqrcode\qrvect.php on line 140.
 1 APPPATH\Libraries\phpqrcode\qrlib.php(37): include('C:\\xampp\\htdocs\\sarkod\\system\\Debug\\Exceptions.php')
 2 APPPATH\Controllers\SiparisInceleController.php(8): require_once('C:\\xampp\\htdocs\\sarkod\\app\\Libraries\\phpqrcode\\qrlib.php')
 3 SYSTEMPATH\Autoloader\Autoloader.php(317): include_once('C:\\xampp\\htdocs\\sarkod\\app\\Controllers\\SiparisInceleController.php')
 4 SYSTEMPATH\Autoloader\Autoloader.php(296): CodeIgniter\Autoloader\Autoloader->includeFile('C:\\xampp\\htdocs\\sarkod\\app\\Controllers\\SiparisInceleController.php')
 5 SYSTEMPATH\Autoloader\Autoloader.php(272): CodeIgniter\Autoloader\Autoloader->loadInNamespace('App\\Controllers\\SiparisInceleController')
 6 [internal function]: CodeIgniter\Autoloader\Autoloader->loadClass('App\\Controllers\\SiparisInceleController')
 7 SYSTEMPATH\CodeIgniter.php(887): class_exists('\\App\\Controllers\\SiparisInceleController', true)
 8 SYSTEMPATH\CodeIgniter.php(496): CodeIgniter\CodeIgniter->startController()
 9 SYSTEMPATH\CodeIgniter.php(355): CodeIgniter\CodeIgniter->handleRequest(null, Object(Config\Cache), false)
10 SYSTEMPATH\Boot.php(325): CodeIgniter\CodeIgniter->run()
11 SYSTEMPATH\Boot.php(67): CodeIgniter\Boot::runCodeIgniter(Object(CodeIgniter\CodeIgniter))
12 FCPATH\index.php(56): CodeIgniter\Boot::bootWeb(Object(Config\Paths))
WARNING - 2025-04-01 12:03:21 --> [DEPRECATED] Optional parameter $outerFrame declared before required parameter $fore_color is implicitly treated as a required parameter in APPPATH\Libraries\phpqrcode\qrvect.php on line 140.
 1 APPPATH\Libraries\phpqrcode\qrlib.php(37): include('C:\\xampp\\htdocs\\sarkod\\system\\Debug\\Exceptions.php')
 2 APPPATH\Controllers\SiparisInceleController.php(8): require_once('C:\\xampp\\htdocs\\sarkod\\app\\Libraries\\phpqrcode\\qrlib.php')
 3 SYSTEMPATH\Autoloader\Autoloader.php(317): include_once('C:\\xampp\\htdocs\\sarkod\\app\\Controllers\\SiparisInceleController.php')
 4 SYSTEMPATH\Autoloader\Autoloader.php(296): CodeIgniter\Autoloader\Autoloader->includeFile('C:\\xampp\\htdocs\\sarkod\\app\\Controllers\\SiparisInceleController.php')
 5 SYSTEMPATH\Autoloader\Autoloader.php(272): CodeIgniter\Autoloader\Autoloader->loadInNamespace('App\\Controllers\\SiparisInceleController')
 6 [internal function]: CodeIgniter\Autoloader\Autoloader->loadClass('App\\Controllers\\SiparisInceleController')
 7 SYSTEMPATH\CodeIgniter.php(887): class_exists('\\App\\Controllers\\SiparisInceleController', true)
 8 SYSTEMPATH\CodeIgniter.php(496): CodeIgniter\CodeIgniter->startController()
 9 SYSTEMPATH\CodeIgniter.php(355): CodeIgniter\CodeIgniter->handleRequest(null, Object(Config\Cache), false)
10 SYSTEMPATH\Boot.php(325): CodeIgniter\CodeIgniter->run()
11 SYSTEMPATH\Boot.php(67): CodeIgniter\Boot::runCodeIgniter(Object(CodeIgniter\CodeIgniter))
12 FCPATH\index.php(56): CodeIgniter\Boot::bootWeb(Object(Config\Paths))
WARNING - 2025-04-01 12:03:21 --> [DEPRECATED] Optional parameter $saveandprint declared before required parameter $fore_color is implicitly treated as a required parameter in APPPATH\Libraries\phpqrcode\qrvect.php on line 140.
 1 APPPATH\Libraries\phpqrcode\qrlib.php(37): include('C:\\xampp\\htdocs\\sarkod\\system\\Debug\\Exceptions.php')
 2 APPPATH\Controllers\SiparisInceleController.php(8): require_once('C:\\xampp\\htdocs\\sarkod\\app\\Libraries\\phpqrcode\\qrlib.php')
 3 SYSTEMPATH\Autoloader\Autoloader.php(317): include_once('C:\\xampp\\htdocs\\sarkod\\app\\Controllers\\SiparisInceleController.php')
 4 SYSTEMPATH\Autoloader\Autoloader.php(296): CodeIgniter\Autoloader\Autoloader->includeFile('C:\\xampp\\htdocs\\sarkod\\app\\Controllers\\SiparisInceleController.php')
 5 SYSTEMPATH\Autoloader\Autoloader.php(272): CodeIgniter\Autoloader\Autoloader->loadInNamespace('App\\Controllers\\SiparisInceleController')
 6 [internal function]: CodeIgniter\Autoloader\Autoloader->loadClass('App\\Controllers\\SiparisInceleController')
 7 SYSTEMPATH\CodeIgniter.php(887): class_exists('\\App\\Controllers\\SiparisInceleController', true)
 8 SYSTEMPATH\CodeIgniter.php(496): CodeIgniter\CodeIgniter->startController()
 9 SYSTEMPATH\CodeIgniter.php(355): CodeIgniter\CodeIgniter->handleRequest(null, Object(Config\Cache), false)
10 SYSTEMPATH\Boot.php(325): CodeIgniter\CodeIgniter->run()
11 SYSTEMPATH\Boot.php(67): CodeIgniter\Boot::runCodeIgniter(Object(CodeIgniter\CodeIgniter))
12 FCPATH\index.php(56): CodeIgniter\Boot::bootWeb(Object(Config\Paths))
INFO - 2025-04-01 12:03:21 --> Session: Class initialized using 'CodeIgniter\Session\Handlers\FileHandler' driver.
WARNING - 2025-04-01 12:03:21 --> [DEPRECATED] Creation of dynamic property QRencode::$cmyk is deprecated in APPPATH\Libraries\phpqrcode\qrencode.php on line 434.
 1 APPPATH\Libraries\phpqrcode\qrencode.php(285): QRencode::factory(0, 10, 4, 16777215, 0)
 2 APPPATH\Controllers\SiparisInceleController.php(42): QRcode::png('https://www.sarkod.com.tr/?siparis_id=129', null, 0, 10)
 3 SYSTEMPATH\CodeIgniter.php(933): App\Controllers\SiparisInceleController->index()
 4 SYSTEMPATH\CodeIgniter.php(509): CodeIgniter\CodeIgniter->runController(Object(App\Controllers\SiparisInceleController))
 5 SYSTEMPATH\CodeIgniter.php(355): CodeIgniter\CodeIgniter->handleRequest(null, Object(Config\Cache), false)
 6 SYSTEMPATH\Boot.php(325): CodeIgniter\CodeIgniter->run()
 7 SYSTEMPATH\Boot.php(67): CodeIgniter\Boot::runCodeIgniter(Object(CodeIgniter\CodeIgniter))
 8 FCPATH\index.php(56): CodeIgniter\Boot::bootWeb(Object(Config\Paths))
INFO - 2025-04-01 12:03:39 --> Session: Class initialized using 'CodeIgniter\Session\Handlers\FileHandler' driver.
INFO - 2025-04-01 12:03:43 --> Session: Class initialized using 'CodeIgniter\Session\Handlers\FileHandler' driver.
INFO - 2025-04-01 12:03:43 --> Session: Class initialized using 'CodeIgniter\Session\Handlers\FileHandler' driver.
INFO - 2025-04-01 12:03:44 --> Session: Class initialized using 'CodeIgniter\Session\Handlers\FileHandler' driver.
INFO - 2025-04-01 12:03:46 --> Session: Class initialized using 'CodeIgniter\Session\Handlers\FileHandler' driver.
INFO - 2025-04-01 12:04:01 --> Session: Class initialized using 'CodeIgniter\Session\Handlers\FileHandler' driver.
WARNING - 2025-04-01 12:04:47 --> [DEPRECATED] Optional parameter $filename declared before required parameter $fore_color is implicitly treated as a required parameter in APPPATH\Libraries\phpqrcode\qrimage.php on line 30.
 1 APPPATH\Libraries\phpqrcode\qrlib.php(36): include('C:\\xampp\\htdocs\\sarkod\\system\\Debug\\Exceptions.php')
 2 APPPATH\Controllers\SiparisInceleController.php(8): require_once('C:\\xampp\\htdocs\\sarkod\\app\\Libraries\\phpqrcode\\qrlib.php')
 3 SYSTEMPATH\Autoloader\Autoloader.php(317): include_once('C:\\xampp\\htdocs\\sarkod\\app\\Controllers\\SiparisInceleController.php')
 4 SYSTEMPATH\Autoloader\Autoloader.php(296): CodeIgniter\Autoloader\Autoloader->includeFile('C:\\xampp\\htdocs\\sarkod\\app\\Controllers\\SiparisInceleController.php')
 5 SYSTEMPATH\Autoloader\Autoloader.php(272): CodeIgniter\Autoloader\Autoloader->loadInNamespace('App\\Controllers\\SiparisInceleController')
 6 [internal function]: CodeIgniter\Autoloader\Autoloader->loadClass('App\\Controllers\\SiparisInceleController')
 7 SYSTEMPATH\CodeIgniter.php(887): class_exists('\\App\\Controllers\\SiparisInceleController', true)
 8 SYSTEMPATH\CodeIgniter.php(496): CodeIgniter\CodeIgniter->startController()
 9 SYSTEMPATH\CodeIgniter.php(355): CodeIgniter\CodeIgniter->handleRequest(null, Object(Config\Cache), false)
10 SYSTEMPATH\Boot.php(325): CodeIgniter\CodeIgniter->run()
11 SYSTEMPATH\Boot.php(67): CodeIgniter\Boot::runCodeIgniter(Object(CodeIgniter\CodeIgniter))
12 FCPATH\index.php(56): CodeIgniter\Boot::bootWeb(Object(Config\Paths))
WARNING - 2025-04-01 12:04:47 --> [DEPRECATED] Optional parameter $pixelPerPoint declared before required parameter $fore_color is implicitly treated as a required parameter in APPPATH\Libraries\phpqrcode\qrimage.php on line 0.
 1 APPPATH\Libraries\phpqrcode\qrlib.php(36): include('C:\\xampp\\htdocs\\sarkod\\system\\Debug\\Exceptions.php')
 2 APPPATH\Controllers\SiparisInceleController.php(8): require_once('C:\\xampp\\htdocs\\sarkod\\app\\Libraries\\phpqrcode\\qrlib.php')
 3 SYSTEMPATH\Autoloader\Autoloader.php(317): include_once('C:\\xampp\\htdocs\\sarkod\\app\\Controllers\\SiparisInceleController.php')
 4 SYSTEMPATH\Autoloader\Autoloader.php(296): CodeIgniter\Autoloader\Autoloader->includeFile('C:\\xampp\\htdocs\\sarkod\\app\\Controllers\\SiparisInceleController.php')
 5 SYSTEMPATH\Autoloader\Autoloader.php(272): CodeIgniter\Autoloader\Autoloader->loadInNamespace('App\\Controllers\\SiparisInceleController')
 6 [internal function]: CodeIgniter\Autoloader\Autoloader->loadClass('App\\Controllers\\SiparisInceleController')
 7 SYSTEMPATH\CodeIgniter.php(887): class_exists('\\App\\Controllers\\SiparisInceleController', true)
 8 SYSTEMPATH\CodeIgniter.php(496): CodeIgniter\CodeIgniter->startController()
 9 SYSTEMPATH\CodeIgniter.php(355): CodeIgniter\CodeIgniter->handleRequest(null, Object(Config\Cache), false)
10 SYSTEMPATH\Boot.php(325): CodeIgniter\CodeIgniter->run()
11 SYSTEMPATH\Boot.php(67): CodeIgniter\Boot::runCodeIgniter(Object(CodeIgniter\CodeIgniter))
12 FCPATH\index.php(56): CodeIgniter\Boot::bootWeb(Object(Config\Paths))
WARNING - 2025-04-01 12:04:47 --> [DEPRECATED] Optional parameter $outerFrame declared before required parameter $fore_color is implicitly treated as a required parameter in APPPATH\Libraries\phpqrcode\qrimage.php on line 0.
 1 APPPATH\Libraries\phpqrcode\qrlib.php(36): include('C:\\xampp\\htdocs\\sarkod\\system\\Debug\\Exceptions.php')
 2 APPPATH\Controllers\SiparisInceleController.php(8): require_once('C:\\xampp\\htdocs\\sarkod\\app\\Libraries\\phpqrcode\\qrlib.php')
 3 SYSTEMPATH\Autoloader\Autoloader.php(317): include_once('C:\\xampp\\htdocs\\sarkod\\app\\Controllers\\SiparisInceleController.php')
 4 SYSTEMPATH\Autoloader\Autoloader.php(296): CodeIgniter\Autoloader\Autoloader->includeFile('C:\\xampp\\htdocs\\sarkod\\app\\Controllers\\SiparisInceleController.php')
 5 SYSTEMPATH\Autoloader\Autoloader.php(272): CodeIgniter\Autoloader\Autoloader->loadInNamespace('App\\Controllers\\SiparisInceleController')
 6 [internal function]: CodeIgniter\Autoloader\Autoloader->loadClass('App\\Controllers\\SiparisInceleController')
 7 SYSTEMPATH\CodeIgniter.php(887): class_exists('\\App\\Controllers\\SiparisInceleController', true)
 8 SYSTEMPATH\CodeIgniter.php(496): CodeIgniter\CodeIgniter->startController()
 9 SYSTEMPATH\CodeIgniter.php(355): CodeIgniter\CodeIgniter->handleRequest(null, Object(Config\Cache), false)
10 SYSTEMPATH\Boot.php(325): CodeIgniter\CodeIgniter->run()
11 SYSTEMPATH\Boot.php(67): CodeIgniter\Boot::runCodeIgniter(Object(CodeIgniter\CodeIgniter))
12 FCPATH\index.php(56): CodeIgniter\Boot::bootWeb(Object(Config\Paths))
WARNING - 2025-04-01 12:04:47 --> [DEPRECATED] Optional parameter $saveandprint declared before required parameter $fore_color is implicitly treated as a required parameter in APPPATH\Libraries\phpqrcode\qrimage.php on line 0.
 1 APPPATH\Libraries\phpqrcode\qrlib.php(36): include('C:\\xampp\\htdocs\\sarkod\\system\\Debug\\Exceptions.php')
 2 APPPATH\Controllers\SiparisInceleController.php(8): require_once('C:\\xampp\\htdocs\\sarkod\\app\\Libraries\\phpqrcode\\qrlib.php')
 3 SYSTEMPATH\Autoloader\Autoloader.php(317): include_once('C:\\xampp\\htdocs\\sarkod\\app\\Controllers\\SiparisInceleController.php')
 4 SYSTEMPATH\Autoloader\Autoloader.php(296): CodeIgniter\Autoloader\Autoloader->includeFile('C:\\xampp\\htdocs\\sarkod\\app\\Controllers\\SiparisInceleController.php')
 5 SYSTEMPATH\Autoloader\Autoloader.php(272): CodeIgniter\Autoloader\Autoloader->loadInNamespace('App\\Controllers\\SiparisInceleController')
 6 [internal function]: CodeIgniter\Autoloader\Autoloader->loadClass('App\\Controllers\\SiparisInceleController')
 7 SYSTEMPATH\CodeIgniter.php(887): class_exists('\\App\\Controllers\\SiparisInceleController', true)
 8 SYSTEMPATH\CodeIgniter.php(496): CodeIgniter\CodeIgniter->startController()
 9 SYSTEMPATH\CodeIgniter.php(355): CodeIgniter\CodeIgniter->handleRequest(null, Object(Config\Cache), false)
10 SYSTEMPATH\Boot.php(325): CodeIgniter\CodeIgniter->run()
11 SYSTEMPATH\Boot.php(67): CodeIgniter\Boot::runCodeIgniter(Object(CodeIgniter\CodeIgniter))
12 FCPATH\index.php(56): CodeIgniter\Boot::bootWeb(Object(Config\Paths))
WARNING - 2025-04-01 12:04:47 --> [DEPRECATED] Optional parameter $filename declared before required parameter $fore_color is implicitly treated as a required parameter in APPPATH\Libraries\phpqrcode\qrvect.php on line 140.
 1 APPPATH\Libraries\phpqrcode\qrlib.php(37): include('C:\\xampp\\htdocs\\sarkod\\system\\Debug\\Exceptions.php')
 2 APPPATH\Controllers\SiparisInceleController.php(8): require_once('C:\\xampp\\htdocs\\sarkod\\app\\Libraries\\phpqrcode\\qrlib.php')
 3 SYSTEMPATH\Autoloader\Autoloader.php(317): include_once('C:\\xampp\\htdocs\\sarkod\\app\\Controllers\\SiparisInceleController.php')
 4 SYSTEMPATH\Autoloader\Autoloader.php(296): CodeIgniter\Autoloader\Autoloader->includeFile('C:\\xampp\\htdocs\\sarkod\\app\\Controllers\\SiparisInceleController.php')
 5 SYSTEMPATH\Autoloader\Autoloader.php(272): CodeIgniter\Autoloader\Autoloader->loadInNamespace('App\\Controllers\\SiparisInceleController')
 6 [internal function]: CodeIgniter\Autoloader\Autoloader->loadClass('App\\Controllers\\SiparisInceleController')
 7 SYSTEMPATH\CodeIgniter.php(887): class_exists('\\App\\Controllers\\SiparisInceleController', true)
 8 SYSTEMPATH\CodeIgniter.php(496): CodeIgniter\CodeIgniter->startController()
 9 SYSTEMPATH\CodeIgniter.php(355): CodeIgniter\CodeIgniter->handleRequest(null, Object(Config\Cache), false)
10 SYSTEMPATH\Boot.php(325): CodeIgniter\CodeIgniter->run()
11 SYSTEMPATH\Boot.php(67): CodeIgniter\Boot::runCodeIgniter(Object(CodeIgniter\CodeIgniter))
12 FCPATH\index.php(56): CodeIgniter\Boot::bootWeb(Object(Config\Paths))
WARNING - 2025-04-01 12:04:47 --> [DEPRECATED] Optional parameter $pixelPerPoint declared before required parameter $fore_color is implicitly treated as a required parameter in APPPATH\Libraries\phpqrcode\qrvect.php on line 140.
 1 APPPATH\Libraries\phpqrcode\qrlib.php(37): include('C:\\xampp\\htdocs\\sarkod\\system\\Debug\\Exceptions.php')
 2 APPPATH\Controllers\SiparisInceleController.php(8): require_once('C:\\xampp\\htdocs\\sarkod\\app\\Libraries\\phpqrcode\\qrlib.php')
 3 SYSTEMPATH\Autoloader\Autoloader.php(317): include_once('C:\\xampp\\htdocs\\sarkod\\app\\Controllers\\SiparisInceleController.php')
 4 SYSTEMPATH\Autoloader\Autoloader.php(296): CodeIgniter\Autoloader\Autoloader->includeFile('C:\\xampp\\htdocs\\sarkod\\app\\Controllers\\SiparisInceleController.php')
 5 SYSTEMPATH\Autoloader\Autoloader.php(272): CodeIgniter\Autoloader\Autoloader->loadInNamespace('App\\Controllers\\SiparisInceleController')
 6 [internal function]: CodeIgniter\Autoloader\Autoloader->loadClass('App\\Controllers\\SiparisInceleController')
 7 SYSTEMPATH\CodeIgniter.php(887): class_exists('\\App\\Controllers\\SiparisInceleController', true)
 8 SYSTEMPATH\CodeIgniter.php(496): CodeIgniter\CodeIgniter->startController()
 9 SYSTEMPATH\CodeIgniter.php(355): CodeIgniter\CodeIgniter->handleRequest(null, Object(Config\Cache), false)
10 SYSTEMPATH\Boot.php(325): CodeIgniter\CodeIgniter->run()
11 SYSTEMPATH\Boot.php(67): CodeIgniter\Boot::runCodeIgniter(Object(CodeIgniter\CodeIgniter))
12 FCPATH\index.php(56): CodeIgniter\Boot::bootWeb(Object(Config\Paths))
WARNING - 2025-04-01 12:04:47 --> [DEPRECATED] Optional parameter $outerFrame declared before required parameter $fore_color is implicitly treated as a required parameter in APPPATH\Libraries\phpqrcode\qrvect.php on line 140.
 1 APPPATH\Libraries\phpqrcode\qrlib.php(37): include('C:\\xampp\\htdocs\\sarkod\\system\\Debug\\Exceptions.php')
 2 APPPATH\Controllers\SiparisInceleController.php(8): require_once('C:\\xampp\\htdocs\\sarkod\\app\\Libraries\\phpqrcode\\qrlib.php')
 3 SYSTEMPATH\Autoloader\Autoloader.php(317): include_once('C:\\xampp\\htdocs\\sarkod\\app\\Controllers\\SiparisInceleController.php')
 4 SYSTEMPATH\Autoloader\Autoloader.php(296): CodeIgniter\Autoloader\Autoloader->includeFile('C:\\xampp\\htdocs\\sarkod\\app\\Controllers\\SiparisInceleController.php')
 5 SYSTEMPATH\Autoloader\Autoloader.php(272): CodeIgniter\Autoloader\Autoloader->loadInNamespace('App\\Controllers\\SiparisInceleController')
 6 [internal function]: CodeIgniter\Autoloader\Autoloader->loadClass('App\\Controllers\\SiparisInceleController')
 7 SYSTEMPATH\CodeIgniter.php(887): class_exists('\\App\\Controllers\\SiparisInceleController', true)
 8 SYSTEMPATH\CodeIgniter.php(496): CodeIgniter\CodeIgniter->startController()
 9 SYSTEMPATH\CodeIgniter.php(355): CodeIgniter\CodeIgniter->handleRequest(null, Object(Config\Cache), false)
10 SYSTEMPATH\Boot.php(325): CodeIgniter\CodeIgniter->run()
11 SYSTEMPATH\Boot.php(67): CodeIgniter\Boot::runCodeIgniter(Object(CodeIgniter\CodeIgniter))
12 FCPATH\index.php(56): CodeIgniter\Boot::bootWeb(Object(Config\Paths))
WARNING - 2025-04-01 12:04:47 --> [DEPRECATED] Optional parameter $saveandprint declared before required parameter $fore_color is implicitly treated as a required parameter in APPPATH\Libraries\phpqrcode\qrvect.php on line 140.
 1 APPPATH\Libraries\phpqrcode\qrlib.php(37): include('C:\\xampp\\htdocs\\sarkod\\system\\Debug\\Exceptions.php')
 2 APPPATH\Controllers\SiparisInceleController.php(8): require_once('C:\\xampp\\htdocs\\sarkod\\app\\Libraries\\phpqrcode\\qrlib.php')
 3 SYSTEMPATH\Autoloader\Autoloader.php(317): include_once('C:\\xampp\\htdocs\\sarkod\\app\\Controllers\\SiparisInceleController.php')
 4 SYSTEMPATH\Autoloader\Autoloader.php(296): CodeIgniter\Autoloader\Autoloader->includeFile('C:\\xampp\\htdocs\\sarkod\\app\\Controllers\\SiparisInceleController.php')
 5 SYSTEMPATH\Autoloader\Autoloader.php(272): CodeIgniter\Autoloader\Autoloader->loadInNamespace('App\\Controllers\\SiparisInceleController')
 6 [internal function]: CodeIgniter\Autoloader\Autoloader->loadClass('App\\Controllers\\SiparisInceleController')
 7 SYSTEMPATH\CodeIgniter.php(887): class_exists('\\App\\Controllers\\SiparisInceleController', true)
 8 SYSTEMPATH\CodeIgniter.php(496): CodeIgniter\CodeIgniter->startController()
 9 SYSTEMPATH\CodeIgniter.php(355): CodeIgniter\CodeIgniter->handleRequest(null, Object(Config\Cache), false)
10 SYSTEMPATH\Boot.php(325): CodeIgniter\CodeIgniter->run()
11 SYSTEMPATH\Boot.php(67): CodeIgniter\Boot::runCodeIgniter(Object(CodeIgniter\CodeIgniter))
12 FCPATH\index.php(56): CodeIgniter\Boot::bootWeb(Object(Config\Paths))
INFO - 2025-04-01 12:04:47 --> Session: Class initialized using 'CodeIgniter\Session\Handlers\FileHandler' driver.
WARNING - 2025-04-01 12:04:47 --> [DEPRECATED] Creation of dynamic property QRencode::$cmyk is deprecated in APPPATH\Libraries\phpqrcode\qrencode.php on line 434.
 1 APPPATH\Libraries\phpqrcode\qrencode.php(285): QRencode::factory(0, 10, 4, 16777215, 0)
 2 APPPATH\Controllers\SiparisInceleController.php(42): QRcode::png('https://www.sarkod.com.tr/?siparis_id=45', null, 0, 10)
 3 SYSTEMPATH\CodeIgniter.php(933): App\Controllers\SiparisInceleController->index()
 4 SYSTEMPATH\CodeIgniter.php(509): CodeIgniter\CodeIgniter->runController(Object(App\Controllers\SiparisInceleController))
 5 SYSTEMPATH\CodeIgniter.php(355): CodeIgniter\CodeIgniter->handleRequest(null, Object(Config\Cache), false)
 6 SYSTEMPATH\Boot.php(325): CodeIgniter\CodeIgniter->run()
 7 SYSTEMPATH\Boot.php(67): CodeIgniter\Boot::runCodeIgniter(Object(CodeIgniter\CodeIgniter))
 8 FCPATH\index.php(56): CodeIgniter\Boot::bootWeb(Object(Config\Paths))
WARNING - 2025-04-01 12:14:20 --> [DEPRECATED] Optional parameter $filename declared before required parameter $fore_color is implicitly treated as a required parameter in APPPATH\Libraries\phpqrcode\qrimage.php on line 30.
 1 APPPATH\Libraries\phpqrcode\qrlib.php(36): include('C:\\xampp\\htdocs\\sarkod\\system\\Debug\\Exceptions.php')
 2 APPPATH\Controllers\SiparisInceleController.php(8): require_once('C:\\xampp\\htdocs\\sarkod\\app\\Libraries\\phpqrcode\\qrlib.php')
 3 SYSTEMPATH\Autoloader\Autoloader.php(317): include_once('C:\\xampp\\htdocs\\sarkod\\app\\Controllers\\SiparisInceleController.php')
 4 SYSTEMPATH\Autoloader\Autoloader.php(296): CodeIgniter\Autoloader\Autoloader->includeFile('C:\\xampp\\htdocs\\sarkod\\app\\Controllers\\SiparisInceleController.php')
 5 SYSTEMPATH\Autoloader\Autoloader.php(272): CodeIgniter\Autoloader\Autoloader->loadInNamespace('App\\Controllers\\SiparisInceleController')
 6 [internal function]: CodeIgniter\Autoloader\Autoloader->loadClass('App\\Controllers\\SiparisInceleController')
 7 SYSTEMPATH\CodeIgniter.php(887): class_exists('\\App\\Controllers\\SiparisInceleController', true)
 8 SYSTEMPATH\CodeIgniter.php(496): CodeIgniter\CodeIgniter->startController()
 9 SYSTEMPATH\CodeIgniter.php(355): CodeIgniter\CodeIgniter->handleRequest(null, Object(Config\Cache), false)
10 SYSTEMPATH\Boot.php(325): CodeIgniter\CodeIgniter->run()
11 SYSTEMPATH\Boot.php(67): CodeIgniter\Boot::runCodeIgniter(Object(CodeIgniter\CodeIgniter))
12 FCPATH\index.php(56): CodeIgniter\Boot::bootWeb(Object(Config\Paths))
WARNING - 2025-04-01 12:14:20 --> [DEPRECATED] Optional parameter $pixelPerPoint declared before required parameter $fore_color is implicitly treated as a required parameter in APPPATH\Libraries\phpqrcode\qrimage.php on line 0.
 1 APPPATH\Libraries\phpqrcode\qrlib.php(36): include('C:\\xampp\\htdocs\\sarkod\\system\\Debug\\Exceptions.php')
 2 APPPATH\Controllers\SiparisInceleController.php(8): require_once('C:\\xampp\\htdocs\\sarkod\\app\\Libraries\\phpqrcode\\qrlib.php')
 3 SYSTEMPATH\Autoloader\Autoloader.php(317): include_once('C:\\xampp\\htdocs\\sarkod\\app\\Controllers\\SiparisInceleController.php')
 4 SYSTEMPATH\Autoloader\Autoloader.php(296): CodeIgniter\Autoloader\Autoloader->includeFile('C:\\xampp\\htdocs\\sarkod\\app\\Controllers\\SiparisInceleController.php')
 5 SYSTEMPATH\Autoloader\Autoloader.php(272): CodeIgniter\Autoloader\Autoloader->loadInNamespace('App\\Controllers\\SiparisInceleController')
 6 [internal function]: CodeIgniter\Autoloader\Autoloader->loadClass('App\\Controllers\\SiparisInceleController')
 7 SYSTEMPATH\CodeIgniter.php(887): class_exists('\\App\\Controllers\\SiparisInceleController', true)
 8 SYSTEMPATH\CodeIgniter.php(496): CodeIgniter\CodeIgniter->startController()
 9 SYSTEMPATH\CodeIgniter.php(355): CodeIgniter\CodeIgniter->handleRequest(null, Object(Config\Cache), false)
10 SYSTEMPATH\Boot.php(325): CodeIgniter\CodeIgniter->run()
11 SYSTEMPATH\Boot.php(67): CodeIgniter\Boot::runCodeIgniter(Object(CodeIgniter\CodeIgniter))
12 FCPATH\index.php(56): CodeIgniter\Boot::bootWeb(Object(Config\Paths))
WARNING - 2025-04-01 12:14:20 --> [DEPRECATED] Optional parameter $outerFrame declared before required parameter $fore_color is implicitly treated as a required parameter in APPPATH\Libraries\phpqrcode\qrimage.php on line 0.
 1 APPPATH\Libraries\phpqrcode\qrlib.php(36): include('C:\\xampp\\htdocs\\sarkod\\system\\Debug\\Exceptions.php')
 2 APPPATH\Controllers\SiparisInceleController.php(8): require_once('C:\\xampp\\htdocs\\sarkod\\app\\Libraries\\phpqrcode\\qrlib.php')
 3 SYSTEMPATH\Autoloader\Autoloader.php(317): include_once('C:\\xampp\\htdocs\\sarkod\\app\\Controllers\\SiparisInceleController.php')
 4 SYSTEMPATH\Autoloader\Autoloader.php(296): CodeIgniter\Autoloader\Autoloader->includeFile('C:\\xampp\\htdocs\\sarkod\\app\\Controllers\\SiparisInceleController.php')
 5 SYSTEMPATH\Autoloader\Autoloader.php(272): CodeIgniter\Autoloader\Autoloader->loadInNamespace('App\\Controllers\\SiparisInceleController')
 6 [internal function]: CodeIgniter\Autoloader\Autoloader->loadClass('App\\Controllers\\SiparisInceleController')
 7 SYSTEMPATH\CodeIgniter.php(887): class_exists('\\App\\Controllers\\SiparisInceleController', true)
 8 SYSTEMPATH\CodeIgniter.php(496): CodeIgniter\CodeIgniter->startController()
 9 SYSTEMPATH\CodeIgniter.php(355): CodeIgniter\CodeIgniter->handleRequest(null, Object(Config\Cache), false)
10 SYSTEMPATH\Boot.php(325): CodeIgniter\CodeIgniter->run()
11 SYSTEMPATH\Boot.php(67): CodeIgniter\Boot::runCodeIgniter(Object(CodeIgniter\CodeIgniter))
12 FCPATH\index.php(56): CodeIgniter\Boot::bootWeb(Object(Config\Paths))
WARNING - 2025-04-01 12:14:20 --> [DEPRECATED] Optional parameter $saveandprint declared before required parameter $fore_color is implicitly treated as a required parameter in APPPATH\Libraries\phpqrcode\qrimage.php on line 0.
 1 APPPATH\Libraries\phpqrcode\qrlib.php(36): include('C:\\xampp\\htdocs\\sarkod\\system\\Debug\\Exceptions.php')
 2 APPPATH\Controllers\SiparisInceleController.php(8): require_once('C:\\xampp\\htdocs\\sarkod\\app\\Libraries\\phpqrcode\\qrlib.php')
 3 SYSTEMPATH\Autoloader\Autoloader.php(317): include_once('C:\\xampp\\htdocs\\sarkod\\app\\Controllers\\SiparisInceleController.php')
 4 SYSTEMPATH\Autoloader\Autoloader.php(296): CodeIgniter\Autoloader\Autoloader->includeFile('C:\\xampp\\htdocs\\sarkod\\app\\Controllers\\SiparisInceleController.php')
 5 SYSTEMPATH\Autoloader\Autoloader.php(272): CodeIgniter\Autoloader\Autoloader->loadInNamespace('App\\Controllers\\SiparisInceleController')
 6 [internal function]: CodeIgniter\Autoloader\Autoloader->loadClass('App\\Controllers\\SiparisInceleController')
 7 SYSTEMPATH\CodeIgniter.php(887): class_exists('\\App\\Controllers\\SiparisInceleController', true)
 8 SYSTEMPATH\CodeIgniter.php(496): CodeIgniter\CodeIgniter->startController()
 9 SYSTEMPATH\CodeIgniter.php(355): CodeIgniter\CodeIgniter->handleRequest(null, Object(Config\Cache), false)
10 SYSTEMPATH\Boot.php(325): CodeIgniter\CodeIgniter->run()
11 SYSTEMPATH\Boot.php(67): CodeIgniter\Boot::runCodeIgniter(Object(CodeIgniter\CodeIgniter))
12 FCPATH\index.php(56): CodeIgniter\Boot::bootWeb(Object(Config\Paths))
WARNING - 2025-04-01 12:14:20 --> [DEPRECATED] Optional parameter $filename declared before required parameter $fore_color is implicitly treated as a required parameter in APPPATH\Libraries\phpqrcode\qrvect.php on line 140.
 1 APPPATH\Libraries\phpqrcode\qrlib.php(37): include('C:\\xampp\\htdocs\\sarkod\\system\\Debug\\Exceptions.php')
 2 APPPATH\Controllers\SiparisInceleController.php(8): require_once('C:\\xampp\\htdocs\\sarkod\\app\\Libraries\\phpqrcode\\qrlib.php')
 3 SYSTEMPATH\Autoloader\Autoloader.php(317): include_once('C:\\xampp\\htdocs\\sarkod\\app\\Controllers\\SiparisInceleController.php')
 4 SYSTEMPATH\Autoloader\Autoloader.php(296): CodeIgniter\Autoloader\Autoloader->includeFile('C:\\xampp\\htdocs\\sarkod\\app\\Controllers\\SiparisInceleController.php')
 5 SYSTEMPATH\Autoloader\Autoloader.php(272): CodeIgniter\Autoloader\Autoloader->loadInNamespace('App\\Controllers\\SiparisInceleController')
 6 [internal function]: CodeIgniter\Autoloader\Autoloader->loadClass('App\\Controllers\\SiparisInceleController')
 7 SYSTEMPATH\CodeIgniter.php(887): class_exists('\\App\\Controllers\\SiparisInceleController', true)
 8 SYSTEMPATH\CodeIgniter.php(496): CodeIgniter\CodeIgniter->startController()
 9 SYSTEMPATH\CodeIgniter.php(355): CodeIgniter\CodeIgniter->handleRequest(null, Object(Config\Cache), false)
10 SYSTEMPATH\Boot.php(325): CodeIgniter\CodeIgniter->run()
11 SYSTEMPATH\Boot.php(67): CodeIgniter\Boot::runCodeIgniter(Object(CodeIgniter\CodeIgniter))
12 FCPATH\index.php(56): CodeIgniter\Boot::bootWeb(Object(Config\Paths))
WARNING - 2025-04-01 12:14:20 --> [DEPRECATED] Optional parameter $pixelPerPoint declared before required parameter $fore_color is implicitly treated as a required parameter in APPPATH\Libraries\phpqrcode\qrvect.php on line 140.
 1 APPPATH\Libraries\phpqrcode\qrlib.php(37): include('C:\\xampp\\htdocs\\sarkod\\system\\Debug\\Exceptions.php')
 2 APPPATH\Controllers\SiparisInceleController.php(8): require_once('C:\\xampp\\htdocs\\sarkod\\app\\Libraries\\phpqrcode\\qrlib.php')
 3 SYSTEMPATH\Autoloader\Autoloader.php(317): include_once('C:\\xampp\\htdocs\\sarkod\\app\\Controllers\\SiparisInceleController.php')
 4 SYSTEMPATH\Autoloader\Autoloader.php(296): CodeIgniter\Autoloader\Autoloader->includeFile('C:\\xampp\\htdocs\\sarkod\\app\\Controllers\\SiparisInceleController.php')
 5 SYSTEMPATH\Autoloader\Autoloader.php(272): CodeIgniter\Autoloader\Autoloader->loadInNamespace('App\\Controllers\\SiparisInceleController')
 6 [internal function]: CodeIgniter\Autoloader\Autoloader->loadClass('App\\Controllers\\SiparisInceleController')
 7 SYSTEMPATH\CodeIgniter.php(887): class_exists('\\App\\Controllers\\SiparisInceleController', true)
 8 SYSTEMPATH\CodeIgniter.php(496): CodeIgniter\CodeIgniter->startController()
 9 SYSTEMPATH\CodeIgniter.php(355): CodeIgniter\CodeIgniter->handleRequest(null, Object(Config\Cache), false)
10 SYSTEMPATH\Boot.php(325): CodeIgniter\CodeIgniter->run()
11 SYSTEMPATH\Boot.php(67): CodeIgniter\Boot::runCodeIgniter(Object(CodeIgniter\CodeIgniter))
12 FCPATH\index.php(56): CodeIgniter\Boot::bootWeb(Object(Config\Paths))
WARNING - 2025-04-01 12:14:20 --> [DEPRECATED] Optional parameter $outerFrame declared before required parameter $fore_color is implicitly treated as a required parameter in APPPATH\Libraries\phpqrcode\qrvect.php on line 140.
 1 APPPATH\Libraries\phpqrcode\qrlib.php(37): include('C:\\xampp\\htdocs\\sarkod\\system\\Debug\\Exceptions.php')
 2 APPPATH\Controllers\SiparisInceleController.php(8): require_once('C:\\xampp\\htdocs\\sarkod\\app\\Libraries\\phpqrcode\\qrlib.php')
 3 SYSTEMPATH\Autoloader\Autoloader.php(317): include_once('C:\\xampp\\htdocs\\sarkod\\app\\Controllers\\SiparisInceleController.php')
 4 SYSTEMPATH\Autoloader\Autoloader.php(296): CodeIgniter\Autoloader\Autoloader->includeFile('C:\\xampp\\htdocs\\sarkod\\app\\Controllers\\SiparisInceleController.php')
 5 SYSTEMPATH\Autoloader\Autoloader.php(272): CodeIgniter\Autoloader\Autoloader->loadInNamespace('App\\Controllers\\SiparisInceleController')
 6 [internal function]: CodeIgniter\Autoloader\Autoloader->loadClass('App\\Controllers\\SiparisInceleController')
 7 SYSTEMPATH\CodeIgniter.php(887): class_exists('\\App\\Controllers\\SiparisInceleController', true)
 8 SYSTEMPATH\CodeIgniter.php(496): CodeIgniter\CodeIgniter->startController()
 9 SYSTEMPATH\CodeIgniter.php(355): CodeIgniter\CodeIgniter->handleRequest(null, Object(Config\Cache), false)
10 SYSTEMPATH\Boot.php(325): CodeIgniter\CodeIgniter->run()
11 SYSTEMPATH\Boot.php(67): CodeIgniter\Boot::runCodeIgniter(Object(CodeIgniter\CodeIgniter))
12 FCPATH\index.php(56): CodeIgniter\Boot::bootWeb(Object(Config\Paths))
WARNING - 2025-04-01 12:14:20 --> [DEPRECATED] Optional parameter $saveandprint declared before required parameter $fore_color is implicitly treated as a required parameter in APPPATH\Libraries\phpqrcode\qrvect.php on line 140.
 1 APPPATH\Libraries\phpqrcode\qrlib.php(37): include('C:\\xampp\\htdocs\\sarkod\\system\\Debug\\Exceptions.php')
 2 APPPATH\Controllers\SiparisInceleController.php(8): require_once('C:\\xampp\\htdocs\\sarkod\\app\\Libraries\\phpqrcode\\qrlib.php')
 3 SYSTEMPATH\Autoloader\Autoloader.php(317): include_once('C:\\xampp\\htdocs\\sarkod\\app\\Controllers\\SiparisInceleController.php')
 4 SYSTEMPATH\Autoloader\Autoloader.php(296): CodeIgniter\Autoloader\Autoloader->includeFile('C:\\xampp\\htdocs\\sarkod\\app\\Controllers\\SiparisInceleController.php')
 5 SYSTEMPATH\Autoloader\Autoloader.php(272): CodeIgniter\Autoloader\Autoloader->loadInNamespace('App\\Controllers\\SiparisInceleController')
 6 [internal function]: CodeIgniter\Autoloader\Autoloader->loadClass('App\\Controllers\\SiparisInceleController')
 7 SYSTEMPATH\CodeIgniter.php(887): class_exists('\\App\\Controllers\\SiparisInceleController', true)
 8 SYSTEMPATH\CodeIgniter.php(496): CodeIgniter\CodeIgniter->startController()
 9 SYSTEMPATH\CodeIgniter.php(355): CodeIgniter\CodeIgniter->handleRequest(null, Object(Config\Cache), false)
10 SYSTEMPATH\Boot.php(325): CodeIgniter\CodeIgniter->run()
11 SYSTEMPATH\Boot.php(67): CodeIgniter\Boot::runCodeIgniter(Object(CodeIgniter\CodeIgniter))
12 FCPATH\index.php(56): CodeIgniter\Boot::bootWeb(Object(Config\Paths))
INFO - 2025-04-01 12:14:20 --> Session: Class initialized using 'CodeIgniter\Session\Handlers\FileHandler' driver.
WARNING - 2025-04-01 12:14:20 --> [DEPRECATED] Creation of dynamic property QRencode::$cmyk is deprecated in APPPATH\Libraries\phpqrcode\qrencode.php on line 434.
 1 APPPATH\Libraries\phpqrcode\qrencode.php(285): QRencode::factory(0, 10, 4, 16777215, 0)
 2 APPPATH\Controllers\SiparisInceleController.php(42): QRcode::png('https://www.sarkod.com.tr/?siparis_id=45', null, 0, 10)
 3 SYSTEMPATH\CodeIgniter.php(933): App\Controllers\SiparisInceleController->index()
 4 SYSTEMPATH\CodeIgniter.php(509): CodeIgniter\CodeIgniter->runController(Object(App\Controllers\SiparisInceleController))
 5 SYSTEMPATH\CodeIgniter.php(355): CodeIgniter\CodeIgniter->handleRequest(null, Object(Config\Cache), false)
 6 SYSTEMPATH\Boot.php(325): CodeIgniter\CodeIgniter->run()
 7 SYSTEMPATH\Boot.php(67): CodeIgniter\Boot::runCodeIgniter(Object(CodeIgniter\CodeIgniter))
 8 FCPATH\index.php(56): CodeIgniter\Boot::bootWeb(Object(Config\Paths))
INFO - 2025-04-01 12:14:22 --> Session: Class initialized using 'CodeIgniter\Session\Handlers\FileHandler' driver.
CRITICAL - 2025-04-01 12:14:22 --> TypeError: App\Controllers\SiparisBarkodController::index(): Return value must be of type string, CodeIgniter\HTTP\RedirectResponse returned
[Method: GET, Route: admin/siparisBarkod]
in APPPATH\Controllers\SiparisBarkodController.php on line 15.
 1 SYSTEMPATH\CodeIgniter.php(933): App\Controllers\SiparisBarkodController->index()
 2 SYSTEMPATH\CodeIgniter.php(509): CodeIgniter\CodeIgniter->runController(Object(App\Controllers\SiparisBarkodController))
 3 SYSTEMPATH\CodeIgniter.php(355): CodeIgniter\CodeIgniter->handleRequest(null, Object(Config\Cache), false)
 4 SYSTEMPATH\Boot.php(325): CodeIgniter\CodeIgniter->run()
 5 SYSTEMPATH\Boot.php(67): CodeIgniter\Boot::runCodeIgniter(Object(CodeIgniter\CodeIgniter))
 6 FCPATH\index.php(56): CodeIgniter\Boot::bootWeb(Object(Config\Paths))
INFO - 2025-04-01 12:15:12 --> Session: Class initialized using 'CodeIgniter\Session\Handlers\FileHandler' driver.
CRITICAL - 2025-04-01 12:15:12 --> TypeError: App\Controllers\SiparisBarkodController::index(): Return value must be of type string, CodeIgniter\HTTP\RedirectResponse returned
[Method: GET, Route: admin/siparisBarkod]
in APPPATH\Controllers\SiparisBarkodController.php on line 15.
 1 SYSTEMPATH\CodeIgniter.php(933): App\Controllers\SiparisBarkodController->index()
 2 SYSTEMPATH\CodeIgniter.php(509): CodeIgniter\CodeIgniter->runController(Object(App\Controllers\SiparisBarkodController))
 3 SYSTEMPATH\CodeIgniter.php(355): CodeIgniter\CodeIgniter->handleRequest(null, Object(Config\Cache), false)
 4 SYSTEMPATH\Boot.php(325): CodeIgniter\CodeIgniter->run()
 5 SYSTEMPATH\Boot.php(67): CodeIgniter\Boot::runCodeIgniter(Object(CodeIgniter\CodeIgniter))
 6 FCPATH\index.php(56): CodeIgniter\Boot::bootWeb(Object(Config\Paths))
WARNING - 2025-04-01 12:15:14 --> [DEPRECATED] Optional parameter $filename declared before required parameter $fore_color is implicitly treated as a required parameter in APPPATH\Libraries\phpqrcode\qrimage.php on line 30.
 1 APPPATH\Libraries\phpqrcode\qrlib.php(36): include('C:\\xampp\\htdocs\\sarkod\\system\\Debug\\Exceptions.php')
 2 APPPATH\Controllers\SiparisInceleController.php(8): require_once('C:\\xampp\\htdocs\\sarkod\\app\\Libraries\\phpqrcode\\qrlib.php')
 3 SYSTEMPATH\Autoloader\Autoloader.php(317): include_once('C:\\xampp\\htdocs\\sarkod\\app\\Controllers\\SiparisInceleController.php')
 4 SYSTEMPATH\Autoloader\Autoloader.php(296): CodeIgniter\Autoloader\Autoloader->includeFile('C:\\xampp\\htdocs\\sarkod\\app\\Controllers\\SiparisInceleController.php')
 5 SYSTEMPATH\Autoloader\Autoloader.php(272): CodeIgniter\Autoloader\Autoloader->loadInNamespace('App\\Controllers\\SiparisInceleController')
 6 [internal function]: CodeIgniter\Autoloader\Autoloader->loadClass('App\\Controllers\\SiparisInceleController')
 7 SYSTEMPATH\CodeIgniter.php(887): class_exists('\\App\\Controllers\\SiparisInceleController', true)
 8 SYSTEMPATH\CodeIgniter.php(496): CodeIgniter\CodeIgniter->startController()
 9 SYSTEMPATH\CodeIgniter.php(355): CodeIgniter\CodeIgniter->handleRequest(null, Object(Config\Cache), false)
10 SYSTEMPATH\Boot.php(325): CodeIgniter\CodeIgniter->run()
11 SYSTEMPATH\Boot.php(67): CodeIgniter\Boot::runCodeIgniter(Object(CodeIgniter\CodeIgniter))
12 FCPATH\index.php(56): CodeIgniter\Boot::bootWeb(Object(Config\Paths))
WARNING - 2025-04-01 12:15:14 --> [DEPRECATED] Optional parameter $pixelPerPoint declared before required parameter $fore_color is implicitly treated as a required parameter in APPPATH\Libraries\phpqrcode\qrimage.php on line 0.
 1 APPPATH\Libraries\phpqrcode\qrlib.php(36): include('C:\\xampp\\htdocs\\sarkod\\system\\Debug\\Exceptions.php')
 2 APPPATH\Controllers\SiparisInceleController.php(8): require_once('C:\\xampp\\htdocs\\sarkod\\app\\Libraries\\phpqrcode\\qrlib.php')
 3 SYSTEMPATH\Autoloader\Autoloader.php(317): include_once('C:\\xampp\\htdocs\\sarkod\\app\\Controllers\\SiparisInceleController.php')
 4 SYSTEMPATH\Autoloader\Autoloader.php(296): CodeIgniter\Autoloader\Autoloader->includeFile('C:\\xampp\\htdocs\\sarkod\\app\\Controllers\\SiparisInceleController.php')
 5 SYSTEMPATH\Autoloader\Autoloader.php(272): CodeIgniter\Autoloader\Autoloader->loadInNamespace('App\\Controllers\\SiparisInceleController')
 6 [internal function]: CodeIgniter\Autoloader\Autoloader->loadClass('App\\Controllers\\SiparisInceleController')
 7 SYSTEMPATH\CodeIgniter.php(887): class_exists('\\App\\Controllers\\SiparisInceleController', true)
 8 SYSTEMPATH\CodeIgniter.php(496): CodeIgniter\CodeIgniter->startController()
 9 SYSTEMPATH\CodeIgniter.php(355): CodeIgniter\CodeIgniter->handleRequest(null, Object(Config\Cache), false)
10 SYSTEMPATH\Boot.php(325): CodeIgniter\CodeIgniter->run()
11 SYSTEMPATH\Boot.php(67): CodeIgniter\Boot::runCodeIgniter(Object(CodeIgniter\CodeIgniter))
12 FCPATH\index.php(56): CodeIgniter\Boot::bootWeb(Object(Config\Paths))
WARNING - 2025-04-01 12:15:14 --> [DEPRECATED] Optional parameter $outerFrame declared before required parameter $fore_color is implicitly treated as a required parameter in APPPATH\Libraries\phpqrcode\qrimage.php on line 0.
 1 APPPATH\Libraries\phpqrcode\qrlib.php(36): include('C:\\xampp\\htdocs\\sarkod\\system\\Debug\\Exceptions.php')
 2 APPPATH\Controllers\SiparisInceleController.php(8): require_once('C:\\xampp\\htdocs\\sarkod\\app\\Libraries\\phpqrcode\\qrlib.php')
 3 SYSTEMPATH\Autoloader\Autoloader.php(317): include_once('C:\\xampp\\htdocs\\sarkod\\app\\Controllers\\SiparisInceleController.php')
 4 SYSTEMPATH\Autoloader\Autoloader.php(296): CodeIgniter\Autoloader\Autoloader->includeFile('C:\\xampp\\htdocs\\sarkod\\app\\Controllers\\SiparisInceleController.php')
 5 SYSTEMPATH\Autoloader\Autoloader.php(272): CodeIgniter\Autoloader\Autoloader->loadInNamespace('App\\Controllers\\SiparisInceleController')
 6 [internal function]: CodeIgniter\Autoloader\Autoloader->loadClass('App\\Controllers\\SiparisInceleController')
 7 SYSTEMPATH\CodeIgniter.php(887): class_exists('\\App\\Controllers\\SiparisInceleController', true)
 8 SYSTEMPATH\CodeIgniter.php(496): CodeIgniter\CodeIgniter->startController()
 9 SYSTEMPATH\CodeIgniter.php(355): CodeIgniter\CodeIgniter->handleRequest(null, Object(Config\Cache), false)
10 SYSTEMPATH\Boot.php(325): CodeIgniter\CodeIgniter->run()
11 SYSTEMPATH\Boot.php(67): CodeIgniter\Boot::runCodeIgniter(Object(CodeIgniter\CodeIgniter))
12 FCPATH\index.php(56): CodeIgniter\Boot::bootWeb(Object(Config\Paths))
WARNING - 2025-04-01 12:15:14 --> [DEPRECATED] Optional parameter $saveandprint declared before required parameter $fore_color is implicitly treated as a required parameter in APPPATH\Libraries\phpqrcode\qrimage.php on line 0.
 1 APPPATH\Libraries\phpqrcode\qrlib.php(36): include('C:\\xampp\\htdocs\\sarkod\\system\\Debug\\Exceptions.php')
 2 APPPATH\Controllers\SiparisInceleController.php(8): require_once('C:\\xampp\\htdocs\\sarkod\\app\\Libraries\\phpqrcode\\qrlib.php')
 3 SYSTEMPATH\Autoloader\Autoloader.php(317): include_once('C:\\xampp\\htdocs\\sarkod\\app\\Controllers\\SiparisInceleController.php')
 4 SYSTEMPATH\Autoloader\Autoloader.php(296): CodeIgniter\Autoloader\Autoloader->includeFile('C:\\xampp\\htdocs\\sarkod\\app\\Controllers\\SiparisInceleController.php')
 5 SYSTEMPATH\Autoloader\Autoloader.php(272): CodeIgniter\Autoloader\Autoloader->loadInNamespace('App\\Controllers\\SiparisInceleController')
 6 [internal function]: CodeIgniter\Autoloader\Autoloader->loadClass('App\\Controllers\\SiparisInceleController')
 7 SYSTEMPATH\CodeIgniter.php(887): class_exists('\\App\\Controllers\\SiparisInceleController', true)
 8 SYSTEMPATH\CodeIgniter.php(496): CodeIgniter\CodeIgniter->startController()
 9 SYSTEMPATH\CodeIgniter.php(355): CodeIgniter\CodeIgniter->handleRequest(null, Object(Config\Cache), false)
10 SYSTEMPATH\Boot.php(325): CodeIgniter\CodeIgniter->run()
11 SYSTEMPATH\Boot.php(67): CodeIgniter\Boot::runCodeIgniter(Object(CodeIgniter\CodeIgniter))
12 FCPATH\index.php(56): CodeIgniter\Boot::bootWeb(Object(Config\Paths))
WARNING - 2025-04-01 12:15:14 --> [DEPRECATED] Optional parameter $filename declared before required parameter $fore_color is implicitly treated as a required parameter in APPPATH\Libraries\phpqrcode\qrvect.php on line 140.
 1 APPPATH\Libraries\phpqrcode\qrlib.php(37): include('C:\\xampp\\htdocs\\sarkod\\system\\Debug\\Exceptions.php')
 2 APPPATH\Controllers\SiparisInceleController.php(8): require_once('C:\\xampp\\htdocs\\sarkod\\app\\Libraries\\phpqrcode\\qrlib.php')
 3 SYSTEMPATH\Autoloader\Autoloader.php(317): include_once('C:\\xampp\\htdocs\\sarkod\\app\\Controllers\\SiparisInceleController.php')
 4 SYSTEMPATH\Autoloader\Autoloader.php(296): CodeIgniter\Autoloader\Autoloader->includeFile('C:\\xampp\\htdocs\\sarkod\\app\\Controllers\\SiparisInceleController.php')
 5 SYSTEMPATH\Autoloader\Autoloader.php(272): CodeIgniter\Autoloader\Autoloader->loadInNamespace('App\\Controllers\\SiparisInceleController')
 6 [internal function]: CodeIgniter\Autoloader\Autoloader->loadClass('App\\Controllers\\SiparisInceleController')
 7 SYSTEMPATH\CodeIgniter.php(887): class_exists('\\App\\Controllers\\SiparisInceleController', true)
 8 SYSTEMPATH\CodeIgniter.php(496): CodeIgniter\CodeIgniter->startController()
 9 SYSTEMPATH\CodeIgniter.php(355): CodeIgniter\CodeIgniter->handleRequest(null, Object(Config\Cache), false)
10 SYSTEMPATH\Boot.php(325): CodeIgniter\CodeIgniter->run()
11 SYSTEMPATH\Boot.php(67): CodeIgniter\Boot::runCodeIgniter(Object(CodeIgniter\CodeIgniter))
12 FCPATH\index.php(56): CodeIgniter\Boot::bootWeb(Object(Config\Paths))
WARNING - 2025-04-01 12:15:14 --> [DEPRECATED] Optional parameter $pixelPerPoint declared before required parameter $fore_color is implicitly treated as a required parameter in APPPATH\Libraries\phpqrcode\qrvect.php on line 140.
 1 APPPATH\Libraries\phpqrcode\qrlib.php(37): include('C:\\xampp\\htdocs\\sarkod\\system\\Debug\\Exceptions.php')
 2 APPPATH\Controllers\SiparisInceleController.php(8): require_once('C:\\xampp\\htdocs\\sarkod\\app\\Libraries\\phpqrcode\\qrlib.php')
 3 SYSTEMPATH\Autoloader\Autoloader.php(317): include_once('C:\\xampp\\htdocs\\sarkod\\app\\Controllers\\SiparisInceleController.php')
 4 SYSTEMPATH\Autoloader\Autoloader.php(296): CodeIgniter\Autoloader\Autoloader->includeFile('C:\\xampp\\htdocs\\sarkod\\app\\Controllers\\SiparisInceleController.php')
 5 SYSTEMPATH\Autoloader\Autoloader.php(272): CodeIgniter\Autoloader\Autoloader->loadInNamespace('App\\Controllers\\SiparisInceleController')
 6 [internal function]: CodeIgniter\Autoloader\Autoloader->loadClass('App\\Controllers\\SiparisInceleController')
 7 SYSTEMPATH\CodeIgniter.php(887): class_exists('\\App\\Controllers\\SiparisInceleController', true)
 8 SYSTEMPATH\CodeIgniter.php(496): CodeIgniter\CodeIgniter->startController()
 9 SYSTEMPATH\CodeIgniter.php(355): CodeIgniter\CodeIgniter->handleRequest(null, Object(Config\Cache), false)
10 SYSTEMPATH\Boot.php(325): CodeIgniter\CodeIgniter->run()
11 SYSTEMPATH\Boot.php(67): CodeIgniter\Boot::runCodeIgniter(Object(CodeIgniter\CodeIgniter))
12 FCPATH\index.php(56): CodeIgniter\Boot::bootWeb(Object(Config\Paths))
WARNING - 2025-04-01 12:15:14 --> [DEPRECATED] Optional parameter $outerFrame declared before required parameter $fore_color is implicitly treated as a required parameter in APPPATH\Libraries\phpqrcode\qrvect.php on line 140.
 1 APPPATH\Libraries\phpqrcode\qrlib.php(37): include('C:\\xampp\\htdocs\\sarkod\\system\\Debug\\Exceptions.php')
 2 APPPATH\Controllers\SiparisInceleController.php(8): require_once('C:\\xampp\\htdocs\\sarkod\\app\\Libraries\\phpqrcode\\qrlib.php')
 3 SYSTEMPATH\Autoloader\Autoloader.php(317): include_once('C:\\xampp\\htdocs\\sarkod\\app\\Controllers\\SiparisInceleController.php')
 4 SYSTEMPATH\Autoloader\Autoloader.php(296): CodeIgniter\Autoloader\Autoloader->includeFile('C:\\xampp\\htdocs\\sarkod\\app\\Controllers\\SiparisInceleController.php')
 5 SYSTEMPATH\Autoloader\Autoloader.php(272): CodeIgniter\Autoloader\Autoloader->loadInNamespace('App\\Controllers\\SiparisInceleController')
 6 [internal function]: CodeIgniter\Autoloader\Autoloader->loadClass('App\\Controllers\\SiparisInceleController')
 7 SYSTEMPATH\CodeIgniter.php(887): class_exists('\\App\\Controllers\\SiparisInceleController', true)
 8 SYSTEMPATH\CodeIgniter.php(496): CodeIgniter\CodeIgniter->startController()
 9 SYSTEMPATH\CodeIgniter.php(355): CodeIgniter\CodeIgniter->handleRequest(null, Object(Config\Cache), false)
10 SYSTEMPATH\Boot.php(325): CodeIgniter\CodeIgniter->run()
11 SYSTEMPATH\Boot.php(67): CodeIgniter\Boot::runCodeIgniter(Object(CodeIgniter\CodeIgniter))
12 FCPATH\index.php(56): CodeIgniter\Boot::bootWeb(Object(Config\Paths))
WARNING - 2025-04-01 12:15:14 --> [DEPRECATED] Optional parameter $saveandprint declared before required parameter $fore_color is implicitly treated as a required parameter in APPPATH\Libraries\phpqrcode\qrvect.php on line 140.
 1 APPPATH\Libraries\phpqrcode\qrlib.php(37): include('C:\\xampp\\htdocs\\sarkod\\system\\Debug\\Exceptions.php')
 2 APPPATH\Controllers\SiparisInceleController.php(8): require_once('C:\\xampp\\htdocs\\sarkod\\app\\Libraries\\phpqrcode\\qrlib.php')
 3 SYSTEMPATH\Autoloader\Autoloader.php(317): include_once('C:\\xampp\\htdocs\\sarkod\\app\\Controllers\\SiparisInceleController.php')
 4 SYSTEMPATH\Autoloader\Autoloader.php(296): CodeIgniter\Autoloader\Autoloader->includeFile('C:\\xampp\\htdocs\\sarkod\\app\\Controllers\\SiparisInceleController.php')
 5 SYSTEMPATH\Autoloader\Autoloader.php(272): CodeIgniter\Autoloader\Autoloader->loadInNamespace('App\\Controllers\\SiparisInceleController')
 6 [internal function]: CodeIgniter\Autoloader\Autoloader->loadClass('App\\Controllers\\SiparisInceleController')
 7 SYSTEMPATH\CodeIgniter.php(887): class_exists('\\App\\Controllers\\SiparisInceleController', true)
 8 SYSTEMPATH\CodeIgniter.php(496): CodeIgniter\CodeIgniter->startController()
 9 SYSTEMPATH\CodeIgniter.php(355): CodeIgniter\CodeIgniter->handleRequest(null, Object(Config\Cache), false)
10 SYSTEMPATH\Boot.php(325): CodeIgniter\CodeIgniter->run()
11 SYSTEMPATH\Boot.php(67): CodeIgniter\Boot::runCodeIgniter(Object(CodeIgniter\CodeIgniter))
12 FCPATH\index.php(56): CodeIgniter\Boot::bootWeb(Object(Config\Paths))
INFO - 2025-04-01 12:15:14 --> Session: Class initialized using 'CodeIgniter\Session\Handlers\FileHandler' driver.
WARNING - 2025-04-01 12:15:14 --> [DEPRECATED] Creation of dynamic property QRencode::$cmyk is deprecated in APPPATH\Libraries\phpqrcode\qrencode.php on line 434.
 1 APPPATH\Libraries\phpqrcode\qrencode.php(285): QRencode::factory(0, 10, 4, 16777215, 0)
 2 APPPATH\Controllers\SiparisInceleController.php(42): QRcode::png('https://www.sarkod.com.tr/?siparis_id=45', null, 0, 10)
 3 SYSTEMPATH\CodeIgniter.php(933): App\Controllers\SiparisInceleController->index()
 4 SYSTEMPATH\CodeIgniter.php(509): CodeIgniter\CodeIgniter->runController(Object(App\Controllers\SiparisInceleController))
 5 SYSTEMPATH\CodeIgniter.php(355): CodeIgniter\CodeIgniter->handleRequest(null, Object(Config\Cache), false)
 6 SYSTEMPATH\Boot.php(325): CodeIgniter\CodeIgniter->run()
 7 SYSTEMPATH\Boot.php(67): CodeIgniter\Boot::runCodeIgniter(Object(CodeIgniter\CodeIgniter))
 8 FCPATH\index.php(56): CodeIgniter\Boot::bootWeb(Object(Config\Paths))
INFO - 2025-04-01 12:15:15 --> Session: Class initialized using 'CodeIgniter\Session\Handlers\FileHandler' driver.
INFO - 2025-04-01 12:15:29 --> Session: Class initialized using 'CodeIgniter\Session\Handlers\FileHandler' driver.
CRITICAL - 2025-04-01 12:15:29 --> TypeError: App\Controllers\SiparisBarkodController::index(): Return value must be of type string, CodeIgniter\HTTP\RedirectResponse returned
[Method: GET, Route: admin/siparisBarkod]
in APPPATH\Controllers\SiparisBarkodController.php on line 15.
 1 SYSTEMPATH\CodeIgniter.php(933): App\Controllers\SiparisBarkodController->index()
 2 SYSTEMPATH\CodeIgniter.php(509): CodeIgniter\CodeIgniter->runController(Object(App\Controllers\SiparisBarkodController))
 3 SYSTEMPATH\CodeIgniter.php(355): CodeIgniter\CodeIgniter->handleRequest(null, Object(Config\Cache), false)
 4 SYSTEMPATH\Boot.php(325): CodeIgniter\CodeIgniter->run()
 5 SYSTEMPATH\Boot.php(67): CodeIgniter\Boot::runCodeIgniter(Object(CodeIgniter\CodeIgniter))
 6 FCPATH\index.php(56): CodeIgniter\Boot::bootWeb(Object(Config\Paths))
INFO - 2025-04-01 12:15:44 --> Session: Class initialized using 'CodeIgniter\Session\Handlers\FileHandler' driver.
INFO - 2025-04-01 12:15:45 --> Session: Class initialized using 'CodeIgniter\Session\Handlers\FileHandler' driver.
CRITICAL - 2025-04-01 12:15:45 --> TypeError: App\Controllers\SiparisBarkodController::index(): Return value must be of type string, CodeIgniter\HTTP\RedirectResponse returned
[Method: GET, Route: admin/siparisBarkod]
in APPPATH\Controllers\SiparisBarkodController.php on line 37.
 1 SYSTEMPATH\CodeIgniter.php(933): App\Controllers\SiparisBarkodController->index()
 2 SYSTEMPATH\CodeIgniter.php(509): CodeIgniter\CodeIgniter->runController(Object(App\Controllers\SiparisBarkodController))
 3 SYSTEMPATH\CodeIgniter.php(355): CodeIgniter\CodeIgniter->handleRequest(null, Object(Config\Cache), false)
 4 SYSTEMPATH\Boot.php(325): CodeIgniter\CodeIgniter->run()
 5 SYSTEMPATH\Boot.php(67): CodeIgniter\Boot::runCodeIgniter(Object(CodeIgniter\CodeIgniter))
 6 FCPATH\index.php(56): CodeIgniter\Boot::bootWeb(Object(Config\Paths))
INFO - 2025-04-01 12:16:23 --> Session: Class initialized using 'CodeIgniter\Session\Handlers\FileHandler' driver.
INFO - 2025-04-01 12:16:24 --> Session: Class initialized using 'CodeIgniter\Session\Handlers\FileHandler' driver.
INFO - 2025-04-01 12:17:22 --> Session: Class initialized using 'CodeIgniter\Session\Handlers\FileHandler' driver.
INFO - 2025-04-01 12:18:18 --> Session: Class initialized using 'CodeIgniter\Session\Handlers\FileHandler' driver.
INFO - 2025-04-01 12:18:26 --> Session: Class initialized using 'CodeIgniter\Session\Handlers\FileHandler' driver.
INFO - 2025-04-01 12:20:50 --> Session: Class initialized using 'CodeIgniter\Session\Handlers\FileHandler' driver.
INFO - 2025-04-01 12:21:13 --> Session: Class initialized using 'CodeIgniter\Session\Handlers\FileHandler' driver.
INFO - 2025-04-01 12:23:46 --> Session: Class initialized using 'CodeIgniter\Session\Handlers\FileHandler' driver.
INFO - 2025-04-01 12:24:53 --> Session: Class initialized using 'CodeIgniter\Session\Handlers\FileHandler' driver.
INFO - 2025-04-01 12:25:08 --> Session: Class initialized using 'CodeIgniter\Session\Handlers\FileHandler' driver.
INFO - 2025-04-01 12:25:43 --> Session: Class initialized using 'CodeIgniter\Session\Handlers\FileHandler' driver.
INFO - 2025-04-01 12:25:43 --> Session: Class initialized using 'CodeIgniter\Session\Handlers\FileHandler' driver.
INFO - 2025-04-01 12:25:47 --> Session: Class initialized using 'CodeIgniter\Session\Handlers\FileHandler' driver.
INFO - 2025-04-01 12:25:47 --> Session: Class initialized using 'CodeIgniter\Session\Handlers\FileHandler' driver.
INFO - 2025-04-01 12:25:48 --> Session: Class initialized using 'CodeIgniter\Session\Handlers\FileHandler' driver.
INFO - 2025-04-01 12:25:48 --> Session: Class initialized using 'CodeIgniter\Session\Handlers\FileHandler' driver.
INFO - 2025-04-01 12:26:01 --> Session: Class initialized using 'CodeIgniter\Session\Handlers\FileHandler' driver.
INFO - 2025-04-01 12:26:03 --> Session: Class initialized using 'CodeIgniter\Session\Handlers\FileHandler' driver.
INFO - 2025-04-01 12:26:03 --> Session: Class initialized using 'CodeIgniter\Session\Handlers\FileHandler' driver.
INFO - 2025-04-01 12:26:13 --> Session: Class initialized using 'CodeIgniter\Session\Handlers\FileHandler' driver.
INFO - 2025-04-01 12:26:15 --> Session: Class initialized using 'CodeIgniter\Session\Handlers\FileHandler' driver.
INFO - 2025-04-01 12:26:17 --> Session: Class initialized using 'CodeIgniter\Session\Handlers\FileHandler' driver.
INFO - 2025-04-01 12:26:17 --> Session: Class initialized using 'CodeIgniter\Session\Handlers\FileHandler' driver.
INFO - 2025-04-01 12:26:42 --> Session: Class initialized using 'CodeIgniter\Session\Handlers\FileHandler' driver.
INFO - 2025-04-01 12:26:44 --> Session: Class initialized using 'CodeIgniter\Session\Handlers\FileHandler' driver.
INFO - 2025-04-01 12:27:18 --> Session: Class initialized using 'CodeIgniter\Session\Handlers\FileHandler' driver.
INFO - 2025-04-01 12:27:21 --> Session: Class initialized using 'CodeIgniter\Session\Handlers\FileHandler' driver.
INFO - 2025-04-01 12:27:21 --> Session: Class initialized using 'CodeIgniter\Session\Handlers\FileHandler' driver.
INFO - 2025-04-01 12:27:38 --> Session: Class initialized using 'CodeIgniter\Session\Handlers\FileHandler' driver.
INFO - 2025-04-01 12:27:40 --> Session: Class initialized using 'CodeIgniter\Session\Handlers\FileHandler' driver.
INFO - 2025-04-01 12:27:58 --> Session: Class initialized using 'CodeIgniter\Session\Handlers\FileHandler' driver.
INFO - 2025-04-01 12:28:24 --> Session: Class initialized using 'CodeIgniter\Session\Handlers\FileHandler' driver.
INFO - 2025-04-01 12:28:28 --> Session: Class initialized using 'CodeIgniter\Session\Handlers\FileHandler' driver.
INFO - 2025-04-01 12:30:42 --> Session: Class initialized using 'CodeIgniter\Session\Handlers\FileHandler' driver.
INFO - 2025-04-01 12:30:44 --> Session: Class initialized using 'CodeIgniter\Session\Handlers\FileHandler' driver.
INFO - 2025-04-01 12:30:54 --> Session: Class initialized using 'CodeIgniter\Session\Handlers\FileHandler' driver.
INFO - 2025-04-01 12:30:57 --> Session: Class initialized using 'CodeIgniter\Session\Handlers\FileHandler' driver.
INFO - 2025-04-01 12:31:16 --> Session: Class initialized using 'CodeIgniter\Session\Handlers\FileHandler' driver.
INFO - 2025-04-01 12:31:19 --> Session: Class initialized using 'CodeIgniter\Session\Handlers\FileHandler' driver.
INFO - 2025-04-01 12:31:21 --> Session: Class initialized using 'CodeIgniter\Session\Handlers\FileHandler' driver.
INFO - 2025-04-01 12:32:05 --> Session: Class initialized using 'CodeIgniter\Session\Handlers\FileHandler' driver.
INFO - 2025-04-01 12:32:07 --> Session: Class initialized using 'CodeIgniter\Session\Handlers\FileHandler' driver.
CRITICAL - 2025-04-01 12:32:07 --> ErrorException: Undefined variable $qrCode
[Method: POST, Route: admin/siparisbarkodIncele]
in APPPATH\Views\siparisBarkod.php on line 48.
 1 APPPATH\Views\siparisBarkod.php(48): CodeIgniter\Debug\Exceptions->errorHandler(2, 'Undefined variable $qrCode', 'C:\\xampp\\htdocs\\sarkod\\app\\Views\\siparisBarkod.php', 48)
 2 SYSTEMPATH\View\View.php(234): include('C:\\xampp\\htdocs\\sarkod\\app\\Views\\siparisBarkod.php')
 3 SYSTEMPATH\View\View.php(237): CodeIgniter\View\View->CodeIgniter\View\{closure}()
 4 SYSTEMPATH\Common.php(1171): CodeIgniter\View\View->render('siparisBarkod', [], true)
 5 APPPATH\Controllers\SiparisBarkodController.php(37): view('siparisBarkod', [...])
 6 SYSTEMPATH\CodeIgniter.php(933): App\Controllers\SiparisBarkodController->incele()
 7 SYSTEMPATH\CodeIgniter.php(509): CodeIgniter\CodeIgniter->runController(Object(App\Controllers\SiparisBarkodController))
 8 SYSTEMPATH\CodeIgniter.php(355): CodeIgniter\CodeIgniter->handleRequest(null, Object(Config\Cache), false)
 9 SYSTEMPATH\Boot.php(325): CodeIgniter\CodeIgniter->run()
10 SYSTEMPATH\Boot.php(67): CodeIgniter\Boot::runCodeIgniter(Object(CodeIgniter\CodeIgniter))
11 FCPATH\index.php(56): CodeIgniter\Boot::bootWeb(Object(Config\Paths))
INFO - 2025-04-01 12:32:25 --> Session: Class initialized using 'CodeIgniter\Session\Handlers\FileHandler' driver.
INFO - 2025-04-01 12:32:30 --> Session: Class initialized using 'CodeIgniter\Session\Handlers\FileHandler' driver.
INFO - 2025-04-01 12:32:31 --> Session: Class initialized using 'CodeIgniter\Session\Handlers\FileHandler' driver.
INFO - 2025-04-01 12:32:34 --> Session: Class initialized using 'CodeIgniter\Session\Handlers\FileHandler' driver.
INFO - 2025-04-01 12:33:35 --> Session: Class initialized using 'CodeIgniter\Session\Handlers\FileHandler' driver.
INFO - 2025-04-01 12:33:40 --> Session: Class initialized using 'CodeIgniter\Session\Handlers\FileHandler' driver.
INFO - 2025-04-01 12:33:43 --> Session: Class initialized using 'CodeIgniter\Session\Handlers\FileHandler' driver.
INFO - 2025-04-01 12:33:44 --> Session: Class initialized using 'CodeIgniter\Session\Handlers\FileHandler' driver.
INFO - 2025-04-01 12:33:47 --> Session: Class initialized using 'CodeIgniter\Session\Handlers\FileHandler' driver.
INFO - 2025-04-01 12:33:47 --> Session: Class initialized using 'CodeIgniter\Session\Handlers\FileHandler' driver.
INFO - 2025-04-01 12:33:49 --> Session: Class initialized using 'CodeIgniter\Session\Handlers\FileHandler' driver.
INFO - 2025-04-01 12:33:53 --> Session: Class initialized using 'CodeIgniter\Session\Handlers\FileHandler' driver.
INFO - 2025-04-01 12:33:56 --> Session: Class initialized using 'CodeIgniter\Session\Handlers\FileHandler' driver.
INFO - 2025-04-01 12:33:59 --> Session: Class initialized using 'CodeIgniter\Session\Handlers\FileHandler' driver.
INFO - 2025-04-01 12:34:03 --> Session: Class initialized using 'CodeIgniter\Session\Handlers\FileHandler' driver.
INFO - 2025-04-01 12:41:52 --> Session: Class initialized using 'CodeIgniter\Session\Handlers\FileHandler' driver.
INFO - 2025-04-01 12:42:21 --> Session: Class initialized using 'CodeIgniter\Session\Handlers\FileHandler' driver.
INFO - 2025-04-01 12:43:36 --> Session: Class initialized using 'CodeIgniter\Session\Handlers\FileHandler' driver.
INFO - 2025-04-01 12:44:27 --> Session: Class initialized using 'CodeIgniter\Session\Handlers\FileHandler' driver.
INFO - 2025-04-01 12:46:06 --> Session: Class initialized using 'CodeIgniter\Session\Handlers\FileHandler' driver.
INFO - 2025-04-01 12:46:32 --> Session: Class initialized using 'CodeIgniter\Session\Handlers\FileHandler' driver.
INFO - 2025-04-01 12:47:07 --> Session: Class initialized using 'CodeIgniter\Session\Handlers\FileHandler' driver.
INFO - 2025-04-01 12:47:10 --> Session: Class initialized using 'CodeIgniter\Session\Handlers\FileHandler' driver.
INFO - 2025-04-01 12:47:13 --> Session: Class initialized using 'CodeIgniter\Session\Handlers\FileHandler' driver.
INFO - 2025-04-01 12:47:40 --> Session: Class initialized using 'CodeIgniter\Session\Handlers\FileHandler' driver.
INFO - 2025-04-01 12:48:16 --> Session: Class initialized using 'CodeIgniter\Session\Handlers\FileHandler' driver.
INFO - 2025-04-01 12:51:59 --> Session: Class initialized using 'CodeIgniter\Session\Handlers\FileHandler' driver.
INFO - 2025-04-01 12:52:56 --> Session: Class initialized using 'CodeIgniter\Session\Handlers\FileHandler' driver.
INFO - 2025-04-01 12:53:20 --> Session: Class initialized using 'CodeIgniter\Session\Handlers\FileHandler' driver.
INFO - 2025-04-01 12:53:40 --> Session: Class initialized using 'CodeIgniter\Session\Handlers\FileHandler' driver.
INFO - 2025-04-01 12:53:51 --> Session: Class initialized using 'CodeIgniter\Session\Handlers\FileHandler' driver.
INFO - 2025-04-01 12:55:43 --> Session: Class initialized using 'CodeIgniter\Session\Handlers\FileHandler' driver.
INFO - 2025-04-01 12:55:52 --> Session: Class initialized using 'CodeIgniter\Session\Handlers\FileHandler' driver.
INFO - 2025-04-01 12:57:00 --> Session: Class initialized using 'CodeIgniter\Session\Handlers\FileHandler' driver.
INFO - 2025-04-01 12:59:08 --> Session: Class initialized using 'CodeIgniter\Session\Handlers\FileHandler' driver.
INFO - 2025-04-01 12:59:45 --> Session: Class initialized using 'CodeIgniter\Session\Handlers\FileHandler' driver.
INFO - 2025-04-01 13:01:44 --> Session: Class initialized using 'CodeIgniter\Session\Handlers\FileHandler' driver.
INFO - 2025-04-01 13:08:32 --> Session: Class initialized using 'CodeIgniter\Session\Handlers\FileHandler' driver.
INFO - 2025-04-01 13:09:15 --> Session: Class initialized using 'CodeIgniter\Session\Handlers\FileHandler' driver.
INFO - 2025-04-01 13:11:13 --> Session: Class initialized using 'CodeIgniter\Session\Handlers\FileHandler' driver.
INFO - 2025-04-01 13:11:40 --> Session: Class initialized using 'CodeIgniter\Session\Handlers\FileHandler' driver.
INFO - 2025-04-01 13:12:52 --> Session: Class initialized using 'CodeIgniter\Session\Handlers\FileHandler' driver.
INFO - 2025-04-01 13:14:25 --> Session: Class initialized using 'CodeIgniter\Session\Handlers\FileHandler' driver.
INFO - 2025-04-01 13:14:36 --> Session: Class initialized using 'CodeIgniter\Session\Handlers\FileHandler' driver.
INFO - 2025-04-01 13:14:46 --> Session: Class initialized using 'CodeIgniter\Session\Handlers\FileHandler' driver.
INFO - 2025-04-01 13:15:08 --> Session: Class initialized using 'CodeIgniter\Session\Handlers\FileHandler' driver.
INFO - 2025-04-01 13:15:13 --> Session: Class initialized using 'CodeIgniter\Session\Handlers\FileHandler' driver.
INFO - 2025-04-01 13:15:17 --> Session: Class initialized using 'CodeIgniter\Session\Handlers\FileHandler' driver.
INFO - 2025-04-01 13:15:23 --> Session: Class initialized using 'CodeIgniter\Session\Handlers\FileHandler' driver.
INFO - 2025-04-01 13:15:40 --> Session: Class initialized using 'CodeIgniter\Session\Handlers\FileHandler' driver.
INFO - 2025-04-01 13:15:48 --> Session: Class initialized using 'CodeIgniter\Session\Handlers\FileHandler' driver.
INFO - 2025-04-01 13:15:53 --> Session: Class initialized using 'CodeIgniter\Session\Handlers\FileHandler' driver.
INFO - 2025-04-01 13:15:57 --> Session: Class initialized using 'CodeIgniter\Session\Handlers\FileHandler' driver.
INFO - 2025-04-01 13:16:24 --> Session: Class initialized using 'CodeIgniter\Session\Handlers\FileHandler' driver.
INFO - 2025-04-01 13:16:27 --> Session: Class initialized using 'CodeIgniter\Session\Handlers\FileHandler' driver.
INFO - 2025-04-01 13:16:28 --> Session: Class initialized using 'CodeIgniter\Session\Handlers\FileHandler' driver.
INFO - 2025-04-01 13:16:28 --> Session: Class initialized using 'CodeIgniter\Session\Handlers\FileHandler' driver.
INFO - 2025-04-01 13:16:30 --> Session: Class initialized using 'CodeIgniter\Session\Handlers\FileHandler' driver.
INFO - 2025-04-01 13:16:31 --> Session: Class initialized using 'CodeIgniter\Session\Handlers\FileHandler' driver.
INFO - 2025-04-01 13:16:34 --> Session: Class initialized using 'CodeIgniter\Session\Handlers\FileHandler' driver.
INFO - 2025-04-01 13:18:03 --> Session: Class initialized using 'CodeIgniter\Session\Handlers\FileHandler' driver.
INFO - 2025-04-01 13:22:50 --> Session: Class initialized using 'CodeIgniter\Session\Handlers\FileHandler' driver.
INFO - 2025-04-01 13:22:54 --> Session: Class initialized using 'CodeIgniter\Session\Handlers\FileHandler' driver.
INFO - 2025-04-01 13:23:28 --> Session: Class initialized using 'CodeIgniter\Session\Handlers\FileHandler' driver.
INFO - 2025-04-01 13:24:45 --> Session: Class initialized using 'CodeIgniter\Session\Handlers\FileHandler' driver.
INFO - 2025-04-01 13:26:35 --> Session: Class initialized using 'CodeIgniter\Session\Handlers\FileHandler' driver.
INFO - 2025-04-01 13:26:37 --> Session: Class initialized using 'CodeIgniter\Session\Handlers\FileHandler' driver.
INFO - 2025-04-01 13:26:38 --> Session: Class initialized using 'CodeIgniter\Session\Handlers\FileHandler' driver.
INFO - 2025-04-01 13:26:39 --> Session: Class initialized using 'CodeIgniter\Session\Handlers\FileHandler' driver.
INFO - 2025-04-01 13:26:40 --> Session: Class initialized using 'CodeIgniter\Session\Handlers\FileHandler' driver.
INFO - 2025-04-01 13:26:41 --> Session: Class initialized using 'CodeIgniter\Session\Handlers\FileHandler' driver.
INFO - 2025-04-01 13:26:41 --> Session: Class initialized using 'CodeIgniter\Session\Handlers\FileHandler' driver.
INFO - 2025-04-01 13:26:48 --> Session: Class initialized using 'CodeIgniter\Session\Handlers\FileHandler' driver.
INFO - 2025-04-01 13:26:48 --> Session: Class initialized using 'CodeIgniter\Session\Handlers\FileHandler' driver.
INFO - 2025-04-01 13:26:50 --> Session: Class initialized using 'CodeIgniter\Session\Handlers\FileHandler' driver.
INFO - 2025-04-01 13:26:53 --> Session: Class initialized using 'CodeIgniter\Session\Handlers\FileHandler' driver.
INFO - 2025-04-01 13:27:45 --> Session: Class initialized using 'CodeIgniter\Session\Handlers\FileHandler' driver.
INFO - 2025-04-01 13:27:49 --> Session: Class initialized using 'CodeIgniter\Session\Handlers\FileHandler' driver.
INFO - 2025-04-01 13:28:10 --> Session: Class initialized using 'CodeIgniter\Session\Handlers\FileHandler' driver.
INFO - 2025-04-01 13:28:13 --> Session: Class initialized using 'CodeIgniter\Session\Handlers\FileHandler' driver.
INFO - 2025-04-01 15:03:33 --> Session: Class initialized using 'CodeIgniter\Session\Handlers\FileHandler' driver.
INFO - 2025-04-01 15:04:00 --> Session: Class initialized using 'CodeIgniter\Session\Handlers\FileHandler' driver.
INFO - 2025-04-01 15:04:07 --> Session: Class initialized using 'CodeIgniter\Session\Handlers\FileHandler' driver.
INFO - 2025-04-01 15:04:08 --> Session: Class initialized using 'CodeIgniter\Session\Handlers\FileHandler' driver.
INFO - 2025-04-01 15:04:12 --> Session: Class initialized using 'CodeIgniter\Session\Handlers\FileHandler' driver.
INFO - 2025-04-01 15:04:14 --> Session: Class initialized using 'CodeIgniter\Session\Handlers\FileHandler' driver.
INFO - 2025-04-01 15:04:26 --> Session: Class initialized using 'CodeIgniter\Session\Handlers\FileHandler' driver.
INFO - 2025-04-01 15:04:26 --> Session: Class initialized using 'CodeIgniter\Session\Handlers\FileHandler' driver.
INFO - 2025-04-01 15:04:30 --> Session: Class initialized using 'CodeIgniter\Session\Handlers\FileHandler' driver.
INFO - 2025-04-01 15:07:08 --> Session: Class initialized using 'CodeIgniter\Session\Handlers\FileHandler' driver.
INFO - 2025-04-01 15:07:08 --> Session: Class initialized using 'CodeIgniter\Session\Handlers\FileHandler' driver.
INFO - 2025-04-01 15:07:11 --> Session: Class initialized using 'CodeIgniter\Session\Handlers\FileHandler' driver.
INFO - 2025-04-01 15:07:14 --> Session: Class initialized using 'CodeIgniter\Session\Handlers\FileHandler' driver.
INFO - 2025-04-01 15:08:06 --> Session: Class initialized using 'CodeIgniter\Session\Handlers\FileHandler' driver.
INFO - 2025-04-01 15:09:29 --> Session: Class initialized using 'CodeIgniter\Session\Handlers\FileHandler' driver.
INFO - 2025-04-01 15:09:46 --> Session: Class initialized using 'CodeIgniter\Session\Handlers\FileHandler' driver.
INFO - 2025-04-01 15:09:49 --> Session: Class initialized using 'CodeIgniter\Session\Handlers\FileHandler' driver.
INFO - 2025-04-01 15:10:34 --> Session: Class initialized using 'CodeIgniter\Session\Handlers\FileHandler' driver.
INFO - 2025-04-01 15:10:37 --> Session: Class initialized using 'CodeIgniter\Session\Handlers\FileHandler' driver.
INFO - 2025-04-01 15:10:39 --> Session: Class initialized using 'CodeIgniter\Session\Handlers\FileHandler' driver.
INFO - 2025-04-01 15:10:41 --> Session: Class initialized using 'CodeIgniter\Session\Handlers\FileHandler' driver.
INFO - 2025-04-01 15:10:44 --> Session: Class initialized using 'CodeIgniter\Session\Handlers\FileHandler' driver.
INFO - 2025-04-01 15:10:45 --> Session: Class initialized using 'CodeIgniter\Session\Handlers\FileHandler' driver.
INFO - 2025-04-01 15:11:18 --> Session: Class initialized using 'CodeIgniter\Session\Handlers\FileHandler' driver.
INFO - 2025-04-01 15:11:25 --> Session: Class initialized using 'CodeIgniter\Session\Handlers\FileHandler' driver.
INFO - 2025-04-01 15:11:44 --> Session: Class initialized using 'CodeIgniter\Session\Handlers\FileHandler' driver.
INFO - 2025-04-01 15:11:48 --> Session: Class initialized using 'CodeIgniter\Session\Handlers\FileHandler' driver.
INFO - 2025-04-01 15:12:04 --> Session: Class initialized using 'CodeIgniter\Session\Handlers\FileHandler' driver.
INFO - 2025-04-01 15:12:55 --> Session: Class initialized using 'CodeIgniter\Session\Handlers\FileHandler' driver.
INFO - 2025-04-01 15:13:00 --> Session: Class initialized using 'CodeIgniter\Session\Handlers\FileHandler' driver.
INFO - 2025-04-01 15:13:02 --> Session: Class initialized using 'CodeIgniter\Session\Handlers\FileHandler' driver.
INFO - 2025-04-01 15:13:19 --> Session: Class initialized using 'CodeIgniter\Session\Handlers\FileHandler' driver.
INFO - 2025-04-01 15:13:21 --> Session: Class initialized using 'CodeIgniter\Session\Handlers\FileHandler' driver.
INFO - 2025-04-01 15:13:22 --> Session: Class initialized using 'CodeIgniter\Session\Handlers\FileHandler' driver.
INFO - 2025-04-01 15:13:23 --> Session: Class initialized using 'CodeIgniter\Session\Handlers\FileHandler' driver.
INFO - 2025-04-01 15:13:24 --> Session: Class initialized using 'CodeIgniter\Session\Handlers\FileHandler' driver.
INFO - 2025-04-01 15:13:30 --> Session: Class initialized using 'CodeIgniter\Session\Handlers\FileHandler' driver.
WARNING - 2025-04-01 15:13:34 --> [DEPRECATED] Optional parameter $filename declared before required parameter $fore_color is implicitly treated as a required parameter in APPPATH\Libraries\phpqrcode\qrimage.php on line 30.
 1 APPPATH\Libraries\phpqrcode\qrlib.php(36): include('C:\\xampp\\htdocs\\sarkod\\system\\Debug\\Exceptions.php')
 2 APPPATH\Controllers\SiparisInceleController.php(8): require_once('C:\\xampp\\htdocs\\sarkod\\app\\Libraries\\phpqrcode\\qrlib.php')
 3 SYSTEMPATH\Autoloader\Autoloader.php(317): include_once('C:\\xampp\\htdocs\\sarkod\\app\\Controllers\\SiparisInceleController.php')
 4 SYSTEMPATH\Autoloader\Autoloader.php(296): CodeIgniter\Autoloader\Autoloader->includeFile('C:\\xampp\\htdocs\\sarkod\\app\\Controllers\\SiparisInceleController.php')
 5 SYSTEMPATH\Autoloader\Autoloader.php(272): CodeIgniter\Autoloader\Autoloader->loadInNamespace('App\\Controllers\\SiparisInceleController')
 6 [internal function]: CodeIgniter\Autoloader\Autoloader->loadClass('App\\Controllers\\SiparisInceleController')
 7 SYSTEMPATH\CodeIgniter.php(887): class_exists('\\App\\Controllers\\SiparisInceleController', true)
 8 SYSTEMPATH\CodeIgniter.php(496): CodeIgniter\CodeIgniter->startController()
 9 SYSTEMPATH\CodeIgniter.php(355): CodeIgniter\CodeIgniter->handleRequest(null, Object(Config\Cache), false)
10 SYSTEMPATH\Boot.php(325): CodeIgniter\CodeIgniter->run()
11 SYSTEMPATH\Boot.php(67): CodeIgniter\Boot::runCodeIgniter(Object(CodeIgniter\CodeIgniter))
12 FCPATH\index.php(56): CodeIgniter\Boot::bootWeb(Object(Config\Paths))
WARNING - 2025-04-01 15:13:34 --> [DEPRECATED] Optional parameter $pixelPerPoint declared before required parameter $fore_color is implicitly treated as a required parameter in APPPATH\Libraries\phpqrcode\qrimage.php on line 0.
 1 APPPATH\Libraries\phpqrcode\qrlib.php(36): include('C:\\xampp\\htdocs\\sarkod\\system\\Debug\\Exceptions.php')
 2 APPPATH\Controllers\SiparisInceleController.php(8): require_once('C:\\xampp\\htdocs\\sarkod\\app\\Libraries\\phpqrcode\\qrlib.php')
 3 SYSTEMPATH\Autoloader\Autoloader.php(317): include_once('C:\\xampp\\htdocs\\sarkod\\app\\Controllers\\SiparisInceleController.php')
 4 SYSTEMPATH\Autoloader\Autoloader.php(296): CodeIgniter\Autoloader\Autoloader->includeFile('C:\\xampp\\htdocs\\sarkod\\app\\Controllers\\SiparisInceleController.php')
 5 SYSTEMPATH\Autoloader\Autoloader.php(272): CodeIgniter\Autoloader\Autoloader->loadInNamespace('App\\Controllers\\SiparisInceleController')
 6 [internal function]: CodeIgniter\Autoloader\Autoloader->loadClass('App\\Controllers\\SiparisInceleController')
 7 SYSTEMPATH\CodeIgniter.php(887): class_exists('\\App\\Controllers\\SiparisInceleController', true)
 8 SYSTEMPATH\CodeIgniter.php(496): CodeIgniter\CodeIgniter->startController()
 9 SYSTEMPATH\CodeIgniter.php(355): CodeIgniter\CodeIgniter->handleRequest(null, Object(Config\Cache), false)
10 SYSTEMPATH\Boot.php(325): CodeIgniter\CodeIgniter->run()
11 SYSTEMPATH\Boot.php(67): CodeIgniter\Boot::runCodeIgniter(Object(CodeIgniter\CodeIgniter))
12 FCPATH\index.php(56): CodeIgniter\Boot::bootWeb(Object(Config\Paths))
WARNING - 2025-04-01 15:13:34 --> [DEPRECATED] Optional parameter $outerFrame declared before required parameter $fore_color is implicitly treated as a required parameter in APPPATH\Libraries\phpqrcode\qrimage.php on line 0.
 1 APPPATH\Libraries\phpqrcode\qrlib.php(36): include('C:\\xampp\\htdocs\\sarkod\\system\\Debug\\Exceptions.php')
 2 APPPATH\Controllers\SiparisInceleController.php(8): require_once('C:\\xampp\\htdocs\\sarkod\\app\\Libraries\\phpqrcode\\qrlib.php')
 3 SYSTEMPATH\Autoloader\Autoloader.php(317): include_once('C:\\xampp\\htdocs\\sarkod\\app\\Controllers\\SiparisInceleController.php')
 4 SYSTEMPATH\Autoloader\Autoloader.php(296): CodeIgniter\Autoloader\Autoloader->includeFile('C:\\xampp\\htdocs\\sarkod\\app\\Controllers\\SiparisInceleController.php')
 5 SYSTEMPATH\Autoloader\Autoloader.php(272): CodeIgniter\Autoloader\Autoloader->loadInNamespace('App\\Controllers\\SiparisInceleController')
 6 [internal function]: CodeIgniter\Autoloader\Autoloader->loadClass('App\\Controllers\\SiparisInceleController')
 7 SYSTEMPATH\CodeIgniter.php(887): class_exists('\\App\\Controllers\\SiparisInceleController', true)
 8 SYSTEMPATH\CodeIgniter.php(496): CodeIgniter\CodeIgniter->startController()
 9 SYSTEMPATH\CodeIgniter.php(355): CodeIgniter\CodeIgniter->handleRequest(null, Object(Config\Cache), false)
10 SYSTEMPATH\Boot.php(325): CodeIgniter\CodeIgniter->run()
11 SYSTEMPATH\Boot.php(67): CodeIgniter\Boot::runCodeIgniter(Object(CodeIgniter\CodeIgniter))
12 FCPATH\index.php(56): CodeIgniter\Boot::bootWeb(Object(Config\Paths))
WARNING - 2025-04-01 15:13:34 --> [DEPRECATED] Optional parameter $saveandprint declared before required parameter $fore_color is implicitly treated as a required parameter in APPPATH\Libraries\phpqrcode\qrimage.php on line 0.
 1 APPPATH\Libraries\phpqrcode\qrlib.php(36): include('C:\\xampp\\htdocs\\sarkod\\system\\Debug\\Exceptions.php')
 2 APPPATH\Controllers\SiparisInceleController.php(8): require_once('C:\\xampp\\htdocs\\sarkod\\app\\Libraries\\phpqrcode\\qrlib.php')
 3 SYSTEMPATH\Autoloader\Autoloader.php(317): include_once('C:\\xampp\\htdocs\\sarkod\\app\\Controllers\\SiparisInceleController.php')
 4 SYSTEMPATH\Autoloader\Autoloader.php(296): CodeIgniter\Autoloader\Autoloader->includeFile('C:\\xampp\\htdocs\\sarkod\\app\\Controllers\\SiparisInceleController.php')
 5 SYSTEMPATH\Autoloader\Autoloader.php(272): CodeIgniter\Autoloader\Autoloader->loadInNamespace('App\\Controllers\\SiparisInceleController')
 6 [internal function]: CodeIgniter\Autoloader\Autoloader->loadClass('App\\Controllers\\SiparisInceleController')
 7 SYSTEMPATH\CodeIgniter.php(887): class_exists('\\App\\Controllers\\SiparisInceleController', true)
 8 SYSTEMPATH\CodeIgniter.php(496): CodeIgniter\CodeIgniter->startController()
 9 SYSTEMPATH\CodeIgniter.php(355): CodeIgniter\CodeIgniter->handleRequest(null, Object(Config\Cache), false)
10 SYSTEMPATH\Boot.php(325): CodeIgniter\CodeIgniter->run()
11 SYSTEMPATH\Boot.php(67): CodeIgniter\Boot::runCodeIgniter(Object(CodeIgniter\CodeIgniter))
12 FCPATH\index.php(56): CodeIgniter\Boot::bootWeb(Object(Config\Paths))
WARNING - 2025-04-01 15:13:34 --> [DEPRECATED] Optional parameter $filename declared before required parameter $fore_color is implicitly treated as a required parameter in APPPATH\Libraries\phpqrcode\qrvect.php on line 140.
 1 APPPATH\Libraries\phpqrcode\qrlib.php(37): include('C:\\xampp\\htdocs\\sarkod\\system\\Debug\\Exceptions.php')
 2 APPPATH\Controllers\SiparisInceleController.php(8): require_once('C:\\xampp\\htdocs\\sarkod\\app\\Libraries\\phpqrcode\\qrlib.php')
 3 SYSTEMPATH\Autoloader\Autoloader.php(317): include_once('C:\\xampp\\htdocs\\sarkod\\app\\Controllers\\SiparisInceleController.php')
 4 SYSTEMPATH\Autoloader\Autoloader.php(296): CodeIgniter\Autoloader\Autoloader->includeFile('C:\\xampp\\htdocs\\sarkod\\app\\Controllers\\SiparisInceleController.php')
 5 SYSTEMPATH\Autoloader\Autoloader.php(272): CodeIgniter\Autoloader\Autoloader->loadInNamespace('App\\Controllers\\SiparisInceleController')
 6 [internal function]: CodeIgniter\Autoloader\Autoloader->loadClass('App\\Controllers\\SiparisInceleController')
 7 SYSTEMPATH\CodeIgniter.php(887): class_exists('\\App\\Controllers\\SiparisInceleController', true)
 8 SYSTEMPATH\CodeIgniter.php(496): CodeIgniter\CodeIgniter->startController()
 9 SYSTEMPATH\CodeIgniter.php(355): CodeIgniter\CodeIgniter->handleRequest(null, Object(Config\Cache), false)
10 SYSTEMPATH\Boot.php(325): CodeIgniter\CodeIgniter->run()
11 SYSTEMPATH\Boot.php(67): CodeIgniter\Boot::runCodeIgniter(Object(CodeIgniter\CodeIgniter))
12 FCPATH\index.php(56): CodeIgniter\Boot::bootWeb(Object(Config\Paths))
WARNING - 2025-04-01 15:13:34 --> [DEPRECATED] Optional parameter $pixelPerPoint declared before required parameter $fore_color is implicitly treated as a required parameter in APPPATH\Libraries\phpqrcode\qrvect.php on line 140.
 1 APPPATH\Libraries\phpqrcode\qrlib.php(37): include('C:\\xampp\\htdocs\\sarkod\\system\\Debug\\Exceptions.php')
 2 APPPATH\Controllers\SiparisInceleController.php(8): require_once('C:\\xampp\\htdocs\\sarkod\\app\\Libraries\\phpqrcode\\qrlib.php')
 3 SYSTEMPATH\Autoloader\Autoloader.php(317): include_once('C:\\xampp\\htdocs\\sarkod\\app\\Controllers\\SiparisInceleController.php')
 4 SYSTEMPATH\Autoloader\Autoloader.php(296): CodeIgniter\Autoloader\Autoloader->includeFile('C:\\xampp\\htdocs\\sarkod\\app\\Controllers\\SiparisInceleController.php')
 5 SYSTEMPATH\Autoloader\Autoloader.php(272): CodeIgniter\Autoloader\Autoloader->loadInNamespace('App\\Controllers\\SiparisInceleController')
 6 [internal function]: CodeIgniter\Autoloader\Autoloader->loadClass('App\\Controllers\\SiparisInceleController')
 7 SYSTEMPATH\CodeIgniter.php(887): class_exists('\\App\\Controllers\\SiparisInceleController', true)
 8 SYSTEMPATH\CodeIgniter.php(496): CodeIgniter\CodeIgniter->startController()
 9 SYSTEMPATH\CodeIgniter.php(355): CodeIgniter\CodeIgniter->handleRequest(null, Object(Config\Cache), false)
10 SYSTEMPATH\Boot.php(325): CodeIgniter\CodeIgniter->run()
11 SYSTEMPATH\Boot.php(67): CodeIgniter\Boot::runCodeIgniter(Object(CodeIgniter\CodeIgniter))
12 FCPATH\index.php(56): CodeIgniter\Boot::bootWeb(Object(Config\Paths))
WARNING - 2025-04-01 15:13:34 --> [DEPRECATED] Optional parameter $outerFrame declared before required parameter $fore_color is implicitly treated as a required parameter in APPPATH\Libraries\phpqrcode\qrvect.php on line 140.
 1 APPPATH\Libraries\phpqrcode\qrlib.php(37): include('C:\\xampp\\htdocs\\sarkod\\system\\Debug\\Exceptions.php')
 2 APPPATH\Controllers\SiparisInceleController.php(8): require_once('C:\\xampp\\htdocs\\sarkod\\app\\Libraries\\phpqrcode\\qrlib.php')
 3 SYSTEMPATH\Autoloader\Autoloader.php(317): include_once('C:\\xampp\\htdocs\\sarkod\\app\\Controllers\\SiparisInceleController.php')
 4 SYSTEMPATH\Autoloader\Autoloader.php(296): CodeIgniter\Autoloader\Autoloader->includeFile('C:\\xampp\\htdocs\\sarkod\\app\\Controllers\\SiparisInceleController.php')
 5 SYSTEMPATH\Autoloader\Autoloader.php(272): CodeIgniter\Autoloader\Autoloader->loadInNamespace('App\\Controllers\\SiparisInceleController')
 6 [internal function]: CodeIgniter\Autoloader\Autoloader->loadClass('App\\Controllers\\SiparisInceleController')
 7 SYSTEMPATH\CodeIgniter.php(887): class_exists('\\App\\Controllers\\SiparisInceleController', true)
 8 SYSTEMPATH\CodeIgniter.php(496): CodeIgniter\CodeIgniter->startController()
 9 SYSTEMPATH\CodeIgniter.php(355): CodeIgniter\CodeIgniter->handleRequest(null, Object(Config\Cache), false)
10 SYSTEMPATH\Boot.php(325): CodeIgniter\CodeIgniter->run()
11 SYSTEMPATH\Boot.php(67): CodeIgniter\Boot::runCodeIgniter(Object(CodeIgniter\CodeIgniter))
12 FCPATH\index.php(56): CodeIgniter\Boot::bootWeb(Object(Config\Paths))
WARNING - 2025-04-01 15:13:34 --> [DEPRECATED] Optional parameter $saveandprint declared before required parameter $fore_color is implicitly treated as a required parameter in APPPATH\Libraries\phpqrcode\qrvect.php on line 140.
 1 APPPATH\Libraries\phpqrcode\qrlib.php(37): include('C:\\xampp\\htdocs\\sarkod\\system\\Debug\\Exceptions.php')
 2 APPPATH\Controllers\SiparisInceleController.php(8): require_once('C:\\xampp\\htdocs\\sarkod\\app\\Libraries\\phpqrcode\\qrlib.php')
 3 SYSTEMPATH\Autoloader\Autoloader.php(317): include_once('C:\\xampp\\htdocs\\sarkod\\app\\Controllers\\SiparisInceleController.php')
 4 SYSTEMPATH\Autoloader\Autoloader.php(296): CodeIgniter\Autoloader\Autoloader->includeFile('C:\\xampp\\htdocs\\sarkod\\app\\Controllers\\SiparisInceleController.php')
 5 SYSTEMPATH\Autoloader\Autoloader.php(272): CodeIgniter\Autoloader\Autoloader->loadInNamespace('App\\Controllers\\SiparisInceleController')
 6 [internal function]: CodeIgniter\Autoloader\Autoloader->loadClass('App\\Controllers\\SiparisInceleController')
 7 SYSTEMPATH\CodeIgniter.php(887): class_exists('\\App\\Controllers\\SiparisInceleController', true)
 8 SYSTEMPATH\CodeIgniter.php(496): CodeIgniter\CodeIgniter->startController()
 9 SYSTEMPATH\CodeIgniter.php(355): CodeIgniter\CodeIgniter->handleRequest(null, Object(Config\Cache), false)
10 SYSTEMPATH\Boot.php(325): CodeIgniter\CodeIgniter->run()
11 SYSTEMPATH\Boot.php(67): CodeIgniter\Boot::runCodeIgniter(Object(CodeIgniter\CodeIgniter))
12 FCPATH\index.php(56): CodeIgniter\Boot::bootWeb(Object(Config\Paths))
INFO - 2025-04-01 15:13:34 --> Session: Class initialized using 'CodeIgniter\Session\Handlers\FileHandler' driver.
WARNING - 2025-04-01 15:13:34 --> [DEPRECATED] Creation of dynamic property QRencode::$cmyk is deprecated in APPPATH\Libraries\phpqrcode\qrencode.php on line 434.
 1 APPPATH\Libraries\phpqrcode\qrencode.php(285): QRencode::factory(0, 10, 4, 16777215, 0)
 2 APPPATH\Controllers\SiparisInceleController.php(42): QRcode::png('https://www.sarkod.com.tr/?siparis_id=55', null, 0, 10)
 3 SYSTEMPATH\CodeIgniter.php(933): App\Controllers\SiparisInceleController->index()
 4 SYSTEMPATH\CodeIgniter.php(509): CodeIgniter\CodeIgniter->runController(Object(App\Controllers\SiparisInceleController))
 5 SYSTEMPATH\CodeIgniter.php(355): CodeIgniter\CodeIgniter->handleRequest(null, Object(Config\Cache), false)
 6 SYSTEMPATH\Boot.php(325): CodeIgniter\CodeIgniter->run()
 7 SYSTEMPATH\Boot.php(67): CodeIgniter\Boot::runCodeIgniter(Object(CodeIgniter\CodeIgniter))
 8 FCPATH\index.php(56): CodeIgniter\Boot::bootWeb(Object(Config\Paths))
INFO - 2025-04-01 15:13:37 --> Session: Class initialized using 'CodeIgniter\Session\Handlers\FileHandler' driver.
WARNING - 2025-04-01 15:13:48 --> [DEPRECATED] Optional parameter $filename declared before required parameter $fore_color is implicitly treated as a required parameter in APPPATH\Libraries\phpqrcode\qrimage.php on line 30.
 1 APPPATH\Libraries\phpqrcode\qrlib.php(36): include('C:\\xampp\\htdocs\\sarkod\\system\\Debug\\Exceptions.php')
 2 APPPATH\Controllers\SiparisInceleController.php(8): require_once('C:\\xampp\\htdocs\\sarkod\\app\\Libraries\\phpqrcode\\qrlib.php')
 3 SYSTEMPATH\Autoloader\Autoloader.php(317): include_once('C:\\xampp\\htdocs\\sarkod\\app\\Controllers\\SiparisInceleController.php')
 4 SYSTEMPATH\Autoloader\Autoloader.php(296): CodeIgniter\Autoloader\Autoloader->includeFile('C:\\xampp\\htdocs\\sarkod\\app\\Controllers\\SiparisInceleController.php')
 5 SYSTEMPATH\Autoloader\Autoloader.php(272): CodeIgniter\Autoloader\Autoloader->loadInNamespace('App\\Controllers\\SiparisInceleController')
 6 [internal function]: CodeIgniter\Autoloader\Autoloader->loadClass('App\\Controllers\\SiparisInceleController')
 7 SYSTEMPATH\CodeIgniter.php(887): class_exists('\\App\\Controllers\\SiparisInceleController', true)
 8 SYSTEMPATH\CodeIgniter.php(496): CodeIgniter\CodeIgniter->startController()
 9 SYSTEMPATH\CodeIgniter.php(355): CodeIgniter\CodeIgniter->handleRequest(null, Object(Config\Cache), false)
10 SYSTEMPATH\Boot.php(325): CodeIgniter\CodeIgniter->run()
11 SYSTEMPATH\Boot.php(67): CodeIgniter\Boot::runCodeIgniter(Object(CodeIgniter\CodeIgniter))
12 FCPATH\index.php(56): CodeIgniter\Boot::bootWeb(Object(Config\Paths))
WARNING - 2025-04-01 15:13:48 --> [DEPRECATED] Optional parameter $pixelPerPoint declared before required parameter $fore_color is implicitly treated as a required parameter in APPPATH\Libraries\phpqrcode\qrimage.php on line 0.
 1 APPPATH\Libraries\phpqrcode\qrlib.php(36): include('C:\\xampp\\htdocs\\sarkod\\system\\Debug\\Exceptions.php')
 2 APPPATH\Controllers\SiparisInceleController.php(8): require_once('C:\\xampp\\htdocs\\sarkod\\app\\Libraries\\phpqrcode\\qrlib.php')
 3 SYSTEMPATH\Autoloader\Autoloader.php(317): include_once('C:\\xampp\\htdocs\\sarkod\\app\\Controllers\\SiparisInceleController.php')
 4 SYSTEMPATH\Autoloader\Autoloader.php(296): CodeIgniter\Autoloader\Autoloader->includeFile('C:\\xampp\\htdocs\\sarkod\\app\\Controllers\\SiparisInceleController.php')
 5 SYSTEMPATH\Autoloader\Autoloader.php(272): CodeIgniter\Autoloader\Autoloader->loadInNamespace('App\\Controllers\\SiparisInceleController')
 6 [internal function]: CodeIgniter\Autoloader\Autoloader->loadClass('App\\Controllers\\SiparisInceleController')
 7 SYSTEMPATH\CodeIgniter.php(887): class_exists('\\App\\Controllers\\SiparisInceleController', true)
 8 SYSTEMPATH\CodeIgniter.php(496): CodeIgniter\CodeIgniter->startController()
 9 SYSTEMPATH\CodeIgniter.php(355): CodeIgniter\CodeIgniter->handleRequest(null, Object(Config\Cache), false)
10 SYSTEMPATH\Boot.php(325): CodeIgniter\CodeIgniter->run()
11 SYSTEMPATH\Boot.php(67): CodeIgniter\Boot::runCodeIgniter(Object(CodeIgniter\CodeIgniter))
12 FCPATH\index.php(56): CodeIgniter\Boot::bootWeb(Object(Config\Paths))
WARNING - 2025-04-01 15:13:48 --> [DEPRECATED] Optional parameter $outerFrame declared before required parameter $fore_color is implicitly treated as a required parameter in APPPATH\Libraries\phpqrcode\qrimage.php on line 0.
 1 APPPATH\Libraries\phpqrcode\qrlib.php(36): include('C:\\xampp\\htdocs\\sarkod\\system\\Debug\\Exceptions.php')
 2 APPPATH\Controllers\SiparisInceleController.php(8): require_once('C:\\xampp\\htdocs\\sarkod\\app\\Libraries\\phpqrcode\\qrlib.php')
 3 SYSTEMPATH\Autoloader\Autoloader.php(317): include_once('C:\\xampp\\htdocs\\sarkod\\app\\Controllers\\SiparisInceleController.php')
 4 SYSTEMPATH\Autoloader\Autoloader.php(296): CodeIgniter\Autoloader\Autoloader->includeFile('C:\\xampp\\htdocs\\sarkod\\app\\Controllers\\SiparisInceleController.php')
 5 SYSTEMPATH\Autoloader\Autoloader.php(272): CodeIgniter\Autoloader\Autoloader->loadInNamespace('App\\Controllers\\SiparisInceleController')
 6 [internal function]: CodeIgniter\Autoloader\Autoloader->loadClass('App\\Controllers\\SiparisInceleController')
 7 SYSTEMPATH\CodeIgniter.php(887): class_exists('\\App\\Controllers\\SiparisInceleController', true)
 8 SYSTEMPATH\CodeIgniter.php(496): CodeIgniter\CodeIgniter->startController()
 9 SYSTEMPATH\CodeIgniter.php(355): CodeIgniter\CodeIgniter->handleRequest(null, Object(Config\Cache), false)
10 SYSTEMPATH\Boot.php(325): CodeIgniter\CodeIgniter->run()
11 SYSTEMPATH\Boot.php(67): CodeIgniter\Boot::runCodeIgniter(Object(CodeIgniter\CodeIgniter))
12 FCPATH\index.php(56): CodeIgniter\Boot::bootWeb(Object(Config\Paths))
WARNING - 2025-04-01 15:13:48 --> [DEPRECATED] Optional parameter $saveandprint declared before required parameter $fore_color is implicitly treated as a required parameter in APPPATH\Libraries\phpqrcode\qrimage.php on line 0.
 1 APPPATH\Libraries\phpqrcode\qrlib.php(36): include('C:\\xampp\\htdocs\\sarkod\\system\\Debug\\Exceptions.php')
 2 APPPATH\Controllers\SiparisInceleController.php(8): require_once('C:\\xampp\\htdocs\\sarkod\\app\\Libraries\\phpqrcode\\qrlib.php')
 3 SYSTEMPATH\Autoloader\Autoloader.php(317): include_once('C:\\xampp\\htdocs\\sarkod\\app\\Controllers\\SiparisInceleController.php')
 4 SYSTEMPATH\Autoloader\Autoloader.php(296): CodeIgniter\Autoloader\Autoloader->includeFile('C:\\xampp\\htdocs\\sarkod\\app\\Controllers\\SiparisInceleController.php')
 5 SYSTEMPATH\Autoloader\Autoloader.php(272): CodeIgniter\Autoloader\Autoloader->loadInNamespace('App\\Controllers\\SiparisInceleController')
 6 [internal function]: CodeIgniter\Autoloader\Autoloader->loadClass('App\\Controllers\\SiparisInceleController')
 7 SYSTEMPATH\CodeIgniter.php(887): class_exists('\\App\\Controllers\\SiparisInceleController', true)
 8 SYSTEMPATH\CodeIgniter.php(496): CodeIgniter\CodeIgniter->startController()
 9 SYSTEMPATH\CodeIgniter.php(355): CodeIgniter\CodeIgniter->handleRequest(null, Object(Config\Cache), false)
10 SYSTEMPATH\Boot.php(325): CodeIgniter\CodeIgniter->run()
11 SYSTEMPATH\Boot.php(67): CodeIgniter\Boot::runCodeIgniter(Object(CodeIgniter\CodeIgniter))
12 FCPATH\index.php(56): CodeIgniter\Boot::bootWeb(Object(Config\Paths))
WARNING - 2025-04-01 15:13:48 --> [DEPRECATED] Optional parameter $filename declared before required parameter $fore_color is implicitly treated as a required parameter in APPPATH\Libraries\phpqrcode\qrvect.php on line 140.
 1 APPPATH\Libraries\phpqrcode\qrlib.php(37): include('C:\\xampp\\htdocs\\sarkod\\system\\Debug\\Exceptions.php')
 2 APPPATH\Controllers\SiparisInceleController.php(8): require_once('C:\\xampp\\htdocs\\sarkod\\app\\Libraries\\phpqrcode\\qrlib.php')
 3 SYSTEMPATH\Autoloader\Autoloader.php(317): include_once('C:\\xampp\\htdocs\\sarkod\\app\\Controllers\\SiparisInceleController.php')
 4 SYSTEMPATH\Autoloader\Autoloader.php(296): CodeIgniter\Autoloader\Autoloader->includeFile('C:\\xampp\\htdocs\\sarkod\\app\\Controllers\\SiparisInceleController.php')
 5 SYSTEMPATH\Autoloader\Autoloader.php(272): CodeIgniter\Autoloader\Autoloader->loadInNamespace('App\\Controllers\\SiparisInceleController')
 6 [internal function]: CodeIgniter\Autoloader\Autoloader->loadClass('App\\Controllers\\SiparisInceleController')
 7 SYSTEMPATH\CodeIgniter.php(887): class_exists('\\App\\Controllers\\SiparisInceleController', true)
 8 SYSTEMPATH\CodeIgniter.php(496): CodeIgniter\CodeIgniter->startController()
 9 SYSTEMPATH\CodeIgniter.php(355): CodeIgniter\CodeIgniter->handleRequest(null, Object(Config\Cache), false)
10 SYSTEMPATH\Boot.php(325): CodeIgniter\CodeIgniter->run()
11 SYSTEMPATH\Boot.php(67): CodeIgniter\Boot::runCodeIgniter(Object(CodeIgniter\CodeIgniter))
12 FCPATH\index.php(56): CodeIgniter\Boot::bootWeb(Object(Config\Paths))
WARNING - 2025-04-01 15:13:48 --> [DEPRECATED] Optional parameter $pixelPerPoint declared before required parameter $fore_color is implicitly treated as a required parameter in APPPATH\Libraries\phpqrcode\qrvect.php on line 140.
 1 APPPATH\Libraries\phpqrcode\qrlib.php(37): include('C:\\xampp\\htdocs\\sarkod\\system\\Debug\\Exceptions.php')
 2 APPPATH\Controllers\SiparisInceleController.php(8): require_once('C:\\xampp\\htdocs\\sarkod\\app\\Libraries\\phpqrcode\\qrlib.php')
 3 SYSTEMPATH\Autoloader\Autoloader.php(317): include_once('C:\\xampp\\htdocs\\sarkod\\app\\Controllers\\SiparisInceleController.php')
 4 SYSTEMPATH\Autoloader\Autoloader.php(296): CodeIgniter\Autoloader\Autoloader->includeFile('C:\\xampp\\htdocs\\sarkod\\app\\Controllers\\SiparisInceleController.php')
 5 SYSTEMPATH\Autoloader\Autoloader.php(272): CodeIgniter\Autoloader\Autoloader->loadInNamespace('App\\Controllers\\SiparisInceleController')
 6 [internal function]: CodeIgniter\Autoloader\Autoloader->loadClass('App\\Controllers\\SiparisInceleController')
 7 SYSTEMPATH\CodeIgniter.php(887): class_exists('\\App\\Controllers\\SiparisInceleController', true)
 8 SYSTEMPATH\CodeIgniter.php(496): CodeIgniter\CodeIgniter->startController()
 9 SYSTEMPATH\CodeIgniter.php(355): CodeIgniter\CodeIgniter->handleRequest(null, Object(Config\Cache), false)
10 SYSTEMPATH\Boot.php(325): CodeIgniter\CodeIgniter->run()
11 SYSTEMPATH\Boot.php(67): CodeIgniter\Boot::runCodeIgniter(Object(CodeIgniter\CodeIgniter))
12 FCPATH\index.php(56): CodeIgniter\Boot::bootWeb(Object(Config\Paths))
WARNING - 2025-04-01 15:13:48 --> [DEPRECATED] Optional parameter $outerFrame declared before required parameter $fore_color is implicitly treated as a required parameter in APPPATH\Libraries\phpqrcode\qrvect.php on line 140.
 1 APPPATH\Libraries\phpqrcode\qrlib.php(37): include('C:\\xampp\\htdocs\\sarkod\\system\\Debug\\Exceptions.php')
 2 APPPATH\Controllers\SiparisInceleController.php(8): require_once('C:\\xampp\\htdocs\\sarkod\\app\\Libraries\\phpqrcode\\qrlib.php')
 3 SYSTEMPATH\Autoloader\Autoloader.php(317): include_once('C:\\xampp\\htdocs\\sarkod\\app\\Controllers\\SiparisInceleController.php')
 4 SYSTEMPATH\Autoloader\Autoloader.php(296): CodeIgniter\Autoloader\Autoloader->includeFile('C:\\xampp\\htdocs\\sarkod\\app\\Controllers\\SiparisInceleController.php')
 5 SYSTEMPATH\Autoloader\Autoloader.php(272): CodeIgniter\Autoloader\Autoloader->loadInNamespace('App\\Controllers\\SiparisInceleController')
 6 [internal function]: CodeIgniter\Autoloader\Autoloader->loadClass('App\\Controllers\\SiparisInceleController')
 7 SYSTEMPATH\CodeIgniter.php(887): class_exists('\\App\\Controllers\\SiparisInceleController', true)
 8 SYSTEMPATH\CodeIgniter.php(496): CodeIgniter\CodeIgniter->startController()
 9 SYSTEMPATH\CodeIgniter.php(355): CodeIgniter\CodeIgniter->handleRequest(null, Object(Config\Cache), false)
10 SYSTEMPATH\Boot.php(325): CodeIgniter\CodeIgniter->run()
11 SYSTEMPATH\Boot.php(67): CodeIgniter\Boot::runCodeIgniter(Object(CodeIgniter\CodeIgniter))
12 FCPATH\index.php(56): CodeIgniter\Boot::bootWeb(Object(Config\Paths))
WARNING - 2025-04-01 15:13:48 --> [DEPRECATED] Optional parameter $saveandprint declared before required parameter $fore_color is implicitly treated as a required parameter in APPPATH\Libraries\phpqrcode\qrvect.php on line 140.
 1 APPPATH\Libraries\phpqrcode\qrlib.php(37): include('C:\\xampp\\htdocs\\sarkod\\system\\Debug\\Exceptions.php')
 2 APPPATH\Controllers\SiparisInceleController.php(8): require_once('C:\\xampp\\htdocs\\sarkod\\app\\Libraries\\phpqrcode\\qrlib.php')
 3 SYSTEMPATH\Autoloader\Autoloader.php(317): include_once('C:\\xampp\\htdocs\\sarkod\\app\\Controllers\\SiparisInceleController.php')
 4 SYSTEMPATH\Autoloader\Autoloader.php(296): CodeIgniter\Autoloader\Autoloader->includeFile('C:\\xampp\\htdocs\\sarkod\\app\\Controllers\\SiparisInceleController.php')
 5 SYSTEMPATH\Autoloader\Autoloader.php(272): CodeIgniter\Autoloader\Autoloader->loadInNamespace('App\\Controllers\\SiparisInceleController')
 6 [internal function]: CodeIgniter\Autoloader\Autoloader->loadClass('App\\Controllers\\SiparisInceleController')
 7 SYSTEMPATH\CodeIgniter.php(887): class_exists('\\App\\Controllers\\SiparisInceleController', true)
 8 SYSTEMPATH\CodeIgniter.php(496): CodeIgniter\CodeIgniter->startController()
 9 SYSTEMPATH\CodeIgniter.php(355): CodeIgniter\CodeIgniter->handleRequest(null, Object(Config\Cache), false)
10 SYSTEMPATH\Boot.php(325): CodeIgniter\CodeIgniter->run()
11 SYSTEMPATH\Boot.php(67): CodeIgniter\Boot::runCodeIgniter(Object(CodeIgniter\CodeIgniter))
12 FCPATH\index.php(56): CodeIgniter\Boot::bootWeb(Object(Config\Paths))
INFO - 2025-04-01 15:13:48 --> Session: Class initialized using 'CodeIgniter\Session\Handlers\FileHandler' driver.
WARNING - 2025-04-01 15:13:48 --> [DEPRECATED] Creation of dynamic property QRencode::$cmyk is deprecated in APPPATH\Libraries\phpqrcode\qrencode.php on line 434.
 1 APPPATH\Libraries\phpqrcode\qrencode.php(285): QRencode::factory(0, 10, 4, 16777215, 0)
 2 APPPATH\Controllers\SiparisInceleController.php(42): QRcode::png('https://www.sarkod.com.tr/?siparis_id=55', null, 0, 10)
 3 SYSTEMPATH\CodeIgniter.php(933): App\Controllers\SiparisInceleController->index()
 4 SYSTEMPATH\CodeIgniter.php(509): CodeIgniter\CodeIgniter->runController(Object(App\Controllers\SiparisInceleController))
 5 SYSTEMPATH\CodeIgniter.php(355): CodeIgniter\CodeIgniter->handleRequest(null, Object(Config\Cache), false)
 6 SYSTEMPATH\Boot.php(325): CodeIgniter\CodeIgniter->run()
 7 SYSTEMPATH\Boot.php(67): CodeIgniter\Boot::runCodeIgniter(Object(CodeIgniter\CodeIgniter))
 8 FCPATH\index.php(56): CodeIgniter\Boot::bootWeb(Object(Config\Paths))
INFO - 2025-04-01 15:13:53 --> Session: Class initialized using 'CodeIgniter\Session\Handlers\FileHandler' driver.
INFO - 2025-04-01 15:14:03 --> Session: Class initialized using 'CodeIgniter\Session\Handlers\FileHandler' driver.
INFO - 2025-04-01 15:14:07 --> Session: Class initialized using 'CodeIgniter\Session\Handlers\FileHandler' driver.
INFO - 2025-04-01 15:14:29 --> Session: Class initialized using 'CodeIgniter\Session\Handlers\FileHandler' driver.
INFO - 2025-04-01 15:16:17 --> Session: Class initialized using 'CodeIgniter\Session\Handlers\FileHandler' driver.
INFO - 2025-04-01 15:16:22 --> Session: Class initialized using 'CodeIgniter\Session\Handlers\FileHandler' driver.
INFO - 2025-04-01 15:24:19 --> Session: Class initialized using 'CodeIgniter\Session\Handlers\FileHandler' driver.
INFO - 2025-04-01 15:24:20 --> Session: Class initialized using 'CodeIgniter\Session\Handlers\FileHandler' driver.
INFO - 2025-04-01 15:26:21 --> Session: Class initialized using 'CodeIgniter\Session\Handlers\FileHandler' driver.
INFO - 2025-04-01 15:26:22 --> Session: Class initialized using 'CodeIgniter\Session\Handlers\FileHandler' driver.
INFO - 2025-04-01 15:27:56 --> Session: Class initialized using 'CodeIgniter\Session\Handlers\FileHandler' driver.
INFO - 2025-04-01 15:28:01 --> Session: Class initialized using 'CodeIgniter\Session\Handlers\FileHandler' driver.
INFO - 2025-04-01 15:33:58 --> Session: Class initialized using 'CodeIgniter\Session\Handlers\FileHandler' driver.
INFO - 2025-04-01 15:34:01 --> Session: Class initialized using 'CodeIgniter\Session\Handlers\FileHandler' driver.
INFO - 2025-04-01 15:36:00 --> Session: Class initialized using 'CodeIgniter\Session\Handlers\FileHandler' driver.
INFO - 2025-04-01 15:36:18 --> Session: Class initialized using 'CodeIgniter\Session\Handlers\FileHandler' driver.
INFO - 2025-04-01 15:38:12 --> Session: Class initialized using 'CodeIgniter\Session\Handlers\FileHandler' driver.
INFO - 2025-04-01 15:38:13 --> Session: Class initialized using 'CodeIgniter\Session\Handlers\FileHandler' driver.
INFO - 2025-04-01 15:38:14 --> Session: Class initialized using 'CodeIgniter\Session\Handlers\FileHandler' driver.
INFO - 2025-04-01 15:39:07 --> Session: Class initialized using 'CodeIgniter\Session\Handlers\FileHandler' driver.
INFO - 2025-04-01 15:39:11 --> Session: Class initialized using 'CodeIgniter\Session\Handlers\FileHandler' driver.
INFO - 2025-04-01 15:39:18 --> Session: Class initialized using 'CodeIgniter\Session\Handlers\FileHandler' driver.
INFO - 2025-04-01 15:39:30 --> Session: Class initialized using 'CodeIgniter\Session\Handlers\FileHandler' driver.
INFO - 2025-04-01 15:39:31 --> Session: Class initialized using 'CodeIgniter\Session\Handlers\FileHandler' driver.
INFO - 2025-04-01 15:39:34 --> Session: Class initialized using 'CodeIgniter\Session\Handlers\FileHandler' driver.
INFO - 2025-04-01 15:39:52 --> Session: Class initialized using 'CodeIgniter\Session\Handlers\FileHandler' driver.
INFO - 2025-04-01 15:39:59 --> Session: Class initialized using 'CodeIgniter\Session\Handlers\FileHandler' driver.
INFO - 2025-04-01 15:40:00 --> Session: Class initialized using 'CodeIgniter\Session\Handlers\FileHandler' driver.
INFO - 2025-04-01 15:40:01 --> Session: Class initialized using 'CodeIgniter\Session\Handlers\FileHandler' driver.
INFO - 2025-04-01 15:51:08 --> Session: Class initialized using 'CodeIgniter\Session\Handlers\FileHandler' driver.
INFO - 2025-04-01 15:53:59 --> Session: Class initialized using 'CodeIgniter\Session\Handlers\FileHandler' driver.
INFO - 2025-04-01 15:56:42 --> Session: Class initialized using 'CodeIgniter\Session\Handlers\FileHandler' driver.
INFO - 2025-04-01 15:57:39 --> Session: Class initialized using 'CodeIgniter\Session\Handlers\FileHandler' driver.
INFO - 2025-04-01 15:57:41 --> Session: Class initialized using 'CodeIgniter\Session\Handlers\FileHandler' driver.
INFO - 2025-04-01 15:57:41 --> Session: Class initialized using 'CodeIgniter\Session\Handlers\FileHandler' driver.
INFO - 2025-04-01 15:58:16 --> Session: Class initialized using 'CodeIgniter\Session\Handlers\FileHandler' driver.
INFO - 2025-04-01 15:58:26 --> Session: Class initialized using 'CodeIgniter\Session\Handlers\FileHandler' driver.
INFO - 2025-04-01 15:58:37 --> Session: Class initialized using 'CodeIgniter\Session\Handlers\FileHandler' driver.
INFO - 2025-04-01 15:59:12 --> Session: Class initialized using 'CodeIgniter\Session\Handlers\FileHandler' driver.
INFO - 2025-04-01 16:00:22 --> Session: Class initialized using 'CodeIgniter\Session\Handlers\FileHandler' driver.
INFO - 2025-04-01 16:01:13 --> Session: Class initialized using 'CodeIgniter\Session\Handlers\FileHandler' driver.
INFO - 2025-04-01 16:01:24 --> Session: Class initialized using 'CodeIgniter\Session\Handlers\FileHandler' driver.
INFO - 2025-04-01 16:01:25 --> Session: Class initialized using 'CodeIgniter\Session\Handlers\FileHandler' driver.
INFO - 2025-04-01 16:01:33 --> Session: Class initialized using 'CodeIgniter\Session\Handlers\FileHandler' driver.
INFO - 2025-04-01 16:02:00 --> Session: Class initialized using 'CodeIgniter\Session\Handlers\FileHandler' driver.
INFO - 2025-04-01 16:02:41 --> Session: Class initialized using 'CodeIgniter\Session\Handlers\FileHandler' driver.
INFO - 2025-04-01 16:03:04 --> Session: Class initialized using 'CodeIgniter\Session\Handlers\FileHandler' driver.
INFO - 2025-04-01 16:03:41 --> Session: Class initialized using 'CodeIgniter\Session\Handlers\FileHandler' driver.
INFO - 2025-04-01 16:04:14 --> Session: Class initialized using 'CodeIgniter\Session\Handlers\FileHandler' driver.
INFO - 2025-04-01 16:04:42 --> Session: Class initialized using 'CodeIgniter\Session\Handlers\FileHandler' driver.
INFO - 2025-04-01 16:06:14 --> Session: Class initialized using 'CodeIgniter\Session\Handlers\FileHandler' driver.
INFO - 2025-04-01 16:08:24 --> Session: Class initialized using 'CodeIgniter\Session\Handlers\FileHandler' driver.
INFO - 2025-04-01 16:10:39 --> Session: Class initialized using 'CodeIgniter\Session\Handlers\FileHandler' driver.
INFO - 2025-04-01 16:25:23 --> Session: Class initialized using 'CodeIgniter\Session\Handlers\FileHandler' driver.
INFO - 2025-04-01 16:25:39 --> Session: Class initialized using 'CodeIgniter\Session\Handlers\FileHandler' driver.
INFO - 2025-04-01 16:26:02 --> Session: Class initialized using 'CodeIgniter\Session\Handlers\FileHandler' driver.
INFO - 2025-04-01 16:26:24 --> Session: Class initialized using 'CodeIgniter\Session\Handlers\FileHandler' driver.
INFO - 2025-04-01 16:26:40 --> Session: Class initialized using 'CodeIgniter\Session\Handlers\FileHandler' driver.
INFO - 2025-04-01 16:26:45 --> Session: Class initialized using 'CodeIgniter\Session\Handlers\FileHandler' driver.
